21243,0.0000,0.0000,0.0
21243,0.0000,0.0000,0.0
21243,0.0000,0.0000,0.0
21243,0.0000,0.0000,0.0
21243,0.0000,0.0000,0.0
21243,0.0000,0.0000,0.0
21243,0.0000,0.0000,0.0
21243,0.0000,0.0000,0.0
21243,0.0000,0.0000,0.0
21243,0.0000,0.0000,0.0
21243,0.0000,0.0000,0.0
21243,0.0000,0.0000,0.0
21243,0.0000,0.0000,0.0
21243,0.0000,0.0000,0.0
21243,0.0000,0.0000,0.0
21243,0.0000,0.0000,0.0
21243,0.0000,0.0000,0.0
21243,0.0000,0.0000,0.0
21243,0.0000,0.0000,0.0
21243,0.0000,0.0000,0.0
21243,0.0000,0.0000,0.0
21243,0.0000,0.0000,0.0
21243,0.0000,0.0000,0.0
21243,0.0000,0.0000,0.0
21243,0.0000,0.0000,0.0
21243,0.0000,0.0000,0.0
21243,0.0000,0.0000,0.0
21243,0.0000,0.0000,0.0
21243,0.0000,0.0000,0.0
21243,0.0000,0.0000,0.0
21243,0.0000,0.0000,0.0
21243,0.0000,0.0000,0.0
21243,0.0000,0.0000,0.0
21243,0.0000,0.0000,0.0
21243,0.0000,0.0000,0.0
21243,0.0000,0.0000,0.0
21243,0.0000,0.0000,0.0
21243,0.0000,0.0000,0.0
21243,0.0000,0.0000,0.0
21243,0.0000,0.0000,0.0
21243,0.0000,0.0000,0.0
21243,0.0000,0.0000,0.0
21243,0.0000,0.0000,0.0
21243,0.0000,0.0000,0.0
21243,0.0000,0.0000,0.0
21243,0.0000,0.0000,0.0
21243,0.0000,0.0000,0.0
21243,0.0000,0.0000,0.0
21243,0.0000,0.0000,0.0
21243,0.0000,0.0000,0.0
21243,0.0000,0.0000,0.0
21243,0.0000,0.0000,0.0
21243,0.0000,0.0000,0.0
21243,0.0000,0.0000,0.0
21243,0.0000,0.0000,0.0
21243,0.0000,0.0000,0.0
21243,0.0000,0.0000,0.0
21243,0.0000,0.0000,0.0
21243,0.0000,0.0000,0.0
21243,0.0000,0.0000,0.0
21243,0.0000,0.0000,0.0
21243,0.0000,0.0000,0.0
21243,0.0000,0.0000,0.0
21243,0.0000,0.0000,0.0
21243,0.0000,0.0000,0.0
21243,0.0000,0.0000,0.0
21243,0.0000,0.0000,0.0
21243,0.0000,0.0000,0.0
21243,0.0000,0.0000,0.0
21243,0.0000,0.0000,0.0
21243,0.0000,0.0000,0.0
21243,0.0000,0.0000,0.0
21243,0.0000,0.0000,0.0
21243,0.0000,0.0000,0.0
21243,0.0000,0.0000,0.0
21243,0.0000,0.0000,0.0
21243,0.0000,0.0000,0.0
21243,0.0000,0.0000,0.0
21243,0.0000,0.0000,0.0
21243,0.0000,0.0000,0.0
21243,0.0000,0.0000,0.0
21243,0.0000,0.0000,0.0
21243,0.0000,0.0000,0.0
21243,0.0000,0.0000,0.0
21243,0.0000,0.0000,0.0
21243,0.0000,0.0000,0.0
21243,0.0000,0.0000,0.0
21243,0.0000,0.0000,0.0
21243,0.0000,0.0000,0.0
21243,0.0000,0.0000,0.0
21243,0.0000,0.0000,0.0
21243,0.0000,0.0000,0.0
21243,0.0000,0.0000,0.0
21243,0.0000,0.0000,0.0
21243,0.0000,0.0000,0.0
21243,0.0000,0.0000,0.0
21243,0.0000,0.0000,0.0
21243,0.0000,0.0000,0.0
21243,0.0000,0.0000,0.0
21243,0.0000,0.0000,0.0
21243,0.0000,0.0000,0.0
21243,0.0000,0.0000,0.0
21243,0.0000,0.0000,0.0
21243,0.0000,0.0000,0.0
21243,0.0000,0.0000,0.0
21243,0.0000,0.0000,0.0
21243,0.0000,0.0000,0.0
21243,0.0000,0.0000,0.0
21243,0.0000,0.0000,0.0
21243,0.0000,0.0000,0.0
21243,0.0000,0.0000,0.0
21243,0.0000,0.0000,0.0
21243,0.0000,0.0000,0.0
21243,0.0000,0.0000,0.0
21243,0.0000,0.0000,0.0
21243,0.0000,0.0000,0.0
21243,0.0000,0.0000,0.0
21243,0.0000,0.0000,0.0
21243,0.0000,0.0000,0.0
21243,0.0000,0.0000,0.0
21243,0.0000,0.0000,0.0
21243,0.0000,0.0000,0.0
21243,0.0000,0.0000,0.0
21243,0.0000,0.0000,0.0
21243,0.0000,0.0000,0.0
21243,0.0000,0.0000,0.0
21243,0.0000,0.0000,0.0
21243,0.0000,0.0000,0.0
21243,0.0000,0.0000,0.0
21243,0.0000,0.0000,0.0
21243,0.0000,0.0000,0.0
21243,0.0000,0.0000,0.0
21243,0.0000,0.0000,0.0
21243,0.0000,0.0000,0.0
21243,0.0000,0.0000,0.0
21243,0.0000,0.0000,0.0
21243,0.0000,0.0000,0.0
21243,0.0000,0.0000,0.0
21243,0.0000,0.0000,0.0
21243,0.0000,0.0000,0.0
21243,0.0000,0.0000,0.0
21243,0.0000,0.0000,0.0
21243,0.0000,0.0000,0.0
21243,0.0000,0.0000,0.0
21243,0.0000,0.0000,0.0
21243,0.0000,0.0000,0.0
21243,0.0000,0.0000,0.0
21243,0.0000,0.0000,0.0
21243,0.0000,0.0000,0.0
21243,0.0000,0.0000,0.0
21243,0.0000,0.0000,0.0
21243,0.0000,0.0000,0.0
21243,0.0000,0.0000,0.0
21243,0.0000,0.0000,0.0
21243,0.0000,0.0000,0.0
21243,0.0000,0.0000,0.0
21243,0.0000,0.0000,0.0
21243,0.0000,0.0000,0.0
21243,0.0000,0.0000,0.0
21243,0.0000,0.0000,0.0
21243,0.0000,0.0000,0.0
21243,0.0000,0.0000,0.0
21243,0.0000,0.0000,0.0
21243,0.0000,0.0000,0.0
21243,0.0000,0.0000,0.0
21243,0.0000,0.0000,0.0
21243,0.0000,0.0000,0.0
21243,0.0000,0.0000,0.0
21243,0.0000,0.0000,0.0
21243,0.0000,0.0000,0.0
21243,0.0000,0.0000,0.0
21243,0.0000,0.0000,0.0
21243,0.0000,0.0000,0.0
21243,0.0000,0.0000,0.0
21243,0.0000,0.0000,0.0
21243,0.0000,0.0000,0.0
21243,0.0000,0.0000,0.0
21243,0.0000,0.0000,0.0
21243,0.0000,0.0000,0.0
21243,0.0000,0.0000,0.0
21243,0.0000,0.0000,0.0
21243,0.0000,0.0000,0.0
21243,0.0000,0.0000,0.0
21243,0.0000,0.0000,0.0
21243,0.0000,0.0000,0.0
21243,0.0000,0.0000,0.0
21243,0.0000,0.0000,0.0
21243,0.0000,0.0000,0.0
21243,0.0000,0.0000,0.0
21243,0.0000,0.0000,0.0
21243,0.0000,0.0000,0.0
21243,0.0000,0.0000,0.0
21243,0.0000,0.0000,0.0
21243,0.0000,0.0000,0.0
21243,0.0000,0.0000,0.0
21243,0.0000,0.0000,0.0
21243,0.0000,0.0000,0.0
21243,0.0000,0.0000,0.0
21243,0.0000,0.0000,0.0
21243,0.0000,0.0000,0.0
21243,0.0000,0.0000,0.0
21243,0.0000,0.0000,0.0
21243,0.0000,0.0000,0.0
21243,0.0000,0.0000,0.0
21243,0.0000,0.0000,0.0
21243,0.0000,0.0000,0.0
21243,0.0000,0.0000,0.0
21243,0.0000,0.0000,0.0
21243,0.0000,0.0000,0.0
21243,0.0000,0.0000,0.0
21243,0.0000,0.0000,0.0
21243,0.0000,0.0000,0.0
21243,0.0000,0.0000,0.0
21243,0.0000,0.0000,0.0
21243,0.0000,0.0000,0.0
21243,0.0000,0.0000,0.0
21243,0.0000,0.0000,0.0
21243,0.0000,0.0000,0.0
21243,0.0000,0.0000,0.0
21243,0.0000,0.0000,0.0
21243,0.0000,0.0000,0.0
21243,0.0000,0.0000,0.0
21243,0.0000,0.0000,0.0
21243,0.0000,0.0000,0.0
21243,0.0000,0.0000,0.0
21243,0.0000,0.0000,0.0
21243,0.0000,0.0000,0.0
21243,0.0000,0.0000,0.0
21243,0.0000,0.0000,0.0
21243,0.0000,0.0000,0.0
21243,0.0000,0.0000,0.0
21243,0.0000,0.0000,0.0
21243,0.0000,0.0000,0.0
21243,0.0000,0.0000,0.0
21243,0.0000,0.0000,0.0
21243,0.0000,0.0000,0.0
21243,0.0000,0.0000,0.0
21243,0.0000,0.0000,0.0
21243,0.0000,0.0000,0.0
21243,0.0000,0.0000,0.0
21243,0.0000,0.0000,0.0
21243,0.0000,0.0000,0.0
21243,0.0000,0.0000,0.0
21243,0.0000,0.0000,0.0
21243,0.0000,0.0000,0.0
21243,0.0000,0.0000,0.0
21243,0.0000,0.0000,0.0
21243,0.0000,0.0000,0.0
21243,0.0000,0.0000,0.0
21243,0.0000,0.0000,0.0
21243,0.0000,0.0000,0.0
21243,0.0000,0.0000,0.0
21243,0.0000,0.0000,0.0
21243,0.0000,0.0000,0.0
21243,0.0000,0.0000,0.0
21243,0.0000,0.0000,0.0
21243,0.0000,0.0000,0.0
21243,0.0000,0.0000,0.0
21243,0.0000,0.0000,0.0
21243,0.0000,0.0000,0.0
21243,0.0000,0.0000,0.0
21243,0.0000,0.0000,0.0
21243,0.0000,0.0000,0.0
21243,0.0000,0.0000,0.0
21243,0.0000,0.0000,0.0
21243,0.0000,0.0000,0.0
21243,0.0000,0.0000,0.0
21243,0.0000,0.0000,0.0
21243,0.0000,0.0000,0.0
21243,0.0000,0.0000,0.0
21243,0.0000,0.0000,0.0
21243,0.0000,0.0000,0.0
21243,0.0000,0.0000,0.0
21243,0.0000,0.0000,0.0
21243,0.0000,0.0000,0.0
21243,0.0000,0.0000,0.0
21243,0.0000,0.0000,0.0
21243,0.0000,0.0000,0.0
21243,0.0000,0.0000,0.0
21243,0.0000,0.0000,0.0
21243,0.0000,0.0000,0.0
21243,0.0000,0.0000,0.0
21243,0.0000,0.0000,0.0
21243,0.0000,0.0000,0.0
21243,0.0000,0.0000,0.0
21243,0.0000,0.0000,0.0
21243,0.0000,0.0000,0.0
21243,0.0000,0.0000,0.0
21243,0.0000,0.0000,0.0
21243,0.0000,0.0000,0.0
21243,0.0000,0.0000,0.0
21243,0.0000,0.0000,0.0
21243,0.0000,0.0000,0.0
21243,0.0000,0.0000,0.0
21243,0.0000,0.0000,0.0
21243,0.0000,0.0000,0.0
21243,0.0000,0.0000,0.0
21243,0.0000,0.0000,0.0
21243,0.0000,0.0000,0.0
21243,0.0000,0.0000,0.0
21243,0.0000,0.0000,0.0
21243,0.0000,0.0000,0.0
21243,0.0000,0.0000,0.0
21243,0.0000,0.0000,0.0
21243,0.0000,0.0000,0.0
21243,0.0000,0.0000,0.0
21243,0.0000,0.0000,0.0
21243,0.0000,0.0000,0.0
21243,0.0000,0.0000,0.0
21243,0.0000,0.0000,0.0
21243,0.0000,0.0000,0.0
21243,0.0000,0.0000,0.0
21243,0.0000,0.0000,0.0
21243,0.0000,0.0000,0.0
21243,0.0000,0.0000,0.0
21243,0.0000,0.0000,0.0
21243,0.0000,0.0000,0.0
21243,0.0000,0.0000,0.0
21243,0.0000,0.0000,0.0
21243,0.0000,0.0000,0.0
21243,0.0000,0.0000,0.0
21243,0.0000,0.0000,0.0
21243,0.0000,0.0000,0.0
21243,0.0000,0.0000,0.0
21243,0.0000,0.0000,0.0
21243,0.0000,0.0000,0.0
21243,0.0000,0.0000,0.0
21243,0.0000,0.0000,0.0
21243,0.0000,0.0000,0.0
21243,0.0000,0.0000,0.0
21243,0.0000,0.0000,0.0
21243,0.0000,0.0000,0.0
21243,0.0000,0.0000,0.0
21243,0.0000,0.0000,0.0
21243,0.0000,0.0000,0.0
21243,0.0000,0.0000,0.0
21243,0.0000,0.0000,0.0
21243,0.0000,0.0000,0.0
21243,0.0000,0.0000,0.0
21243,0.0000,0.0000,0.0
21243,0.0000,0.0000,0.0
21243,0.0000,0.0000,0.0
21243,0.0000,0.0000,0.0
21243,0.0000,0.0000,0.0
21243,0.0000,0.0000,0.0
21243,0.0000,0.0000,0.0
21243,0.0000,0.0000,0.0
21243,0.0000,0.0000,0.0
21243,0.0000,0.0000,0.0
21243,0.0000,0.0000,0.0
21243,0.0000,0.0000,0.0
21243,0.0000,0.0000,0.0
21243,0.0000,0.0000,0.0
21243,0.0000,0.0000,0.0
21243,0.0000,0.0000,0.0
21243,0.0000,0.0000,0.0
21243,0.0000,0.0000,0.0
21243,0.0000,0.0000,0.0
21243,0.0000,0.0000,0.0
21243,0.0000,0.0000,0.0
21243,0.0000,0.0000,0.0
21243,0.0000,0.0000,0.0
21243,0.0000,0.0000,0.0
21243,0.0000,0.0000,0.0
21243,0.0000,0.0000,0.0
21243,0.0000,0.0000,0.0
21243,0.0000,0.0000,0.0
21243,0.0000,0.0000,0.0
21243,0.0000,0.0000,0.0
21243,0.0000,0.0000,0.0
21243,0.0000,0.0000,0.0
21243,0.0000,0.0000,0.0
21243,0.0000,0.0000,0.0
21243,0.0000,0.0000,0.0
21243,0.0000,0.0000,0.0
21243,0.0000,0.0000,0.0
21243,0.0000,0.0000,0.0
21243,0.0000,0.0000,0.0
21243,0.0000,0.0000,0.0
21243,0.0000,0.0000,0.0
21243,0.0000,0.0000,0.0
21243,0.0000,0.0000,0.0
21243,0.0000,0.0000,0.0
21243,0.0000,0.0000,0.0
21243,0.0000,0.0000,0.0
21243,0.0000,0.0000,0.0
21243,0.0000,0.0000,0.0
21243,0.0000,0.0000,0.0
21243,0.0000,0.0000,0.0
21243,0.0000,0.0000,0.0
21243,0.0000,0.0000,0.0
21243,0.0000,0.0000,0.0
21243,0.0000,0.0000,0.0
21243,0.0000,0.0000,0.0
21243,0.0000,0.0000,0.0
21243,0.0000,0.0000,0.0
21243,0.0000,0.0000,0.0
21243,0.0000,0.0000,0.0
21243,0.0000,0.0000,0.0
21243,0.0000,0.0000,0.0
21243,0.0000,0.0000,0.0
21243,0.0000,0.0000,0.0
21243,0.0000,0.0000,0.0
21243,0.0000,0.0000,0.0
21243,0.0000,0.0000,0.0
21243,0.0000,0.0000,0.0
21243,0.0000,0.0000,0.0
21243,0.0000,0.0000,0.0
21243,0.0000,0.0000,0.0
21243,0.0000,0.0000,0.0
21243,0.0000,0.0000,0.0
21243,0.0000,0.0000,0.0
21243,0.0000,0.0000,0.0
21243,0.0000,0.0000,0.0
21243,0.0000,0.0000,0.0
21243,0.0000,0.0000,0.0
21243,0.0000,0.0000,0.0
21243,0.0000,0.0000,0.0
21243,0.0000,0.0000,0.0
21243,0.0000,0.0000,0.0
21243,0.0000,0.0000,0.0
21243,0.0000,0.0000,0.0
21243,0.0000,0.0000,0.0
21243,0.0000,0.0000,0.0
21243,0.0000,0.0000,0.0
21243,0.0000,0.0000,0.0
21243,0.0000,0.0000,0.0
21243,0.0000,0.0000,0.0
21243,0.0000,0.0000,0.0
21243,0.0000,0.0000,0.0
21243,0.0000,0.0000,0.0
21243,0.0000,0.0000,0.0
21243,0.0000,0.0000,0.0
21243,0.0000,0.0000,0.0
21243,0.0000,0.0000,0.0
21243,0.0000,0.0000,0.0
21243,0.0000,0.0000,0.0
21243,0.0000,0.0000,0.0
21243,0.0000,0.0000,0.0
21243,0.0000,0.0000,0.0
21243,0.0000,0.0000,0.0
21243,0.0000,0.0000,0.0
21243,0.0000,0.0000,0.0
21243,0.0000,0.0000,0.0
21243,0.0000,0.0000,0.0
21243,0.0000,0.0000,0.0
21243,0.0000,0.0000,0.0
21243,0.0000,0.0000,0.0
21243,0.0000,0.0000,0.0
21243,0.0000,0.0000,0.0
21243,0.0000,0.0000,0.0
21243,0.0000,0.0000,0.0
21243,0.0000,0.0000,0.0
21243,0.0000,0.0000,0.0
21243,0.0000,0.0000,0.0
21243,0.0000,0.0000,0.0
21243,0.0000,0.0000,0.0
21243,0.0000,0.0000,0.0
21243,0.0000,0.0000,0.0
21243,0.0000,0.0000,0.0
21243,0.0000,0.0000,0.0
21243,0.0000,0.0000,0.0
21243,0.0000,0.0000,0.0
21243,0.0000,0.0000,0.0
21243,0.0000,0.0000,0.0
21243,0.0000,0.0000,0.0
21243,0.0000,0.0000,0.0
21243,0.0000,0.0000,0.0
21243,0.0000,0.0000,0.0
21243,0.0000,0.0000,0.0
21243,0.0000,0.0000,0.0
21243,0.0000,0.0000,0.0
21243,0.0000,0.0000,0.0
21243,0.0000,0.0000,0.0
21243,0.0000,0.0000,0.0
21243,0.0000,0.0000,0.0
21243,0.0000,0.0000,0.0
21243,0.0000,0.0000,0.0
21243,0.0000,0.0000,0.0
21243,0.0000,0.0000,0.0
21243,0.0000,0.0000,0.0
21243,0.0000,0.0000,0.0
21243,0.0000,0.0000,0.0
21243,0.0000,0.0000,0.0
21243,0.0000,0.0000,0.0
21243,0.0000,0.0000,0.0
21243,0.0000,0.0000,0.0
21243,0.0000,0.0000,0.0
21243,0.0000,0.0000,0.0
21243,0.0000,0.0000,0.0
21243,0.0000,0.0000,0.0
21243,0.0000,0.0000,0.0
21243,0.0000,0.0000,0.0
21243,0.0000,0.0000,0.0
21243,0.0000,0.0000,0.0
21243,0.0000,0.0000,0.0
21243,0.0000,0.0000,0.0
21243,0.0000,0.0000,0.0
21243,0.0000,0.0000,0.0
21243,0.0000,0.0000,0.0
21243,0.0000,0.0000,0.0
21243,0.0000,0.0000,0.0
21243,0.0000,0.0000,0.0
21243,0.0000,0.0000,0.0
21243,0.0000,0.0000,0.0
21243,0.0000,0.0000,0.0
21243,0.0000,0.0000,0.0
21243,0.0000,0.0000,0.0
21243,0.0000,0.0000,0.0
21243,0.0000,0.0000,0.0
21243,0.0000,0.0000,0.0
21243,0.0000,0.0000,0.0
21243,0.0000,0.0000,0.0
21243,0.0000,0.0000,0.0
21243,0.0000,0.0000,0.0
21243,0.0000,0.0000,0.0
21243,0.0000,0.0000,0.0
21243,0.0000,0.0000,0.0
21243,0.0000,0.0000,0.0
21243,0.0000,0.0000,0.0
21243,0.0000,0.0000,0.0
21243,0.0000,0.0000,0.0
21243,0.0000,0.0000,0.0
21243,0.0000,0.0000,0.0
21243,0.0000,0.0000,0.0
21243,0.0000,0.0000,0.0
21243,0.0000,0.0000,0.0
21243,0.0000,0.0000,0.0
21243,0.0000,0.0000,0.0
21243,0.0000,0.0000,0.0
21243,0.0000,0.0000,0.0
21243,0.0000,0.0000,0.0
21243,0.0000,0.0000,0.0
21243,0.0000,0.0000,0.0
21243,0.0000,0.0000,0.0
21243,0.0000,0.0000,0.0
21243,0.0000,0.0000,0.0
21243,0.0000,0.0000,0.0
21243,0.0000,0.0000,0.0
21243,0.0000,0.0000,0.0
21243,0.0000,0.0000,0.0
21243,0.0000,0.0000,0.0
21243,0.0000,0.0000,0.0
21243,0.0000,0.0000,0.0
21243,0.0000,0.0000,0.0
21243,0.0000,0.0000,0.0
21243,0.0000,0.0000,0.0
21243,0.0000,0.0000,0.0
21243,0.0000,0.0000,0.0
21243,0.0000,0.0000,0.0
21243,0.0000,0.0000,0.0
21243,0.0000,0.0000,0.0
21243,0.0000,0.0000,0.0
21243,0.0000,0.0000,0.0
21243,0.0000,0.0000,0.0
21243,0.0000,0.0000,0.0
21243,0.0000,0.0000,0.0
21243,0.0000,0.0000,0.0
21243,0.0000,0.0000,0.0
21243,0.0000,0.0000,0.0
21243,0.0000,0.0000,0.0
21243,0.0000,0.0000,0.0
21243,0.0000,0.0000,0.0
21243,0.0000,0.0000,0.0
21243,0.0000,0.0000,0.0
21243,0.0000,0.0000,0.0
21243,0.0000,0.0000,0.0
21243,0.0000,0.0000,0.0
21243,0.0000,0.0000,0.0
21243,0.0000,0.0000,0.0
21243,0.0000,0.0000,0.0
21243,0.0000,0.0000,0.0
21243,0.0000,0.0000,0.0
21243,0.0000,0.0000,0.0
21243,0.0000,0.0000,0.0
21243,0.0000,0.0000,0.0
21243,0.0000,0.0000,0.0
21243,0.0000,0.0000,0.0
21243,0.0000,0.0000,0.0
21243,0.0000,0.0000,0.0
21243,0.0000,0.0000,0.0
21243,0.0000,0.0000,0.0
21243,0.0000,0.0000,0.0
21243,0.0000,0.0000,0.0
21243,0.0000,0.0000,0.0
21243,0.0000,0.0000,0.0
21243,0.0000,0.0000,0.0
21243,0.0000,0.0000,0.0
21243,0.0000,0.0000,0.0
21243,0.0000,0.0000,0.0
21243,0.0000,0.0000,0.0
21243,0.0000,0.0000,0.0
21243,0.0000,0.0000,0.0
21243,0.0000,0.0000,0.0
21243,0.0000,0.0000,0.0
21243,0.0000,0.0000,0.0
21243,0.0000,0.0000,0.0
21243,0.0000,0.0000,0.0
21243,0.0000,0.0000,0.0
21243,0.0000,0.0000,0.0
21243,0.0000,0.0000,0.0
21243,0.0000,0.0000,0.0
21243,0.0000,0.0000,0.0
21243,0.0000,0.0000,0.0
21243,0.0000,0.0000,0.0
21243,0.0000,0.0000,0.0
21243,0.0000,0.0000,0.0
21243,0.0000,0.0000,0.0
21243,0.0000,0.0000,0.0
21243,0.0000,0.0000,0.0
21243,0.0000,0.0000,0.0
21243,0.0000,0.0000,0.0
21243,0.0000,0.0000,0.0
21243,0.0000,0.0000,0.0
21243,0.0000,0.0000,0.0
21243,0.0000,0.0000,0.0
21243,0.0000,0.0000,0.0
21243,0.0000,0.0000,0.0
21243,0.0000,0.0000,0.0
21243,0.0000,0.0000,0.0
21243,0.0000,0.0000,0.0
21243,0.0000,0.0000,0.0
21243,0.0000,0.0000,0.0
21243,0.0000,0.0000,0.0
21243,0.0000,0.0000,0.0
21243,0.0000,0.0000,0.0
21243,0.0000,0.0000,0.0
21243,0.0000,0.0000,0.0
21243,0.0000,0.0000,0.0
21243,0.0000,0.0000,0.0
21243,0.0000,0.0000,0.0
21243,0.0000,0.0000,0.0
21243,0.0000,0.0000,0.0
21243,0.0000,0.0000,0.0
21243,0.0000,0.0000,0.0
21243,0.0000,0.0000,0.0
21243,0.0000,0.0000,0.0
21243,0.0000,0.0000,0.0
21243,0.0000,0.0000,0.0
21243,0.0000,0.0000,0.0
21243,0.0000,0.0000,0.0
21243,0.0000,0.0000,0.0
21243,0.0000,0.0000,0.0
21243,0.0000,0.0000,0.0
21243,0.0000,0.0000,0.0
21243,0.0000,0.0000,0.0
21243,0.0000,0.0000,0.0
21243,0.0000,0.0000,0.0
21243,0.0000,0.0000,0.0
21243,0.0000,0.0000,0.0
21243,0.0000,0.0000,0.0
21243,0.0000,0.0000,0.0
21243,0.0000,0.0000,0.0
21243,0.0000,0.0000,0.0
21243,0.0000,0.0000,0.0
21243,0.0000,0.0000,0.0
21243,0.0000,0.0000,0.0
21243,0.0000,0.0000,0.0
21243,0.0000,0.0000,0.0
21243,0.0000,0.0000,0.0
21243,0.0000,0.0000,0.0
21243,0.0000,0.0000,0.0
21243,0.0000,0.0000,0.0
21243,0.0000,0.0000,0.0
21243,0.0000,0.0000,0.0
21243,0.0000,0.0000,0.0
21243,0.0000,0.0000,0.0
21243,0.0000,0.0000,0.0
21243,0.0000,0.0000,0.0
21243,0.0000,0.0000,0.0
21243,0.0000,0.0000,0.0
21243,0.0000,0.0000,0.0
21243,0.0000,0.0000,0.0
21243,0.0000,0.0000,0.0
21243,0.0000,0.0000,0.0
21243,0.0000,0.0000,0.0
21243,0.0000,0.0000,0.0
21243,0.0000,0.0000,0.0
21243,0.0000,0.0000,0.0
21243,0.0000,0.0000,0.0
21243,0.0000,0.0000,0.0
21243,0.0000,0.0000,0.0
21243,0.0000,0.0000,0.0
21243,0.0000,0.0000,0.0
21243,0.0000,0.0000,0.0
21243,0.0000,0.0000,0.0
21243,0.0000,0.0000,0.0
21243,0.0000,0.0000,0.0
21243,0.0000,0.0000,0.0
21243,0.0000,0.0000,0.0
21243,0.0000,0.0000,0.0
21243,0.0000,0.0000,0.0
21243,0.0000,0.0000,0.0
21243,0.0000,0.0000,0.0
21243,0.0000,0.0000,0.0
21243,0.0000,0.0000,0.0
21243,0.0000,0.0000,0.0
21243,0.0000,0.0000,0.0
21243,0.0000,0.0000,0.0
21243,0.0000,0.0000,0.0
21243,0.0000,0.0000,0.0
21243,0.0000,0.0000,0.0
21243,0.0000,0.0000,0.0
21243,0.0000,0.0000,0.0
21243,0.0000,0.0000,0.0
21243,0.0000,0.0000,0.0
21243,0.0000,0.0000,0.0
21243,0.0000,0.0000,0.0
21243,0.0000,0.0000,0.0
21243,0.0000,0.0000,0.0
21243,0.0000,0.0000,0.0
21243,0.0000,0.0000,0.0
21243,0.0000,0.0000,0.0
21243,0.0000,0.0000,0.0
21243,0.0000,0.0000,0.0
21243,0.0000,0.0000,0.0
21243,0.0000,0.0000,0.0
21243,0.0000,0.0000,0.0
21243,0.0000,0.0000,0.0
21243,0.0000,0.0000,0.0
21243,0.0000,0.0000,0.0
21243,0.0000,0.0000,0.0
21243,0.0000,0.0000,0.0
21243,0.0000,0.0000,0.0
21243,0.0000,0.0000,0.0
21243,0.0000,0.0000,0.0
21243,0.0000,0.0000,0.0
21243,0.0000,0.0000,0.0
21243,0.0000,0.0000,0.0
21243,0.0000,0.0000,0.0
21243,0.0000,0.0000,0.0
21243,0.0000,0.0000,0.0
21243,0.0000,0.0000,0.0
21243,0.0000,0.0000,0.0
21243,0.0000,0.0000,0.0
21243,0.0000,0.0000,0.0
21243,0.0000,0.0000,0.0
21243,0.0000,0.0000,0.0
21243,0.0000,0.0000,0.0
21243,0.0000,0.0000,0.0
21243,0.0000,0.0000,0.0
21243,0.0000,0.0000,0.0
21243,0.0000,0.0000,0.0
21243,0.0000,0.0000,0.0
21243,0.0000,0.0000,0.0
21243,0.0000,0.0000,0.0
21243,0.0000,0.0000,0.0
21243,0.0000,0.0000,0.0
21243,0.0000,0.0000,0.0
21243,0.0000,0.0000,0.0
21243,0.0000,0.0000,0.0
21243,0.0000,0.0000,0.0
21243,0.0000,0.0000,0.0
21243,0.0000,0.0000,0.0
21243,0.0000,0.0000,0.0
21243,0.0000,0.0000,0.0
21243,0.0000,0.0000,0.0
21243,0.0000,0.0000,0.0
21243,0.0000,0.0000,0.0
21243,0.0000,0.0000,0.0
21243,0.0000,0.0000,0.0
21243,0.0000,0.0000,0.0
21243,0.0000,0.0000,0.0
21243,0.0000,0.0000,0.0
21243,0.0000,0.0000,0.0
21243,0.0000,0.0000,0.0
21243,0.0000,0.0000,0.0
21243,0.0000,0.0000,0.0
21243,0.0000,0.0000,0.0
21243,0.0000,0.0000,0.0
21243,0.0000,0.0000,0.0
21243,0.0000,0.0000,0.0
21243,0.0000,0.0000,0.0
21243,0.0000,0.0000,0.0
21243,0.0000,0.0000,0.0
21243,0.0000,0.0000,0.0
21243,0.0000,0.0000,0.0
21243,0.0000,0.0000,0.0
21243,0.0000,0.0000,0.0
21243,0.0000,0.0000,0.0
21243,0.0000,0.0000,0.0
21243,0.0000,0.0000,0.0
21243,0.0000,0.0000,0.0
21243,0.0000,0.0000,0.0
21243,0.0000,0.0000,0.0
21243,0.0000,0.0000,0.0
21243,0.0000,0.0000,0.0
21243,0.0000,0.0000,0.0
21243,0.0000,0.0000,0.0
21243,0.0000,0.0000,0.0
21243,0.0000,0.0000,0.0
21243,0.0000,0.0000,0.0
21243,0.0000,0.0000,0.0
21243,0.0000,0.0000,0.0
21243,0.0000,0.0000,0.0
21243,0.0000,0.0000,0.0
21243,0.0000,0.0000,0.0
21243,0.0000,0.0000,0.0
21243,0.0000,0.0000,0.0
21243,0.0000,0.0000,0.0
21243,0.0000,0.0000,0.0
21243,0.0000,0.0000,0.0
21243,0.0000,0.0000,0.0
21243,0.0000,0.0000,0.0
21243,0.0000,0.0000,0.0
21243,0.0000,0.0000,0.0
21243,0.0000,0.0000,0.0
21243,0.0000,0.0000,0.0
21243,0.0000,0.0000,0.0
21243,0.0000,0.0000,0.0
21243,0.0000,0.0000,0.0
21243,0.0000,0.0000,0.0
21243,0.0000,0.0000,0.0
21243,0.0000,0.0000,0.0
21243,0.0000,0.0000,0.0
21243,0.0000,0.0000,0.0
21243,0.0000,0.0000,0.0
21243,0.0000,0.0000,0.0
21243,0.0000,0.0000,0.0
21243,0.0000,0.0000,0.0
21243,0.0000,0.0000,0.0
21243,0.0000,0.0000,0.0
21243,0.0000,0.0000,0.0
21243,0.0000,0.0000,0.0
21243,0.0000,0.0000,0.0
21243,0.0000,0.0000,0.0
21243,0.0000,0.0000,0.0
21243,0.0000,0.0000,0.0
21243,0.0000,0.0000,0.0
21243,0.0000,0.0000,0.0
21243,0.0000,0.0000,0.0
21243,0.0000,0.0000,0.0
21243,0.0000,0.0000,0.0
21243,0.0000,0.0000,0.0
21243,0.0000,0.0000,0.0
21243,0.0000,0.0000,0.0
21243,0.0000,0.0000,0.0
21243,0.0000,0.0000,0.0
21243,0.0000,0.0000,0.0
21243,0.0000,0.0000,0.0
21243,0.0000,0.0000,0.0
21243,0.0000,0.0000,0.0
21243,0.0000,0.0000,0.0
21243,0.0000,0.0000,0.0
21243,0.0000,0.0000,0.0
21243,0.0000,0.0000,0.0
21243,0.0000,0.0000,0.0
21243,0.0000,0.0000,0.0
21243,0.0000,0.0000,0.0
21243,0.0000,0.0000,0.0
21243,0.0000,0.0000,0.0
21243,0.0000,0.0000,0.0
21243,0.0000,0.0000,0.0
21243,0.0000,0.0000,0.0
21243,0.0000,0.0000,0.0
21243,0.0000,0.0000,0.0
21243,0.0000,0.0000,0.0
21243,0.0000,0.0000,0.0
21243,0.0000,0.0000,0.0
21243,0.0000,0.0000,0.0
21243,0.0000,0.0000,0.0
21243,0.0000,0.0000,0.0
21243,0.0000,0.0000,0.0
21243,0.0000,0.0000,0.0
21243,0.0000,0.0000,0.0
21243,0.0000,0.0000,0.0
21243,0.0000,0.0000,0.0
21243,0.0000,0.0000,0.0
21243,0.0000,0.0000,0.0
21243,0.0000,0.0000,0.0
21243,0.0000,0.0000,0.0
21243,0.0000,0.0000,0.0
21243,0.0000,0.0000,0.0
21243,0.0000,0.0000,0.0
21243,0.0000,0.0000,0.0
21243,0.0000,0.0000,0.0
21243,0.0000,0.0000,0.0
21243,0.0000,0.0000,0.0
21243,0.0000,0.0000,0.0
21243,0.0000,0.0000,0.0
21243,0.0000,0.0000,0.0
21243,0.0000,0.0000,0.0
21243,0.0000,0.0000,0.0
21243,0.0000,0.0000,0.0
21243,0.0000,0.0000,0.0
21243,0.0000,0.0000,0.0
21243,0.0000,0.0000,0.0
21243,0.0000,0.0000,0.0
21243,0.0000,0.0000,0.0
21243,0.0000,0.0000,0.0
21243,0.0000,0.0000,0.0
21243,0.0000,0.0000,0.0
21243,0.0000,0.0000,0.0
21243,0.0000,0.0000,0.0
21243,0.0000,0.0000,0.0
21243,0.0000,0.0000,0.0
21243,0.0000,0.0000,0.0
21243,0.0000,0.0000,0.0
21243,0.0000,0.0000,0.0
21243,0.0000,0.0000,0.0
21243,0.0000,0.0000,0.0
21243,0.0000,0.0000,0.0
21243,0.0000,0.0000,0.0
21243,0.0000,0.0000,0.0
21243,0.0000,0.0000,0.0
21243,0.0000,0.0000,0.0
21243,0.0000,0.0000,0.0
21243,0.0000,0.0000,0.0
21243,0.0000,0.0000,0.0
21243,0.0000,0.0000,0.0
21243,0.0000,0.0000,0.0
21243,0.0000,0.0000,0.0
21243,0.0000,0.0000,0.0
21243,0.0000,0.0000,0.0
21243,0.0000,0.0000,0.0
21243,0.0000,0.0000,0.0
21243,0.0000,0.0000,0.0
21243,0.0000,0.0000,0.0
21243,0.0000,0.0000,0.0
21243,0.0000,0.0000,0.0
21243,0.0000,0.0000,0.0
21243,0.0000,0.0000,0.0
21243,0.0000,0.0000,0.0
21243,0.0000,0.0000,0.0
21243,0.0000,0.0000,0.0
21243,0.0000,0.0000,0.0
21243,0.0000,0.0000,0.0
21243,0.0000,0.0000,0.0
21243,0.0000,0.0000,0.0
21243,0.0000,0.0000,0.0
21243,0.0000,0.0000,0.0
21243,0.0000,0.0000,0.0
21243,0.0000,0.0000,0.0
21243,0.0000,0.0000,0.0
21243,0.0000,0.0000,0.0
21243,0.0000,0.0000,0.0
21243,0.0000,0.0000,0.0
21243,0.0000,0.0000,0.0
21243,0.0000,0.0000,0.0
21243,0.0000,0.0000,0.0
21243,0.0000,0.0000,0.0
21243,0.0000,0.0000,0.0
21243,0.0000,0.0000,0.0
21243,0.0000,0.0000,0.0
21243,0.0000,0.0000,0.0
21243,0.0000,0.0000,0.0
21243,0.0000,0.0000,0.0
21243,0.0000,0.0000,0.0
21243,0.0000,0.0000,0.0
21243,0.0000,0.0000,0.0
21243,0.0000,0.0000,0.0
21243,0.0000,0.0000,0.0
21243,0.0000,0.0000,0.0
21243,0.0000,0.0000,0.0
21243,0.0000,0.0000,0.0
21243,0.0000,0.0000,0.0
21243,0.0000,0.0000,0.0
21243,0.0000,0.0000,0.0
21243,0.0000,0.0000,0.0
21243,0.0000,0.0000,0.0
21243,0.0000,0.0000,0.0
21243,0.0000,0.0000,0.0
21243,0.0000,0.0000,0.0
21243,0.0000,0.0000,0.0
21243,0.0000,0.0000,0.0
21243,0.0000,0.0000,0.0
21243,0.0000,0.0000,0.0
21243,0.0000,0.0000,0.0
21243,0.0000,0.0000,0.0
21243,0.0000,0.0000,0.0
21243,0.0000,0.0000,0.0
21243,0.0000,0.0000,0.0
21243,0.0000,0.0000,0.0
21243,0.0000,0.0000,0.0
21243,0.0000,0.0000,0.0
21243,0.0000,0.0000,0.0
21243,0.0000,0.0000,0.0
21243,0.0000,0.0000,0.0
21243,0.0000,0.0000,0.0
21243,0.0000,0.0000,0.0
21243,0.0000,0.0000,0.0
21243,0.0000,0.0000,0.0
21243,0.0000,0.0000,0.0
21243,0.0000,0.0000,0.0
21243,0.0000,0.0000,0.0
21243,0.0000,0.0000,0.0
21243,0.0000,0.0000,0.0
21243,0.0000,0.0000,0.0
21243,0.0000,0.0000,0.0
21243,0.0000,0.0000,0.0
21243,0.0000,0.0000,0.0
21243,0.0000,0.0000,0.0
21243,0.0000,0.0000,0.0
21243,0.0000,0.0000,0.0
21243,0.0000,0.0000,0.0
21243,0.0000,0.0000,0.0
21243,0.0000,0.0000,0.0
21243,0.0000,0.0000,0.0
21243,0.0000,0.0000,0.0
21243,0.0000,0.0000,0.0
21243,0.0000,0.0000,0.0
21243,0.0000,0.0000,0.0
21243,0.0000,0.0000,0.0
21243,0.0000,0.0000,0.0
21243,0.0000,0.0000,0.0
21243,0.0000,0.0000,0.0
21243,0.0000,0.0000,0.0
21243,0.0000,0.0000,0.0
21243,0.0000,0.0000,0.0
21243,0.0000,0.0000,0.0
21243,0.0000,0.0000,0.0
21243,0.0000,0.0000,0.0
21243,0.0000,0.0000,0.0
21243,0.0000,0.0000,0.0
21243,0.0000,0.0000,0.0
21243,0.0000,0.0000,0.0
21243,0.0000,0.0000,0.0
21243,0.0000,0.0000,0.0
21243,0.0000,0.0000,0.0
21243,0.0000,0.0000,0.0
21243,0.0000,0.0000,0.0
21243,0.0000,0.0000,0.0
21243,0.0000,0.0000,0.0
21243,0.0000,0.0000,0.0
21243,0.0000,0.0000,0.0
21243,0.0000,0.0000,0.0
21243,0.0000,0.0000,0.0
21243,0.0000,0.0000,0.0
21243,0.0000,0.0000,0.0
21243,0.0000,0.0000,0.0
21243,0.0000,0.0000,0.0
21243,0.0000,0.0000,0.0
21243,0.0000,0.0000,0.0
21243,0.0000,0.0000,0.0
21243,0.0000,0.0000,0.0
21243,0.0000,0.0000,0.0
21243,0.0000,0.0000,0.0
21243,0.0000,0.0000,0.0
21243,0.0000,0.0000,0.0
21243,0.0000,0.0000,0.0
21243,0.0000,0.0000,0.0
21243,0.0000,0.0000,0.0
21243,0.0000,0.0000,0.0
21243,0.0000,0.0000,0.0
21243,0.0000,0.0000,0.0
21243,0.0000,0.0000,0.0
21243,0.0000,0.0000,0.0
21243,0.0000,0.0000,0.0
21243,0.0000,0.0000,0.0
21243,0.0000,0.0000,0.0
21243,0.0000,0.0000,0.0
21243,0.0000,0.0000,0.0
21243,0.0000,0.0000,0.0
21243,0.0000,0.0000,0.0
21243,0.0000,0.0000,0.0
21243,0.0000,0.0000,0.0
21243,0.0000,0.0000,0.0
21243,0.0000,0.0000,0.0
21243,0.0000,0.0000,0.0
21243,0.0000,0.0000,0.0
21243,0.0000,0.0000,0.0
21243,0.0000,0.0000,0.0
21243,0.0000,0.0000,0.0
21243,0.0000,0.0000,0.0
21243,0.0000,0.0000,0.0
21243,0.0000,0.0000,0.0
21243,0.0000,0.0000,0.0
21243,0.0000,0.0000,0.0
21243,0.0000,0.0000,0.0
21243,0.0000,0.0000,0.0
21243,0.0000,0.0000,0.0
21243,0.0000,0.0000,0.0
21243,0.0000,0.0000,0.0
21243,0.0000,0.0000,0.0
21243,0.0000,0.0000,0.0
21243,0.0000,0.0000,0.0
21243,0.0000,0.0000,0.0
21243,0.0000,0.0000,0.0
21243,0.0000,0.0000,0.0
21243,0.0000,0.0000,0.0
21243,0.0000,0.0000,0.0
21243,0.0000,0.0000,0.0
21243,0.0000,0.0000,0.0
21243,0.0000,0.0000,0.0
21243,0.0000,0.0000,0.0
21243,0.0000,0.0000,0.0
21243,0.0000,0.0000,0.0
21243,0.0000,0.0000,0.0
21243,0.0000,0.0000,0.0
21243,0.0000,0.0000,0.0
21243,0.0000,0.0000,0.0
21243,0.0000,0.0000,0.0
21243,0.0000,0.0000,0.0
21243,0.0000,0.0000,0.0
21243,0.0000,0.0000,0.0
21243,0.0000,0.0000,0.0
21243,0.0000,0.0000,0.0
21243,0.0000,0.0000,0.0
21243,0.0000,0.0000,0.0
21243,0.0000,0.0000,0.0
21243,0.0000,0.0000,0.0
21243,0.0000,0.0000,0.0
21243,0.0000,0.0000,0.0
21243,0.0000,0.0000,0.0
21243,0.0000,0.0000,0.0
21243,0.0000,0.0000,0.0
21243,0.0000,0.0000,0.0
21243,0.0000,0.0000,0.0
21243,0.0000,0.0000,0.0
21243,0.0000,0.0000,0.0
21243,0.0000,0.0000,0.0
21243,0.0000,0.0000,0.0
21243,0.0000,0.0000,0.0
21243,0.0000,0.0000,0.0
21243,0.0000,0.0000,0.0
21243,0.0000,0.0000,0.0
21243,0.0000,0.0000,0.0
21243,0.0000,0.0000,0.0
21243,0.0000,0.0000,0.0
21243,0.0000,0.0000,0.0
21243,0.0000,0.0000,0.0
21243,0.0000,0.0000,0.0
21243,0.0000,0.0000,0.0
21243,0.0000,0.0000,0.0
21243,0.0000,0.0000,0.0
21243,0.0000,0.0000,0.0
21243,0.0000,0.0000,0.0
21243,0.0000,0.0000,0.0
21243,0.0000,0.0000,0.0
21243,0.0000,0.0000,0.0
21243,0.0000,0.0000,0.0
21243,0.0000,0.0000,0.0
21243,0.0000,0.0000,0.0
21243,0.0000,0.0000,0.0
21243,0.0000,0.0000,0.0
21243,0.0000,0.0000,0.0
21243,0.0000,0.0000,0.0
21243,0.0000,0.0000,0.0
21243,0.0000,0.0000,0.0
21243,0.0000,0.0000,0.0
21243,0.0000,0.0000,0.0
21243,0.0000,0.0000,0.0
21243,0.0000,0.0000,0.0
21243,0.0000,0.0000,0.0
21243,0.0000,0.0000,0.0
21243,0.0000,0.0000,0.0
21243,0.0000,0.0000,0.0
21243,0.0000,0.0000,0.0
21243,0.0000,0.0000,0.0
21243,0.0000,0.0000,0.0
21243,0.0000,0.0000,0.0
21243,0.0000,0.0000,0.0
21243,0.0000,0.0000,0.0
21243,0.0000,0.0000,0.0
21243,0.0000,0.0000,0.0
21243,0.0000,0.0000,0.0
21243,0.0000,0.0000,0.0
21243,0.0000,0.0000,0.0
21243,0.0000,0.0000,0.0
21243,0.0000,0.0000,0.0
21243,0.0000,0.0000,0.0
21243,0.0000,0.0000,0.0
21243,0.0000,0.0000,0.0
21243,0.0000,0.0000,0.0
21243,0.0000,0.0000,0.0
21243,0.0000,0.0000,0.0
21243,0.0000,0.0000,0.0
21243,0.0000,0.0000,0.0
21243,0.0000,0.0000,0.0
21243,0.0000,0.0000,0.0
21243,0.0000,0.0000,0.0
21243,0.0000,0.0000,0.0
21243,0.0000,0.0000,0.0
21243,0.0000,0.0000,0.0
21243,0.0000,0.0000,0.0
21243,0.0000,0.0000,0.0
21243,0.0000,0.0000,0.0
21243,0.0000,0.0000,0.0
21243,0.0000,0.0000,0.0
21243,0.0000,0.0000,0.0
21243,0.0000,0.0000,0.0
21243,0.0000,0.0000,0.0
21243,0.0000,0.0000,0.0
21243,0.0000,0.0000,0.0
21243,0.0000,0.0000,0.0
21243,0.0000,0.0000,0.0
21243,0.0000,0.0000,0.0
21243,0.0000,0.0000,0.0
21243,0.0000,0.0000,0.0
21243,0.0000,0.0000,0.0
21243,0.0000,0.0000,0.0
21243,0.0000,0.0000,0.0
21243,0.0000,0.0000,0.0
21243,0.0000,0.0000,0.0
21243,0.0000,0.0000,0.0
21243,0.0000,0.0000,0.0
21243,0.0000,0.0000,0.0
21243,0.0000,0.0000,0.0
21243,0.0000,0.0000,0.0
21243,0.0000,0.0000,0.0
21243,0.0000,0.0000,0.0
21243,0.0000,0.0000,0.0
21243,0.0000,0.0000,0.0
21243,0.0000,0.0000,0.0
21243,0.0000,0.0000,0.0
21243,0.0000,0.0000,0.0
21243,0.0000,0.0000,0.0
21243,0.0000,0.0000,0.0
21243,0.0000,0.0000,0.0
21243,0.0000,0.0000,0.0
21243,0.0000,0.0000,0.0
21243,0.0000,0.0000,0.0
21243,0.0000,0.0000,0.0
21243,0.0000,0.0000,0.0
21243,0.0000,0.0000,0.0
21243,0.0000,0.0000,0.0
21243,0.0000,0.0000,0.0
21243,0.0000,0.0000,0.0
21243,0.0000,0.0000,0.0
21243,0.0000,0.0000,0.0
21243,0.0000,0.0000,0.0
21243,0.0000,0.0000,0.0
21243,0.0000,0.0000,0.0
21243,0.0000,0.0000,0.0
21243,0.0000,0.0000,0.0
21243,0.0000,0.0000,0.0
21243,0.0000,0.0000,0.0
21243,0.0000,0.0000,0.0
21243,0.0000,0.0000,0.0
21243,0.0000,0.0000,0.0
21243,0.0000,0.0000,0.0
21243,0.0000,0.0000,0.0
21243,0.0000,0.0000,0.0
21243,0.0000,0.0000,0.0
21243,0.0000,0.0000,0.0
21243,0.0000,0.0000,0.0
21243,0.0000,0.0000,0.0
21243,0.0000,0.0000,0.0
21243,0.0000,0.0000,0.0
21243,0.0000,0.0000,0.0
21243,0.0000,0.0000,0.0
21243,0.0000,0.0000,0.0
21243,0.0000,0.0000,0.0
21243,0.0000,0.0000,0.0
21243,0.0000,0.0000,0.0
21243,0.0000,0.0000,0.0
21243,0.0000,0.0000,0.0
21243,0.0000,0.0000,0.0
21243,0.0000,0.0000,0.0
21243,0.0000,0.0000,0.0
21243,0.0000,0.0000,0.0
21243,0.0000,0.0000,0.0
21243,0.0000,0.0000,0.0
21243,0.0000,0.0000,0.0
21243,0.0000,0.0000,0.0
21243,0.0000,0.0000,0.0
21243,0.0000,0.0000,0.0
21243,0.0000,0.0000,0.0
21243,0.0000,0.0000,0.0
21243,0.0000,0.0000,0.0
21243,0.0000,0.0000,0.0
21243,0.0000,0.0000,0.0
21243,0.0000,0.0000,0.0
21243,0.0000,0.0000,0.0
21243,0.0000,0.0000,0.0
21243,0.0000,0.0000,0.0
21243,0.0000,0.0000,0.0
21243,0.0000,0.0000,0.0
21243,0.0000,0.0000,0.0
21243,0.0000,0.0000,0.0
21243,0.0000,0.0000,0.0
21243,0.0000,0.0000,0.0
21243,0.0000,0.0000,0.0
21243,0.0000,0.0000,0.0
21243,0.0000,0.0000,0.0
21243,0.0000,0.0000,0.0
21243,0.0000,0.0000,0.0
21243,0.0000,0.0000,0.0
21243,0.0000,0.0000,0.0
21243,0.0000,0.0000,0.0
21243,0.0000,0.0000,0.0
21243,0.0000,0.0000,0.0
21243,0.0000,0.0000,0.0
21243,0.0000,0.0000,0.0
21243,0.0000,0.0000,0.0
21243,0.0000,0.0000,0.0
21243,0.0000,0.0000,0.0
21243,0.0000,0.0000,0.0
21243,0.0000,0.0000,0.0
21243,0.0000,0.0000,0.0
21243,0.0000,0.0000,0.0
21243,0.0000,0.0000,0.0
21243,0.0000,0.0000,0.0
21243,0.0000,0.0000,0.0
21243,0.0000,0.0000,0.0
21243,0.0000,0.0000,0.0
21243,0.0000,0.0000,0.0
21243,0.0000,0.0000,0.0
21243,0.0000,0.0000,0.0
21243,0.0000,0.0000,0.0
21243,0.0000,0.0000,0.0
21243,0.0000,0.0000,0.0
21243,0.0000,0.0000,0.0
21243,0.0000,0.0000,0.0
21243,0.0000,0.0000,0.0
21243,0.0000,0.0000,0.0
21243,0.0000,0.0000,0.0
21243,0.0000,0.0000,0.0
21243,0.0000,0.0000,0.0
21243,0.0000,0.0000,0.0
21243,0.0000,0.0000,0.0
21243,0.0000,0.0000,0.0
21243,0.0000,0.0000,0.0
21243,0.0000,0.0000,0.0
21243,0.0000,0.0000,0.0
21243,0.0000,0.0000,0.0
21243,0.0000,0.0000,0.0
21243,0.0000,0.0000,0.0
21243,0.0000,0.0000,0.0
21243,0.0000,0.0000,0.0
21243,0.0000,0.0000,0.0
21243,0.0000,0.0000,0.0
21243,0.0000,0.0000,0.0
21243,0.0000,0.0000,0.0
21243,0.0000,0.0000,0.0
21243,0.0000,0.0000,0.0
21243,0.0000,0.0000,0.0
21243,0.0000,0.0000,0.0
21243,0.0000,0.0000,0.0
21243,0.0000,0.0000,0.0
21243,0.0000,0.0000,0.0
21243,0.0000,0.0000,0.0
21243,0.0000,0.0000,0.0
21243,0.0000,0.0000,0.0
21243,0.0000,0.0000,0.0
21243,0.0000,0.0000,0.0
21243,0.0000,0.0000,0.0
21243,0.0000,0.0000,0.0
21243,0.0000,0.0000,0.0
21243,0.0000,0.0000,0.0
21243,0.0000,0.0000,0.0
21243,0.0000,0.0000,0.0
21243,0.0000,0.0000,0.0
21243,0.0000,0.0000,0.0
21243,0.0000,0.0000,0.0
21243,0.0000,0.0000,0.0
21243,0.0000,0.0000,0.0
21243,0.0000,0.0000,0.0
21243,0.0000,0.0000,0.0
21243,0.0000,0.0000,0.0
21243,0.0000,0.0000,0.0
21243,0.0000,0.0000,0.0
21243,0.0000,0.0000,0.0
21243,0.0000,0.0000,0.0
21243,0.0000,0.0000,0.0
21243,0.0000,0.0000,0.0
21243,0.0000,0.0000,0.0
21243,0.0000,0.0000,0.0
21243,0.0000,0.0000,0.0
21243,0.0000,0.0000,0.0
21243,0.0000,0.0000,0.0
21243,0.0000,0.0000,0.0
21243,0.0000,0.0000,0.0
21243,0.0000,0.0000,0.0
21243,0.0000,0.0000,0.0
21243,0.0000,0.0000,0.0
21243,0.0000,0.0000,0.0
21243,0.0000,0.0000,0.0
21243,0.0000,0.0000,0.0
21243,0.0000,0.0000,0.0
21243,0.0000,0.0000,0.0
21243,0.0000,0.0000,0.0
21243,0.0000,0.0000,0.0
21243,0.0000,0.0000,0.0
21243,0.0000,0.0000,0.0
21243,0.0000,0.0000,0.0
21243,0.0000,0.0000,0.0
21243,0.0000,0.0000,0.0
21243,0.0000,0.0000,0.0
21243,0.0000,0.0000,0.0
21243,0.0000,0.0000,0.0
21243,0.0000,0.0000,0.0
21243,0.0000,0.0000,0.0
21243,0.0000,0.0000,0.0
21243,0.0000,0.0000,0.0
21243,0.0000,0.0000,0.0
21243,0.0000,0.0000,0.0
21243,0.0000,0.0000,0.0
21243,0.0000,0.0000,0.0
21243,0.0000,0.0000,0.0
21243,0.0000,0.0000,0.0
21243,0.0000,0.0000,0.0
21243,0.0000,0.0000,0.0
21243,0.0000,0.0000,0.0
21243,0.0000,0.0000,0.0
21243,0.0000,0.0000,0.0
21243,0.0000,0.0000,0.0
21243,0.0000,0.0000,0.0
21243,0.0000,0.0000,0.0
21243,0.0000,0.0000,0.0
21243,0.0000,0.0000,0.0
21243,0.0000,0.0000,0.0
21243,0.0000,0.0000,0.0
21243,0.0000,0.0000,0.0
21243,0.0000,0.0000,0.0
21243,0.0000,0.0000,0.0
21243,0.0000,0.0000,0.0
21243,0.0000,0.0000,0.0
21243,0.0000,0.0000,0.0
21243,0.0000,0.0000,0.0
21243,0.0000,0.0000,0.0
21243,0.0000,0.0000,0.0
21243,0.0000,0.0000,0.0
21243,0.0000,0.0000,0.0
21243,0.0000,0.0000,0.0
21243,0.0000,0.0000,0.0
21243,0.0000,0.0000,0.0
21243,0.0000,0.0000,0.0
21243,0.0000,0.0000,0.0
21243,0.0000,0.0000,0.0
21243,0.0000,0.0000,0.0
21243,0.0000,0.0000,0.0
21243,0.0000,0.0000,0.0
21243,0.0000,0.0000,0.0
21243,0.0000,0.0000,0.0
21243,0.0000,0.0000,0.0
21243,0.0000,0.0000,0.0
21243,0.0000,0.0000,0.0
21243,0.0000,0.0000,0.0
21243,0.0000,0.0000,0.0
21243,0.0000,0.0000,0.0
21243,0.0000,0.0000,0.0
21243,0.0000,0.0000,0.0
21243,0.0000,0.0000,0.0
21243,0.0000,0.0000,0.0
21243,0.0000,0.0000,0.0
21243,0.0000,0.0000,0.0
21243,0.0000,0.0000,0.0
21243,0.0000,0.0000,0.0
21243,0.0000,0.0000,0.0
21243,0.0000,0.0000,0.0
21243,0.0000,0.0000,0.0
21243,0.0000,0.0000,0.0
21243,0.0000,0.0000,0.0
21243,0.0000,0.0000,0.0
21243,0.0000,0.0000,0.0
21243,0.0000,0.0000,0.0
21243,0.0000,0.0000,0.0
21243,0.0000,0.0000,0.0
21243,0.0000,0.0000,0.0
21243,0.0000,0.0000,0.0
21243,0.0000,0.0000,0.0
21243,0.0000,0.0000,0.0
21243,0.0000,0.0000,0.0
21243,0.0000,0.0000,0.0
21243,0.0000,0.0000,0.0
21243,0.0000,0.0000,0.0
21243,0.0000,0.0000,0.0
21243,0.0000,0.0000,0.0
21243,0.0000,0.0000,0.0
21243,0.0000,0.0000,0.0
21243,0.0000,0.0000,0.0
21243,0.0000,0.0000,0.0
21243,0.0000,0.0000,0.0
21243,0.0000,0.0000,0.0
21243,0.0000,0.0000,0.0
21243,0.0000,0.0000,0.0
21243,0.0000,0.0000,0.0
21243,0.0000,0.0000,0.0
21243,0.0000,0.0000,0.0
21243,0.0000,0.0000,0.0
21243,0.0000,0.0000,0.0
21243,0.0000,0.0000,0.0
21243,0.0000,0.0000,0.0
21243,0.0000,0.0000,0.0
21243,0.0000,0.0000,0.0
21243,0.0000,0.0000,0.0
21243,0.0000,0.0000,0.0
21243,0.0000,0.0000,0.0
21243,0.0000,0.0000,0.0
21243,0.0000,0.0000,0.0
21243,0.0000,0.0000,0.0
21243,0.0000,0.0000,0.0
21243,0.0000,0.0000,0.0
21243,0.0000,0.0000,0.0
21243,0.0000,0.0000,0.0
21243,0.0000,0.0000,0.0
21243,0.0000,0.0000,0.0
21243,0.0000,0.0000,0.0
21243,0.0000,0.0000,0.0
21243,0.0000,0.0000,0.0
21243,0.0000,0.0000,0.0
21243,0.0000,0.0000,0.0
21243,0.0000,0.0000,0.0
21243,0.0000,0.0000,0.0
21243,0.0000,0.0000,0.0
21243,0.0000,0.0000,0.0
21243,0.0000,0.0000,0.0
21243,0.0000,0.0000,0.0
21243,0.0000,0.0000,0.0
21243,0.0000,0.0000,0.0
21243,0.0000,0.0000,0.0
21243,0.0000,0.0000,0.0
21243,0.0000,0.0000,0.0
21243,0.0000,0.0000,0.0
21243,0.0000,0.0000,0.0
21243,0.0000,0.0000,0.0
21243,0.0000,0.0000,0.0
21243,0.0000,0.0000,0.0
21243,0.0000,0.0000,0.0
21243,0.0000,0.0000,0.0
21243,0.0000,0.0000,0.0
21243,0.0000,0.0000,0.0
21243,0.0000,0.0000,0.0
21243,0.0000,0.0000,0.0
21243,0.0000,0.0000,0.0
21243,0.0000,0.0000,0.0
21243,0.0000,0.0000,0.0
21243,0.0000,0.0000,0.0
21243,0.0000,0.0000,0.0
21243,0.0000,0.0000,0.0
21243,0.0000,0.0000,0.0
21243,0.0000,0.0000,0.0
21243,0.0000,0.0000,0.0
21243,0.0000,0.0000,0.0
21243,0.0000,0.0000,0.0
21243,0.0000,0.0000,0.0
21243,0.0000,0.0000,0.0
21243,0.0000,0.0000,0.0
21243,0.0000,0.0000,0.0
21243,0.0000,0.0000,0.0
21243,0.0000,0.0000,0.0
21243,0.0000,0.0000,0.0
21243,0.0000,0.0000,0.0
21243,0.0000,0.0000,0.0
21243,0.0000,0.0000,0.0
21243,0.0000,0.0000,0.0
21243,0.0000,0.0000,0.0
21243,0.0000,0.0000,0.0
21243,0.0000,0.0000,0.0
21243,0.0000,0.0000,0.0
21243,0.0000,0.0000,0.0
21243,0.0000,0.0000,0.0
21243,0.0000,0.0000,0.0
21243,0.0000,0.0000,0.0
21243,0.0000,0.0000,0.0
21243,0.0000,0.0000,0.0
21243,0.0000,0.0000,0.0
21243,0.0000,0.0000,0.0
21243,0.0000,0.0000,0.0
21243,0.0000,0.0000,0.0
21243,0.0000,0.0000,0.0
21243,0.0000,0.0000,0.0
21243,0.0000,0.0000,0.0
21243,0.0000,0.0000,0.0
21243,0.0000,0.0000,0.0
21243,0.0000,0.0000,0.0
21243,0.0000,0.0000,0.0
21243,0.0000,0.0000,0.0
21243,0.0000,0.0000,0.0
21243,0.0000,0.0000,0.0
21243,0.0000,0.0000,0.0
21243,0.0000,0.0000,0.0
21243,0.0000,0.0000,0.0
21243,0.0000,0.0000,0.0
21243,0.0000,0.0000,0.0
21243,0.0000,0.0000,0.0
21243,0.0000,0.0000,0.0
21243,0.0000,0.0000,0.0
21243,0.0000,0.0000,0.0
21243,0.0000,0.0000,0.0
21243,0.0000,0.0000,0.0
21243,0.0000,0.0000,0.0
21243,0.0000,0.0000,0.0
21243,0.0000,0.0000,0.0
21243,0.0000,0.0000,0.0
21243,0.0000,0.0000,0.0
21243,0.0000,0.0000,0.0
21243,0.0000,0.0000,0.0
21243,0.0000,0.0000,0.0
21243,0.0000,0.0000,0.0
21243,0.0000,0.0000,0.0
21243,0.0000,0.0000,0.0
21243,0.0000,0.0000,0.0
21243,0.0000,0.0000,0.0
21243,0.0000,0.0000,0.0
21243,0.0000,0.0000,0.0
21243,0.0000,0.0000,0.0
21243,0.0000,0.0000,0.0
21243,0.0000,0.0000,0.0
21243,0.0000,0.0000,0.0
21243,0.0000,0.0000,0.0
21243,0.0000,0.0000,0.0
21243,0.0000,0.0000,0.0
21243,0.0000,0.0000,0.0
21243,0.0000,0.0000,0.0
21243,0.0000,0.0000,0.0
21243,0.0000,0.0000,0.0
21243,0.0000,0.0000,0.0
21243,0.0000,0.0000,0.0
21243,0.0000,0.0000,0.0
21243,0.0000,0.0000,0.0
21243,0.0000,0.0000,0.0
21243,0.0000,0.0000,0.0
21243,0.0000,0.0000,0.0
21243,0.0000,0.0000,0.0
21243,0.0000,0.0000,0.0
21243,0.0000,0.0000,0.0
21243,0.0000,0.0000,0.0
21243,0.0000,0.0000,0.0
21243,0.0000,0.0000,0.0
21243,0.0000,0.0000,0.0
21243,0.0000,0.0000,0.0
21243,0.0000,0.0000,0.0
21243,0.0000,0.0000,0.0
21243,0.0000,0.0000,0.0
21243,0.0000,0.0000,0.0
21243,0.0000,0.0000,0.0
21243,0.0000,0.0000,0.0
21243,0.0000,0.0000,0.0
21243,0.0000,0.0000,0.0
21243,0.0000,0.0000,0.0
21243,0.0000,0.0000,0.0
21243,0.0000,0.0000,0.0
21243,0.0000,0.0000,0.0
21243,0.0000,0.0000,0.0
21243,0.0000,0.0000,0.0
21243,0.0000,0.0000,0.0
21243,0.0000,0.0000,0.0
21243,0.0000,0.0000,0.0
21243,0.0000,0.0000,0.0
21243,0.0000,0.0000,0.0
21243,0.0000,0.0000,0.0
21243,0.0000,0.0000,0.0
21243,0.0000,0.0000,0.0
21243,0.0000,0.0000,0.0
21243,0.0000,0.0000,0.0
21243,0.0000,0.0000,0.0
21243,0.0000,0.0000,0.0
21243,0.0000,0.0000,0.0
21243,0.0000,0.0000,0.0
21243,0.0000,0.0000,0.0
21243,0.0000,0.0000,0.0
21243,0.0000,0.0000,0.0
21243,0.0000,0.0000,0.0
21243,0.0000,0.0000,0.0
21243,0.0000,0.0000,0.0
21243,0.0000,0.0000,0.0
21243,0.0000,0.0000,0.0
21243,0.0000,0.0000,0.0
21243,0.0000,0.0000,0.0
21243,0.0000,0.0000,0.0
21243,0.0000,0.0000,0.0
21243,0.0000,0.0000,0.0
21243,0.0000,0.0000,0.0
21243,0.0000,0.0000,0.0
21243,0.0000,0.0000,0.0
21243,0.0000,0.0000,0.0
21243,0.0000,0.0000,0.0
21243,0.0000,0.0000,0.0
21243,0.0000,0.0000,0.0
21243,0.0000,0.0000,0.0
21243,0.0000,0.0000,0.0
21243,0.0000,0.0000,0.0
21243,0.0000,0.0000,0.0
21243,0.0000,0.0000,0.0
21243,0.0000,0.0000,0.0
21243,0.0000,0.0000,0.0
21243,0.0000,0.0000,0.0
21243,0.0000,0.0000,0.0
21243,0.0000,0.0000,0.0
21243,0.0000,0.0000,0.0
21243,0.0000,0.0000,0.0
21243,0.0000,0.0000,0.0
21243,0.0000,0.0000,0.0
21243,0.0000,0.0000,0.0
21243,0.0000,0.0000,0.0
21243,0.0000,0.0000,0.0
21243,0.0000,0.0000,0.0
21243,0.0000,0.0000,0.0
21243,0.0000,0.0000,0.0
21243,0.0000,0.0000,0.0
21243,0.0000,0.0000,0.0
21243,0.0000,0.0000,0.0
21243,0.0000,0.0000,0.0
21243,0.0000,0.0000,0.0
21243,0.0000,0.0000,0.0
21243,0.0000,0.0000,0.0
21243,0.0000,0.0000,0.0
21243,0.0000,0.0000,0.0
21243,0.0000,0.0000,0.0
21243,0.0000,0.0000,0.0
21243,0.0000,0.0000,0.0
21243,0.0000,0.0000,0.0
21243,0.0000,0.0000,0.0
21243,0.0000,0.0000,0.0
21243,0.0000,0.0000,0.0
21243,0.0000,0.0000,0.0
21243,0.0000,0.0000,0.0
21243,0.0000,0.0000,0.0
21243,0.0000,0.0000,0.0
21243,0.0000,0.0000,0.0
21243,0.0000,0.0000,0.0
21243,0.0000,0.0000,0.0
21243,0.0000,0.0000,0.0
21243,0.0000,0.0000,0.0
21243,0.0000,0.0000,0.0
21243,0.0000,0.0000,0.0
21243,0.0000,0.0000,0.0
21243,0.0000,0.0000,0.0
21243,0.0000,0.0000,0.0
21243,0.0000,0.0000,0.0
21243,0.0000,0.0000,0.0
21243,0.0000,0.0000,0.0
21243,0.0000,0.0000,0.0
21243,0.0000,0.0000,0.0
21243,0.0000,0.0000,0.0
21243,0.0000,0.0000,0.0
21243,0.0000,0.0000,0.0
21243,0.0000,0.0000,0.0
21243,0.0000,0.0000,0.0
21243,0.0000,0.0000,0.0
21243,0.0000,0.0000,0.0
21243,0.0000,0.0000,0.0
21243,0.0000,0.0000,0.0
21243,0.0000,0.0000,0.0
21243,0.0000,0.0000,0.0
21243,0.0000,0.0000,0.0
21243,0.0000,0.0000,0.0
21243,0.0000,0.0000,0.0
21243,0.0000,0.0000,0.0
21243,0.0000,0.0000,0.0
21243,0.0000,0.0000,0.0
21243,0.0000,0.0000,0.0
21243,0.0000,0.0000,0.0
21243,0.0000,0.0000,0.0
21243,0.0000,0.0000,0.0
21243,0.0000,0.0000,0.0
21243,0.0000,0.0000,0.0
21243,0.0000,0.0000,0.0
21243,0.0000,0.0000,0.0
21243,0.0000,0.0000,0.0
21243,0.0000,0.0000,0.0
21243,0.0000,0.0000,0.0
21243,0.0000,0.0000,0.0
21243,0.0000,0.0000,0.0
21243,0.0000,0.0000,0.0
21243,0.0000,0.0000,0.0
21243,0.0000,0.0000,0.0
21243,0.0000,0.0000,0.0
21243,0.0000,0.0000,0.0
21243,0.0000,0.0000,0.0
21243,0.0000,0.0000,0.0
21243,0.0000,0.0000,0.0
21243,0.0000,0.0000,0.0
21243,0.0000,0.0000,0.0
21243,0.0000,0.0000,0.0
21243,0.0000,0.0000,0.0
21243,0.0000,0.0000,0.0
21243,0.0000,0.0000,0.0
21243,0.0000,0.0000,0.0
21243,0.0000,0.0000,0.0
21243,0.0000,0.0000,0.0
21243,0.0000,0.0000,0.0
21243,0.0000,0.0000,0.0
21243,0.0000,0.0000,0.0
21243,0.0000,0.0000,0.0
21243,0.0000,0.0000,0.0
21243,0.0000,0.0000,0.0
21243,0.0000,0.0000,0.0
21243,0.0000,0.0000,0.0
21243,0.0000,0.0000,0.0
21243,0.0000,0.0000,0.0
21243,0.0000,0.0000,0.0
21243,0.0000,0.0000,0.0
21243,0.0000,0.0000,0.0
21243,0.0000,0.0000,0.0
21243,0.0000,0.0000,0.0
21243,0.0000,0.0000,0.0
21243,0.0000,0.0000,0.0
21243,0.0000,0.0000,0.0
21243,0.0000,0.0000,0.0
21243,0.0000,0.0000,0.0
21243,0.0000,0.0000,0.0
21243,0.0000,0.0000,0.0
21243,0.0000,0.0000,0.0
21243,0.0000,0.0000,0.0
21243,0.0000,0.0000,0.0
21243,0.0000,0.0000,0.0
21243,0.0000,0.0000,0.0
21243,0.0000,0.0000,0.0
21243,0.0000,0.0000,0.0
21243,0.0000,0.0000,0.0
21243,0.0000,0.0000,0.0
21243,0.0000,0.0000,0.0
21243,0.0000,0.0000,0.0
21243,0.0000,0.0000,0.0
21243,0.0000,0.0000,0.0
21243,0.0000,0.0000,0.0
21243,0.0000,0.0000,0.0
21243,0.0000,0.0000,0.0
21243,0.0000,0.0000,0.0
21243,0.0000,0.0000,0.0
21243,0.0000,0.0000,0.0
21243,0.0000,0.0000,0.0
21243,0.0000,0.0000,0.0
21243,0.0000,0.0000,0.0
21243,0.0000,0.0000,0.0
21243,0.0000,0.0000,0.0
21243,0.0000,0.0000,0.0
21243,0.0000,0.0000,0.0
21243,0.0000,0.0000,0.0
21243,0.0000,0.0000,0.0
21243,0.0000,0.0000,0.0
21243,0.0000,0.0000,0.0
21243,0.0000,0.0000,0.0
21243,0.0000,0.0000,0.0
21243,0.0000,0.0000,0.0
21243,0.0000,0.0000,0.0
21243,0.0000,0.0000,0.0
21243,0.0000,0.0000,0.0
21243,0.0000,0.0000,0.0
21243,0.0000,0.0000,0.0
21243,0.0000,0.0000,0.0
21243,0.0000,0.0000,0.0
21243,0.0000,0.0000,0.0
21243,0.0000,0.0000,0.0
21243,0.0000,0.0000,0.0
21243,0.0000,0.0000,0.0
21243,0.0000,0.0000,0.0
21243,0.0000,0.0000,0.0
21243,0.0000,0.0000,0.0
21243,0.0000,0.0000,0.0
21243,0.0000,0.0000,0.0
21243,0.0000,0.0000,0.0
21243,0.0000,0.0000,0.0
21243,0.0000,0.0000,0.0
21243,0.0000,0.0000,0.0
21243,0.0000,0.0000,0.0
21243,0.0000,0.0000,0.0
21243,0.0000,0.0000,0.0
21243,0.0000,0.0000,0.0
21243,0.0000,0.0000,0.0
21243,0.0000,0.0000,0.0
21243,0.0000,0.0000,0.0
21243,0.0000,0.0000,0.0
21243,0.0000,0.0000,0.0
21243,0.0000,0.0000,0.0
21243,0.0000,0.0000,0.0
21243,0.0000,0.0000,0.0
21243,0.0000,0.0000,0.0
21243,0.0000,0.0000,0.0
21243,0.0000,0.0000,0.0
21243,0.0000,0.0000,0.0
21243,0.0000,0.0000,0.0
21243,0.0000,0.0000,0.0
21243,0.0000,0.0000,0.0
21243,0.0000,0.0000,0.0
21243,0.0000,0.0000,0.0
21243,0.0000,0.0000,0.0
21243,0.0000,0.0000,0.0
21243,0.0000,0.0000,0.0
21243,0.0000,0.0000,0.0
21243,0.0000,0.0000,0.0
21243,0.0000,0.0000,0.0
21243,0.0000,0.0000,0.0
21243,0.0000,0.0000,0.0
21243,0.0000,0.0000,0.0
21243,0.0000,0.0000,0.0
21243,0.0000,0.0000,0.0
21243,0.0000,0.0000,0.0
21243,0.0000,0.0000,0.0
21243,0.0000,0.0000,0.0
21243,0.0000,0.0000,0.0
21243,0.0000,0.0000,0.0
21243,0.0000,0.0000,0.0
21243,0.0000,0.0000,0.0
21243,0.0000,0.0000,0.0
21243,0.0000,0.0000,0.0
21243,0.0000,0.0000,0.0
21243,0.0000,0.0000,0.0
21243,0.0000,0.0000,0.0
21243,0.0000,0.0000,0.0
21243,0.0000,0.0000,0.0
21243,0.0000,0.0000,0.0
21243,0.0000,0.0000,0.0
21243,0.0000,0.0000,0.0
21243,0.0000,0.0000,0.0
21243,0.0000,0.0000,0.0
21243,0.0000,0.0000,0.0
21243,0.0000,0.0000,0.0
21243,0.0000,0.0000,0.0
21243,0.0000,0.0000,0.0
21243,0.0000,0.0000,0.0
21243,0.0000,0.0000,0.0
21243,0.0000,0.0000,0.0
21243,0.0000,0.0000,0.0
21243,0.0000,0.0000,0.0
21243,0.0000,0.0000,0.0
21243,0.0000,0.0000,0.0
21243,0.0000,0.0000,0.0
21243,0.0000,0.0000,0.0
21243,0.0000,0.0000,0.0
21243,0.0000,0.0000,0.0
21243,0.0000,0.0000,0.0
21243,0.0000,0.0000,0.0
21243,0.0000,0.0000,0.0
21243,0.0000,0.0000,0.0
21243,0.0000,0.0000,0.0
21243,0.0000,0.0000,0.0
21243,0.0000,0.0000,0.0
21243,0.0000,0.0000,0.0
21243,0.0000,0.0000,0.0
21243,0.0000,0.0000,0.0
21243,0.0000,0.0000,0.0
21243,0.0000,0.0000,0.0
21243,0.0000,0.0000,0.0
21243,0.0000,0.0000,0.0
21243,0.0000,0.0000,0.0
21243,0.0000,0.0000,0.0
21243,0.0000,0.0000,0.0
21243,0.0000,0.0000,0.0
21243,0.0000,0.0000,0.0
21243,0.0000,0.0000,0.0
21243,0.0000,0.0000,0.0
21243,0.0000,0.0000,0.0
21243,0.0000,0.0000,0.0
21243,0.0000,0.0000,0.0
21243,0.0000,0.0000,0.0
21243,0.0000,0.0000,0.0
21243,0.0000,0.0000,0.0
21243,0.0000,0.0000,0.0
21243,0.0000,0.0000,0.0
21243,0.0000,0.0000,0.0
21243,0.0000,0.0000,0.0
21243,0.0000,0.0000,0.0
21243,0.0000,0.0000,0.0
21243,0.0000,0.0000,0.0
21243,0.0000,0.0000,0.0
21243,0.0000,0.0000,0.0
21243,0.0000,0.0000,0.0
21243,0.0000,0.0000,0.0
21243,0.0000,0.0000,0.0
21243,0.0000,0.0000,0.0
21243,0.0000,0.0000,0.0
21243,0.0000,0.0000,0.0
21243,0.0000,0.0000,0.0
21243,0.0000,0.0000,0.0
21243,0.0000,0.0000,0.0
21243,0.0000,0.0000,0.0
21243,0.0000,0.0000,0.0
21243,0.0000,0.0000,0.0
21243,0.0000,0.0000,0.0
21243,0.0000,0.0000,0.0
21243,0.0000,0.0000,0.0
21243,0.0000,0.0000,0.0
21243,0.0000,0.0000,0.0
21243,0.0000,0.0000,0.0
21243,0.0000,0.0000,0.0
21243,0.0000,0.0000,0.0
21243,0.0000,0.0000,0.0
21243,0.0000,0.0000,0.0
21243,0.0000,0.0000,0.0
21243,0.0000,0.0000,0.0
21243,0.0000,0.0000,0.0
21243,0.0000,0.0000,0.0
21243,0.0000,0.0000,0.0
21243,0.0000,0.0000,0.0
21243,0.0000,0.0000,0.0
21243,0.0000,0.0000,0.0
21243,0.0000,0.0000,0.0
21243,0.0000,0.0000,0.0
21243,0.0000,0.0000,0.0
21243,0.0000,0.0000,0.0
21243,0.0000,0.0000,0.0
21243,0.0000,0.0000,0.0
21243,0.0000,0.0000,0.0
21243,0.0000,0.0000,0.0
21243,0.0000,0.0000,0.0
21243,0.0000,0.0000,0.0
21243,0.0000,0.0000,0.0
21243,0.0000,0.0000,0.0
21243,0.0000,0.0000,0.0
21243,0.0000,0.0000,0.0
21243,0.0000,0.0000,0.0
21243,0.0000,0.0000,0.0
21243,0.0000,0.0000,0.0
21243,0.0000,0.0000,0.0
21243,0.0000,0.0000,0.0
21243,0.0000,0.0000,0.0
21243,0.0000,0.0000,0.0
21243,0.0000,0.0000,0.0
21243,0.0000,0.0000,0.0
21243,0.0000,0.0000,0.0
21243,0.0000,0.0000,0.0
21243,0.0000,0.0000,0.0
21243,0.0000,0.0000,0.0
21243,0.0000,0.0000,0.0
21243,0.0000,0.0000,0.0
21243,0.0000,0.0000,0.0
21243,0.0000,0.0000,0.0
21243,0.0000,0.0000,0.0
21243,0.0000,0.0000,0.0
21243,0.0000,0.0000,0.0
21243,0.0000,0.0000,0.0
21243,0.0000,0.0000,0.0
21243,0.0000,0.0000,0.0
21243,0.0000,0.0000,0.0
21243,0.0000,0.0000,0.0
21243,0.0000,0.0000,0.0
21243,0.0000,0.0000,0.0
21243,0.0000,0.0000,0.0
21243,0.0000,0.0000,0.0
21243,0.0000,0.0000,0.0
21243,0.0000,0.0000,0.0
21243,0.0000,0.0000,0.0
21243,0.0000,0.0000,0.0
21243,0.0000,0.0000,0.0
21243,0.0000,0.0000,0.0
21243,0.0000,0.0000,0.0
21243,0.0000,0.0000,0.0
21243,0.0000,0.0000,0.0
21243,0.0000,0.0000,0.0
21243,0.0000,0.0000,0.0
21243,0.0000,0.0000,0.0
21243,0.0000,0.0000,0.0
21243,0.0000,0.0000,0.0
21243,0.0000,0.0000,0.0
21243,0.0000,0.0000,0.0
21243,0.0000,0.0000,0.0
21243,0.0000,0.0000,0.0
21243,0.0000,0.0000,0.0
21243,0.0000,0.0000,0.0
21243,0.0000,0.0000,0.0
21243,0.0000,0.0000,0.0
21243,0.0000,0.0000,0.0
21243,0.0000,0.0000,0.0
21243,0.0000,0.0000,0.0
21243,0.0000,0.0000,0.0
21243,0.0000,0.0000,0.0
21243,0.0000,0.0000,0.0
21243,0.0000,0.0000,0.0
21243,0.0000,0.0000,0.0
21243,0.0000,0.0000,0.0
21243,0.0000,0.0000,0.0
21243,0.0000,0.0000,0.0
21243,0.0000,0.0000,0.0
21243,0.0000,0.0000,0.0
21243,0.0000,0.0000,0.0
21243,0.0000,0.0000,0.0
21243,0.0000,0.0000,0.0
21243,0.0000,0.0000,0.0
21243,0.0000,0.0000,0.0
21243,0.0000,0.0000,0.0
21243,0.0000,0.0000,0.0
21243,0.0000,0.0000,0.0
21243,0.0000,0.0000,0.0
21243,0.0000,0.0000,0.0
21243,0.0000,0.0000,0.0
21243,0.0000,0.0000,0.0
21243,0.0000,0.0000,0.0
21243,0.0000,0.0000,0.0
21243,0.0000,0.0000,0.0
21243,0.0000,0.0000,0.0
21243,0.0000,0.0000,0.0
21243,0.0000,0.0000,0.0
21243,0.0000,0.0000,0.0
21243,0.0000,0.0000,0.0
21243,0.0000,0.0000,0.0
21243,0.0000,0.0000,0.0
21243,0.0000,0.0000,0.0
21243,0.0000,0.0000,0.0
21243,0.0000,0.0000,0.0
21243,0.0000,0.0000,0.0
21243,0.0000,0.0000,0.0
21243,0.0000,0.0000,0.0
21243,0.0000,0.0000,0.0
21243,0.0000,0.0000,0.0
21243,0.0000,0.0000,0.0
21243,0.0000,0.0000,0.0
21243,0.0000,0.0000,0.0
21243,0.0000,0.0000,0.0
21243,0.0000,0.0000,0.0
21243,0.0000,0.0000,0.0
21243,0.0000,0.0000,0.0
21243,0.0000,0.0000,0.0
21243,0.0000,0.0000,0.0
21243,0.0000,0.0000,0.0
21243,0.0000,0.0000,0.0
21243,0.0000,0.0000,0.0
21243,0.0000,0.0000,0.0
21243,0.0000,0.0000,0.0
21243,0.0000,0.0000,0.0
21243,0.0000,0.0000,0.0
21243,0.0000,0.0000,0.0
21243,0.0000,0.0000,0.0
21243,0.0000,0.0000,0.0
21243,0.0000,0.0000,0.0
21243,0.0000,0.0000,0.0
21243,0.0000,0.0000,0.0
21243,0.0000,0.0000,0.0
21243,0.0000,0.0000,0.0
21243,0.0000,0.0000,0.0
21243,0.0000,0.0000,0.0
21243,0.0000,0.0000,0.0
21243,0.0000,0.0000,0.0
21243,0.0000,0.0000,0.0
21243,0.0000,0.0000,0.0
21243,0.0000,0.0000,0.0
21243,0.0000,0.0000,0.0
21243,0.0000,0.0000,0.0
21243,0.0000,0.0000,0.0
21243,0.0000,0.0000,0.0
21243,0.0000,0.0000,0.0
21243,0.0000,0.0000,0.0
21243,0.0000,0.0000,0.0
21243,0.0000,0.0000,0.0
21243,0.0000,0.0000,0.0
21243,0.0000,0.0000,0.0
21243,0.0000,0.0000,0.0
21243,0.0000,0.0000,0.0
21243,0.0000,0.0000,0.0
21243,0.0000,0.0000,0.0
21243,0.0000,0.0000,0.0
21243,0.0000,0.0000,0.0
21243,0.0000,0.0000,0.0
21243,0.0000,0.0000,0.0
21243,0.0000,0.0000,0.0
21243,0.0000,0.0000,0.0
21243,0.0000,0.0000,0.0
21243,0.0000,0.0000,0.0
21243,0.0000,0.0000,0.0
21243,0.0000,0.0000,0.0
21243,0.0000,0.0000,0.0
21243,0.0000,0.0000,0.0
21243,0.0000,0.0000,0.0
21243,0.0000,0.0000,0.0
21243,0.0000,0.0000,0.0
21243,0.0000,0.0000,0.0
21243,0.0000,0.0000,0.0
21243,0.0000,0.0000,0.0
21243,0.0000,0.0000,0.0
21243,0.0000,0.0000,0.0
21243,0.0000,0.0000,0.0
21243,0.0000,0.0000,0.0
21243,0.0000,0.0000,0.0
21243,0.0000,0.0000,0.0
21243,0.0000,0.0000,0.0
21243,0.0000,0.0000,0.0
21243,0.0000,0.0000,0.0
21243,0.0000,0.0000,0.0
21243,0.0000,0.0000,0.0
21243,0.0000,0.0000,0.0
21243,0.0000,0.0000,0.0
21243,0.0000,0.0000,0.0
21243,0.0000,0.0000,0.0
21243,0.0000,0.0000,0.0
21243,0.0000,0.0000,0.0
21243,0.0000,0.0000,0.0
21243,0.0000,0.0000,0.0
21243,0.0000,0.0000,0.0
21243,0.0000,0.0000,0.0
21243,0.0000,0.0000,0.0
21243,0.0000,0.0000,0.0
21243,0.0000,0.0000,0.0
21243,0.0000,0.0000,0.0
21243,0.0000,0.0000,0.0
21243,0.0000,0.0000,0.0
21243,0.0000,0.0000,0.0
21243,0.0000,0.0000,0.0
21243,0.0000,0.0000,0.0
21243,0.0000,0.0000,0.0
21243,0.0000,0.0000,0.0
21243,0.0000,0.0000,0.0
21243,0.0000,0.0000,0.0
21243,0.0000,0.0000,0.0
21243,0.0000,0.0000,0.0
21243,0.0000,0.0000,0.0
21243,0.0000,0.0000,0.0
21243,0.0000,0.0000,0.0
21243,0.0000,0.0000,0.0
21243,0.0000,0.0000,0.0
21243,0.0000,0.0000,0.0
21243,0.0000,0.0000,0.0
21243,0.0000,0.0000,0.0
21243,0.0000,0.0000,0.0
21243,0.0000,0.0000,0.0
21243,0.0000,0.0000,0.0
21243,0.0000,0.0000,0.0
21243,0.0000,0.0000,0.0
21243,0.0000,0.0000,0.0
21243,0.0000,0.0000,0.0
21243,0.0000,0.0000,0.0
21243,0.0000,0.0000,0.0
21243,0.0000,0.0000,0.0
21243,0.0000,0.0000,0.0
21243,0.0000,0.0000,0.0
21243,0.0000,0.0000,0.0
21243,0.0000,0.0000,0.0
21243,0.0000,0.0000,0.0
21243,0.0000,0.0000,0.0
21243,0.0000,0.0000,0.0
21243,0.0000,0.0000,0.0
21243,0.0000,0.0000,0.0
21243,0.0000,0.0000,0.0
21243,0.0000,0.0000,0.0
21243,0.0000,0.0000,0.0
21243,0.0000,0.0000,0.0
21243,0.0000,0.0000,0.0
21243,0.0000,0.0000,0.0
21243,0.0000,0.0000,0.0
21243,0.0000,0.0000,0.0
21243,0.0000,0.0000,0.0
21243,0.0000,0.0000,0.0
21243,0.0000,0.0000,0.0
21243,0.0000,0.0000,0.0
21243,0.0000,0.0000,0.0
21243,0.0000,0.0000,0.0
21243,0.0000,0.0000,0.0
21243,0.0000,0.0000,0.0
21243,0.0000,0.0000,0.0
21243,0.0000,0.0000,0.0
21243,0.0000,0.0000,0.0
21243,0.0000,0.0000,0.0
21243,0.0000,0.0000,0.0
21243,0.0000,0.0000,0.0
21243,0.0000,0.0000,0.0
21243,0.0000,0.0000,0.0
21243,0.0000,0.0000,0.0
21243,0.0000,0.0000,0.0
21243,0.0000,0.0000,0.0
21243,0.0000,0.0000,0.0
21243,0.0000,0.0000,0.0
21243,0.0000,0.0000,0.0
21243,0.0000,0.0000,0.0
21243,0.0000,0.0000,0.0
21243,0.0000,0.0000,0.0
21243,0.0000,0.0000,0.0
21243,0.0000,0.0000,0.0
21243,0.0000,0.0000,0.0
21243,0.0000,0.0000,0.0
21243,0.0000,0.0000,0.0
21243,0.0000,0.0000,0.0
21243,0.0000,0.0000,0.0
21243,0.0000,0.0000,0.0
21243,0.0000,0.0000,0.0
21243,0.0000,0.0000,0.0
21243,0.0000,0.0000,0.0
21243,0.0000,0.0000,0.0
21243,0.0000,0.0000,0.0
21243,0.0000,0.0000,0.0
21243,0.0000,0.0000,0.0
21243,0.0000,0.0000,0.0
21243,0.0000,0.0000,0.0
21243,0.0000,0.0000,0.0
21243,0.0000,0.0000,0.0
21243,0.0000,0.0000,0.0
21243,0.0000,0.0000,0.0
21243,0.0000,0.0000,0.0
21243,0.0000,0.0000,0.0
21243,0.0000,0.0000,0.0
21243,0.0000,0.0000,0.0
21243,0.0000,0.0000,0.0
21243,0.0000,0.0000,0.0
21243,0.0000,0.0000,0.0
21243,0.0000,0.0000,0.0
21243,0.0000,0.0000,0.0
21243,0.0000,0.0000,0.0
21243,0.0000,0.0000,0.0
21243,0.0000,0.0000,0.0
21243,0.0000,0.0000,0.0
21243,0.0000,0.0000,0.0
21243,0.0000,0.0000,0.0
21243,0.0000,0.0000,0.0
21243,0.0000,0.0000,0.0
21243,0.0000,0.0000,0.0
21243,0.0000,0.0000,0.0
21243,0.0000,0.0000,0.0
21243,0.0000,0.0000,0.0
21243,0.0000,0.0000,0.0
21243,0.0000,0.0000,0.0
21243,0.0000,0.0000,0.0
21243,0.0000,0.0000,0.0
21243,0.0000,0.0000,0.0
21243,0.0000,0.0000,0.0
21243,0.0000,0.0000,0.0
21243,0.0000,0.0000,0.0
21243,0.0000,0.0000,0.0
21243,0.0000,0.0000,0.0
21243,0.0000,0.0000,0.0
21243,0.0000,0.0000,0.0
21243,0.0000,0.0000,0.0
21243,0.0000,0.0000,0.0
21243,0.0000,0.0000,0.0
21243,0.0000,0.0000,0.0
21243,0.0000,0.0000,0.0
21243,0.0000,0.0000,0.0
21243,0.0000,0.0000,0.0
21243,0.0000,0.0000,0.0
21243,0.0000,0.0000,0.0
21243,0.0000,0.0000,0.0
21243,0.0000,0.0000,0.0
21243,0.0000,0.0000,0.0
21243,0.0000,0.0000,0.0
21243,0.0000,0.0000,0.0
21243,0.0000,0.0000,0.0
21243,0.0000,0.0000,0.0
21243,0.0000,0.0000,0.0
21243,0.0000,0.0000,0.0
21243,0.0000,0.0000,0.0
21243,0.0000,0.0000,0.0
21243,0.0000,0.0000,0.0
21243,0.0000,0.0000,0.0
21243,0.0000,0.0000,0.0
21243,0.0000,0.0000,0.0
21243,0.0000,0.0000,0.0
21243,0.0000,0.0000,0.0
21243,0.0000,0.0000,0.0
21243,0.0000,0.0000,0.0
21243,0.0000,0.0000,0.0
21243,0.0000,0.0000,0.0
21243,0.0000,0.0000,0.0
21243,0.0000,0.0000,0.0
21243,0.0000,0.0000,0.0
21243,0.0000,0.0000,0.0
21243,0.0000,0.0000,0.0
21243,0.0000,0.0000,0.0
21243,0.0000,0.0000,0.0
21243,0.0000,0.0000,0.0
21243,0.0000,0.0000,0.0
21243,0.0000,0.0000,0.0
21243,0.0000,0.0000,0.0
21243,0.0000,0.0000,0.0
21243,0.0000,0.0000,0.0
21243,0.0000,0.0000,0.0
21243,0.0000,0.0000,0.0
21243,0.0000,0.0000,0.0
21243,0.0000,0.0000,0.0
21243,0.0000,0.0000,0.0
21243,0.0000,0.0000,0.0
21243,0.0000,0.0000,0.0
21243,0.0000,0.0000,0.0
21243,0.0000,0.0000,0.0
21243,0.0000,0.0000,0.0
21243,0.0000,0.0000,0.0
21243,0.0000,0.0000,0.0
21243,0.0000,0.0000,0.0
21243,0.0000,0.0000,0.0
21243,0.0000,0.0000,0.0
21243,0.0000,0.0000,0.0
21243,0.0000,0.0000,0.0
21243,0.0000,0.0000,0.0
21243,0.0000,0.0000,0.0
21243,0.0000,0.0000,0.0
21243,0.0000,0.0000,0.0
21243,0.0000,0.0000,0.0
21243,0.0000,0.0000,0.0
21243,0.0000,0.0000,0.0
21243,0.0000,0.0000,0.0
21243,0.0000,0.0000,0.0
21243,0.0000,0.0000,0.0
21243,0.0000,0.0000,0.0
21243,0.0000,0.0000,0.0
21243,0.0000,0.0000,0.0
21243,0.0000,0.0000,0.0
21243,0.0000,0.0000,0.0
21243,0.0000,0.0000,0.0
21243,0.0000,0.0000,0.0
21243,0.0000,0.0000,0.0
21243,0.0000,0.0000,0.0
21243,0.0000,0.0000,0.0
21243,0.0000,0.0000,0.0
21243,0.0000,0.0000,0.0
21243,0.0000,0.0000,0.0
21243,0.0000,0.0000,0.0
21243,0.0000,0.0000,0.0
21243,0.0000,0.0000,0.0
21243,0.0000,0.0000,0.0
21243,0.0000,0.0000,0.0
21243,0.0000,0.0000,0.0
21243,0.0000,0.0000,0.0
21243,0.0000,0.0000,0.0
21243,0.0000,0.0000,0.0
21243,0.0000,0.0000,0.0
21243,0.0000,0.0000,0.0
21243,0.0000,0.0000,0.0
21243,0.0000,0.0000,0.0
21243,0.0000,0.0000,0.0
21243,0.0000,0.0000,0.0
21243,0.0000,0.0000,0.0
21243,0.0000,0.0000,0.0
21243,0.0000,0.0000,0.0
21243,0.0000,0.0000,0.0
21243,0.0000,0.0000,0.0
21243,0.0000,0.0000,0.0
21243,0.0000,0.0000,0.0
21243,0.0000,0.0000,0.0
21243,0.0000,0.0000,0.0
21243,0.0000,0.0000,0.0
21243,0.0000,0.0000,0.0
21243,0.0000,0.0000,0.0
21243,0.0000,0.0000,0.0
21243,0.0000,0.0000,0.0
21243,0.0000,0.0000,0.0
21243,0.0000,0.0000,0.0
21243,0.0000,0.0000,0.0
21243,0.0000,0.0000,0.0
21243,0.0000,0.0000,0.0
21243,0.0000,0.0000,0.0
21243,0.0000,0.0000,0.0
21243,0.0000,0.0000,0.0
21243,0.0000,0.0000,0.0
21243,0.0000,0.0000,0.0
21243,0.0000,0.0000,0.0
21243,0.0000,0.0000,0.0
21243,0.0000,0.0000,0.0
21243,0.0000,0.0000,0.0
21243,0.0000,0.0000,0.0
21243,0.0000,0.0000,0.0
21243,0.0000,0.0000,0.0
21243,0.0000,0.0000,0.0
21243,0.0000,0.0000,0.0
21243,0.0000,0.0000,0.0
21243,0.0000,0.0000,0.0
21243,0.0000,0.0000,0.0
21243,0.0000,0.0000,0.0
21243,0.0000,0.0000,0.0
21243,0.0000,0.0000,0.0
21243,0.0000,0.0000,0.0
21243,0.0000,0.0000,0.0
21243,0.0000,0.0000,0.0
21243,0.0000,0.0000,0.0
21243,0.0000,0.0000,0.0
21243,0.0000,0.0000,0.0
21243,0.0000,0.0000,0.0
21243,0.0000,0.0000,0.0
21243,0.0000,0.0000,0.0
21243,0.0000,0.0000,0.0
21243,0.0000,0.0000,0.0
21243,0.0000,0.0000,0.0
21243,0.0000,0.0000,0.0
21243,0.0000,0.0000,0.0
21243,0.0000,0.0000,0.0
21243,0.0000,0.0000,0.0
21243,0.0000,0.0000,0.0
21243,0.0000,0.0000,0.0
21243,0.0000,0.0000,0.0
21243,0.0000,0.0000,0.0
21243,0.0000,0.0000,0.0
21243,0.0000,0.0000,0.0
21243,0.0000,0.0000,0.0
21243,0.0000,0.0000,0.0
21243,0.0000,0.0000,0.0
21243,0.0000,0.0000,0.0
21243,0.0000,0.0000,0.0
21243,0.0000,0.0000,0.0
21243,0.0000,0.0000,0.0
21243,0.0000,0.0000,0.0
21243,0.0000,0.0000,0.0
21243,0.0000,0.0000,0.0
21243,0.0000,0.0000,0.0
21243,0.0000,0.0000,0.0
21243,0.0000,0.0000,0.0
21243,0.0000,0.0000,0.0
21243,0.0000,0.0000,0.0
21243,0.0000,0.0000,0.0
21243,0.0000,0.0000,0.0
21243,0.0000,0.0000,0.0
21243,0.0000,0.0000,0.0
21243,0.0000,0.0000,0.0
21243,0.0000,0.0000,0.0
21243,0.0000,0.0000,0.0
21243,0.0000,0.0000,0.0
21243,0.0000,0.0000,0.0
21243,0.0000,0.0000,0.0
21243,0.0000,0.0000,0.0
21243,0.0000,0.0000,0.0
21243,0.0000,0.0000,0.0
21243,0.0000,0.0000,0.0
21243,0.0000,0.0000,0.0
21243,0.0000,0.0000,0.0
21243,0.0000,0.0000,0.0
21243,0.0000,0.0000,0.0
21243,0.0000,0.0000,0.0
21243,0.0000,0.0000,0.0
21243,0.0000,0.0000,0.0
21243,0.0000,0.0000,0.0
21243,0.0000,0.0000,0.0
21243,0.0000,0.0000,0.0
21243,0.0000,0.0000,0.0
21243,0.0000,0.0000,0.0
21243,0.0000,0.0000,0.0
21243,0.0000,0.0000,0.0
21243,0.0000,0.0000,0.0
21243,0.0000,0.0000,0.0
21243,0.0000,0.0000,0.0
21243,0.0000,0.0000,0.0
21243,0.0000,0.0000,0.0
21243,0.0000,0.0000,0.0
21243,0.0000,0.0000,0.0
21243,0.0000,0.0000,0.0
21243,0.0000,0.0000,0.0
21243,0.0000,0.0000,0.0
21243,0.0000,0.0000,0.0
21243,0.0000,0.0000,0.0
21243,0.0000,0.0000,0.0
21243,0.0000,0.0000,0.0
21243,0.0000,0.0000,0.0
21243,0.0000,0.0000,0.0
21243,0.0000,0.0000,0.0
21243,0.0000,0.0000,0.0
21243,0.0000,0.0000,0.0
21243,0.0000,0.0000,0.0
21243,0.0000,0.0000,0.0
21243,0.0000,0.0000,0.0
21243,0.0000,0.0000,0.0
21243,0.0000,0.0000,0.0
21243,0.0000,0.0000,0.0
21243,0.0000,0.0000,0.0
21243,0.0000,0.0000,0.0
21243,0.0000,0.0000,0.0
21243,0.0000,0.0000,0.0
21243,0.0000,0.0000,0.0
21243,0.0000,0.0000,0.0
21243,0.0000,0.0000,0.0
21243,0.0000,0.0000,0.0
21243,0.0000,0.0000,0.0
21243,0.0000,0.0000,0.0
21243,0.0000,0.0000,0.0
21243,0.0000,0.0000,0.0
21243,0.0000,0.0000,0.0
21243,0.0000,0.0000,0.0
21243,0.0000,0.0000,0.0
21243,0.0000,0.0000,0.0
21243,0.0000,0.0000,0.0
21243,0.0000,0.0000,0.0
21243,0.0000,0.0000,0.0
21243,0.0000,0.0000,0.0
21243,0.0000,0.0000,0.0
21243,0.0000,0.0000,0.0
21243,0.0000,0.0000,0.0
21243,0.0000,0.0000,0.0
21243,0.0000,0.0000,0.0
21243,0.0000,0.0000,0.0
21243,0.0000,0.0000,0.0
21243,0.0000,0.0000,0.0
21243,0.0000,0.0000,0.0
21243,0.0000,0.0000,0.0
21243,0.0000,0.0000,0.0
21243,0.0000,0.0000,0.0
21243,0.0000,0.0000,0.0
21243,0.0000,0.0000,0.0
21243,0.0000,0.0000,0.0
21243,0.0000,0.0000,0.0
21243,0.0000,0.0000,0.0
21243,0.0000,0.0000,0.0
21243,0.0000,0.0000,0.0
21243,0.0000,0.0000,0.0
21243,0.0000,0.0000,0.0
21243,0.0000,0.0000,0.0
21243,0.0000,0.0000,0.0
21243,0.0000,0.0000,0.0
21243,0.0000,0.0000,0.0
21243,0.0000,0.0000,0.0
21243,0.0000,0.0000,0.0
21243,0.0000,0.0000,0.0
21243,0.0000,0.0000,0.0
21243,0.0000,0.0000,0.0
21243,0.0000,0.0000,0.0
21243,0.0000,0.0000,0.0
21243,0.0000,0.0000,0.0
21243,0.0000,0.0000,0.0
21243,0.0000,0.0000,0.0
21243,0.0000,0.0000,0.0
21243,0.0000,0.0000,0.0
21243,0.0000,0.0000,0.0
21243,0.0000,0.0000,0.0
21243,0.0000,0.0000,0.0
21243,0.0000,0.0000,0.0
21243,0.0000,0.0000,0.0
21243,0.0000,0.0000,0.0
21243,0.0000,0.0000,0.0
21243,0.0000,0.0000,0.0
21243,0.0000,0.0000,0.0
21243,0.0000,0.0000,0.0
21243,0.0000,0.0000,0.0
21243,0.0000,0.0000,0.0
21243,0.0000,0.0000,0.0
21243,0.0000,0.0000,0.0
21243,0.0000,0.0000,0.0
21243,0.0000,0.0000,0.0
21243,0.0000,0.0000,0.0
21243,0.0000,0.0000,0.0
21243,0.0000,0.0000,0.0
21243,0.0000,0.0000,0.0
21243,0.0000,0.0000,0.0
21243,0.0000,0.0000,0.0
21243,0.0000,0.0000,0.0
21243,0.0000,0.0000,0.0
21243,0.0000,0.0000,0.0
21243,0.0000,0.0000,0.0
21243,0.0000,0.0000,0.0
21243,0.0000,0.0000,0.0
21243,0.0000,0.0000,0.0
21243,0.0000,0.0000,0.0
21243,0.0000,0.0000,0.0
21243,0.0000,0.0000,0.0
21243,0.0000,0.0000,0.0
21243,0.0000,0.0000,0.0
21243,0.0000,0.0000,0.0
21243,0.0000,0.0000,0.0
21243,0.0000,0.0000,0.0
21243,0.0000,0.0000,0.0
21243,0.0000,0.0000,0.0
21243,0.0000,0.0000,0.0
21243,0.0000,0.0000,0.0
21243,0.0000,0.0000,0.0
21243,0.0000,0.0000,0.0
21243,0.0000,0.0000,0.0
21243,0.0000,0.0000,0.0
21243,0.0000,0.0000,0.0
21243,0.0000,0.0000,0.0
21243,0.0000,0.0000,0.0
21243,0.0000,0.0000,0.0
21243,0.0000,0.0000,0.0
21243,0.0000,0.0000,0.0
21243,0.0000,0.0000,0.0
21243,0.0000,0.0000,0.0
21243,0.0000,0.0000,0.0
21243,0.0000,0.0000,0.0
21243,0.0000,0.0000,0.0
21243,0.0000,0.0000,0.0
21243,0.0000,0.0000,0.0
21243,0.0000,0.0000,0.0
21243,0.0000,0.0000,0.0
21243,0.0000,0.0000,0.0
21243,0.0000,0.0000,0.0
21243,0.0000,0.0000,0.0
21243,0.0000,0.0000,0.0
21243,0.0000,0.0000,0.0
21243,0.0000,0.0000,0.0
21243,0.0000,0.0000,0.0
21243,0.0000,0.0000,0.0
21243,0.0000,0.0000,0.0
21243,0.0000,0.0000,0.0
21243,0.0000,0.0000,0.0
21243,0.0000,0.0000,0.0
21243,0.0000,0.0000,0.0
21243,0.0000,0.0000,0.0
21243,0.0000,0.0000,0.0
21243,0.0000,0.0000,0.0
21243,0.0000,0.0000,0.0
21243,0.0000,0.0000,0.0
21243,0.0000,0.0000,0.0
21243,0.0000,0.0000,0.0
21243,0.0000,0.0000,0.0
21243,0.0000,0.0000,0.0
21243,0.0000,0.0000,0.0
21243,0.0000,0.0000,0.0
21243,0.0000,0.0000,0.0
21243,0.0000,0.0000,0.0
21243,0.0000,0.0000,0.0
21243,0.0000,0.0000,0.0
21243,0.0000,0.0000,0.0
21243,0.0000,0.0000,0.0
21243,0.0000,0.0000,0.0
21243,0.0000,0.0000,0.0
21243,0.0000,0.0000,0.0
21243,0.0000,0.0000,0.0
21243,0.0000,0.0000,0.0
21243,0.0000,0.0000,0.0
21243,0.0000,0.0000,0.0
21243,0.0000,0.0000,0.0
21243,0.0000,0.0000,0.0
21243,0.0000,0.0000,0.0
21243,0.0000,0.0000,0.0
21243,0.0000,0.0000,0.0
21243,0.0000,0.0000,0.0
21243,0.0000,0.0000,0.0
21243,0.0000,0.0000,0.0
21243,0.0000,0.0000,0.0
21243,0.0000,0.0000,0.0
21243,0.0000,0.0000,0.0
21243,0.0000,0.0000,0.0
21243,0.0000,0.0000,0.0
21243,0.0000,0.0000,0.0
21243,0.0000,0.0000,0.0
21243,0.0000,0.0000,0.0
21243,0.0000,0.0000,0.0
21243,0.0000,0.0000,0.0
21243,0.0000,0.0000,0.0
21243,0.0000,0.0000,0.0
21243,0.0000,0.0000,0.0
21243,0.0000,0.0000,0.0
21243,0.0000,0.0000,0.0
21243,0.0000,0.0000,0.0
21243,0.0000,0.0000,0.0
21243,0.0000,0.0000,0.0
21243,0.0000,0.0000,0.0
21243,0.0000,0.0000,0.0
21243,0.0000,0.0000,0.0
21243,0.0000,0.0000,0.0
21243,0.0000,0.0000,0.0
21243,0.0000,0.0000,0.0
21243,0.0000,0.0000,0.0
21243,0.0000,0.0000,0.0
21243,0.0000,0.0000,0.0
21243,0.0000,0.0000,0.0
21243,0.0000,0.0000,0.0
21243,0.0000,0.0000,0.0
21243,0.0000,0.0000,0.0
21243,0.0000,0.0000,0.0
21243,0.0000,0.0000,0.0
21243,0.0000,0.0000,0.0
21243,0.0000,0.0000,0.0
21243,0.0000,0.0000,0.0
21243,0.0000,0.0000,0.0
21243,0.0000,0.0000,0.0
21243,0.0000,0.0000,0.0
21243,0.0000,0.0000,0.0
21243,0.0000,0.0000,0.0
21243,0.0000,0.0000,0.0
21243,0.0000,0.0000,0.0
21243,0.0000,0.0000,0.0
21243,0.0000,0.0000,0.0
21243,0.0000,0.0000,0.0
21243,0.0000,0.0000,0.0
21243,0.0000,0.0000,0.0
21243,0.0000,0.0000,0.0
21243,0.0000,0.0000,0.0
21243,0.0000,0.0000,0.0
21243,0.0000,0.0000,0.0
21243,0.0000,0.0000,0.0
21243,0.0000,0.0000,0.0
21243,0.0000,0.0000,0.0
21243,0.0000,0.0000,0.0
21243,0.0000,0.0000,0.0
21243,0.0000,0.0000,0.0
21243,0.0000,0.0000,0.0
21243,0.0000,0.0000,0.0
21243,0.0000,0.0000,0.0
21243,0.0000,0.0000,0.0
21243,0.0000,0.0000,0.0
21243,0.0000,0.0000,0.0
21243,0.0000,0.0000,0.0
21243,0.0000,0.0000,0.0
21243,0.0000,0.0000,0.0
21243,0.0000,0.0000,0.0
21243,0.0000,0.0000,0.0
21243,0.0000,0.0000,0.0
21243,0.0000,0.0000,0.0
21243,0.0000,0.0000,0.0
21243,0.0000,0.0000,0.0
21243,0.0000,0.0000,0.0
21243,0.0000,0.0000,0.0
21243,0.0000,0.0000,0.0
21243,0.0000,0.0000,0.0
21243,0.0000,0.0000,0.0
21243,0.0000,0.0000,0.0
21243,0.0000,0.0000,0.0
21243,0.0000,0.0000,0.0
21243,0.0000,0.0000,0.0
21243,0.0000,0.0000,0.0
21243,0.0000,0.0000,0.0
21243,0.0000,0.0000,0.0
21243,0.0000,0.0000,0.0
21243,0.0000,0.0000,0.0
21243,0.0000,0.0000,0.0
21243,0.0000,0.0000,0.0
21243,0.0000,0.0000,0.0
21243,0.0000,0.0000,0.0
21243,0.0000,0.0000,0.0
21243,0.0000,0.0000,0.0
21243,0.0000,0.0000,0.0
21243,0.0000,0.0000,0.0
21243,0.0000,0.0000,0.0
21243,0.0000,0.0000,0.0
21243,0.0000,0.0000,0.0
21243,0.0000,0.0000,0.0
21243,0.0000,0.0000,0.0
21243,0.0000,0.0000,0.0
21243,0.0000,0.0000,0.0
21243,0.0000,0.0000,0.0
21243,0.0000,0.0000,0.0
21243,0.0000,0.0000,0.0
21243,0.0000,0.0000,0.0
21243,0.0000,0.0000,0.0
21243,0.0000,0.0000,0.0
21243,0.0000,0.0000,0.0
21243,0.0000,0.0000,0.0
21243,0.0000,0.0000,0.0
21243,0.0000,0.0000,0.0
21243,0.0000,0.0000,0.0
21243,0.0000,0.0000,0.0
21243,0.0000,0.0000,0.0
21243,0.0000,0.0000,0.0
21243,0.0000,0.0000,0.0
21243,0.0000,0.0000,0.0
21243,0.0000,0.0000,0.0
21243,0.0000,0.0000,0.0
21243,0.0000,0.0000,0.0
21243,0.0000,0.0000,0.0
21243,0.0000,0.0000,0.0
21243,0.0000,0.0000,0.0
21243,0.0000,0.0000,0.0
21243,0.0000,0.0000,0.0
21243,0.0000,0.0000,0.0
21243,0.0000,0.0000,0.0
21243,0.0000,0.0000,0.0
21243,0.0000,0.0000,0.0
21243,0.0000,0.0000,0.0
21243,0.0000,0.0000,0.0
21243,0.0000,0.0000,0.0
21243,0.0000,0.0000,0.0
21243,0.0000,0.0000,0.0
21243,0.0000,0.0000,0.0
21243,0.0000,0.0000,0.0
21243,0.0000,0.0000,0.0
21243,0.0000,0.0000,0.0
21243,0.0000,0.0000,0.0
21243,0.0000,0.0000,0.0
21243,0.0000,0.0000,0.0
21243,0.0000,0.0000,0.0
21243,0.0000,0.0000,0.0
21243,0.0000,0.0000,0.0
21243,0.0000,0.0000,0.0
21243,0.0000,0.0000,0.0
21243,0.0000,0.0000,0.0
21243,0.0000,0.0000,0.0
21243,0.0000,0.0000,0.0
21243,0.0000,0.0000,0.0
21243,0.0000,0.0000,0.0
21243,0.0000,0.0000,0.0
21243,0.0000,0.0000,0.0
21243,0.0000,0.0000,0.0
21243,0.0000,0.0000,0.0
21243,0.0000,0.0000,0.0
21243,0.0000,0.0000,0.0
21243,0.0000,0.0000,0.0
21243,0.0000,0.0000,0.0
21243,0.0000,0.0000,0.0
21243,0.0000,0.0000,0.0
21243,0.0000,0.0000,0.0
21243,0.0000,0.0000,0.0
21243,0.0000,0.0000,0.0
21243,0.0000,0.0000,0.0
21243,0.0000,0.0000,0.0
21243,0.0000,0.0000,0.0
21243,0.0000,0.0000,0.0
21243,0.0000,0.0000,0.0
21243,0.0000,0.0000,0.0
21243,0.0000,0.0000,0.0
21243,0.0000,0.0000,0.0
21243,0.0000,0.0000,0.0
21243,0.0000,0.0000,0.0
21243,0.0000,0.0000,0.0
21243,0.0000,0.0000,0.0
21243,0.0000,0.0000,0.0
21243,0.0000,0.0000,0.0
21243,0.0000,0.0000,0.0
21243,0.0000,0.0000,0.0
21243,0.0000,0.0000,0.0
21243,0.0000,0.0000,0.0
21243,0.0000,0.0000,0.0
21243,0.0000,0.0000,0.0
21243,0.0000,0.0000,0.0
21243,0.0000,0.0000,0.0
21243,0.0000,0.0000,0.0
21243,0.0000,0.0000,0.0
21243,0.0000,0.0000,0.0
21243,0.0000,0.0000,0.0
21243,0.0000,0.0000,0.0
21243,0.0000,0.0000,0.0
21243,0.0000,0.0000,0.0
21243,0.0000,0.0000,0.0
21243,0.0000,0.0000,0.0
21243,0.0000,0.0000,0.0
21243,0.0000,0.0000,0.0
21243,0.0000,0.0000,0.0
21243,0.0000,0.0000,0.0
21243,0.0000,0.0000,0.0
21243,0.0000,0.0000,0.0
21243,0.0000,0.0000,0.0
21243,0.0000,0.0000,0.0
21243,0.0000,0.0000,0.0
21243,0.0000,0.0000,0.0
21243,0.0000,0.0000,0.0
21243,0.0000,0.0000,0.0
21243,0.0000,0.0000,0.0
21243,0.0000,0.0000,0.0
21243,0.0000,0.0000,0.0
21243,0.0000,0.0000,0.0
21243,0.0000,0.0000,0.0
21243,0.0000,0.0000,0.0
21243,0.0000,0.0000,0.0
21243,0.0000,0.0000,0.0
21243,0.0000,0.0000,0.0
21243,0.0000,0.0000,0.0
21243,0.0000,0.0000,0.0
21243,0.0000,0.0000,0.0
21243,0.0000,0.0000,0.0
21243,0.0000,0.0000,0.0
21243,0.0000,0.0000,0.0
21243,0.0000,0.0000,0.0
21243,0.0000,0.0000,0.0
21243,0.0000,0.0000,0.0
21243,0.0000,0.0000,0.0
21243,0.0000,0.0000,0.0
21243,0.0000,0.0000,0.0
21243,0.0000,0.0000,0.0
21243,0.0000,0.0000,0.0
21243,0.0000,0.0000,0.0
21243,0.0000,0.0000,0.0
21243,0.0000,0.0000,0.0
21243,0.0000,0.0000,0.0
21243,0.0000,0.0000,0.0
21243,0.0000,0.0000,0.0
21243,0.0000,0.0000,0.0
21243,0.0000,0.0000,0.0
21243,0.0000,0.0000,0.0
21243,0.0000,0.0000,0.0
21243,0.0000,0.0000,0.0
21243,0.0000,0.0000,0.0
21243,0.0000,0.0000,0.0
21243,0.0000,0.0000,0.0
21243,0.0000,0.0000,0.0
21243,0.0000,0.0000,0.0
21243,0.0000,0.0000,0.0
21243,0.0000,0.0000,0.0
21243,0.0000,0.0000,0.0
21243,0.0000,0.0000,0.0
21243,0.0000,0.0000,0.0
21243,0.0000,0.0000,0.0
21243,0.0000,0.0000,0.0
21243,0.0000,0.0000,0.0
21243,0.0000,0.0000,0.0
21243,0.0000,0.0000,0.0
21243,0.0000,0.0000,0.0
21243,0.0000,0.0000,0.0
21243,0.0000,0.0000,0.0
21243,0.0000,0.0000,0.0
21243,0.0000,0.0000,0.0
21243,0.0000,0.0000,0.0
21243,0.0000,0.0000,0.0
21243,0.0000,0.0000,0.0
21243,0.0000,0.0000,0.0
21243,0.0000,0.0000,0.0
21243,0.0000,0.0000,0.0
21243,0.0000,0.0000,0.0
21243,0.0000,0.0000,0.0
21243,0.0000,0.0000,0.0
21243,0.0000,0.0000,0.0
21243,0.0000,0.0000,0.0
21243,0.0000,0.0000,0.0
21243,0.0000,0.0000,0.0
21243,0.0000,0.0000,0.0
21243,0.0000,0.0000,0.0
21243,0.0000,0.0000,0.0
21243,0.0000,0.0000,0.0
21243,0.0000,0.0000,0.0
21243,0.0000,0.0000,0.0
21243,0.0000,0.0000,0.0
21243,0.0000,0.0000,0.0
21243,0.0000,0.0000,0.0
21243,0.0000,0.0000,0.0
21243,0.0000,0.0000,0.0
21243,0.0000,0.0000,0.0
21243,0.0000,0.0000,0.0
21243,0.0000,0.0000,0.0
21243,0.0000,0.0000,0.0
21243,0.0000,0.0000,0.0
21243,0.0000,0.0000,0.0
21243,0.0000,0.0000,0.0
21243,0.0000,0.0000,0.0
21243,0.0000,0.0000,0.0
21243,0.0000,0.0000,0.0
21243,0.0000,0.0000,0.0
21243,0.0000,0.0000,0.0
21243,0.0000,0.0000,0.0
21243,0.0000,0.0000,0.0
21243,0.0000,0.0000,0.0
21243,0.0000,0.0000,0.0
21243,0.0000,0.0000,0.0
21243,0.0000,0.0000,0.0
21243,0.0000,0.0000,0.0
21243,0.0000,0.0000,0.0
21243,0.0000,0.0000,0.0
21243,0.0000,0.0000,0.0
21243,0.0000,0.0000,0.0
21243,0.0000,0.0000,0.0
21243,0.0000,0.0000,0.0
21243,0.0000,0.0000,0.0
21243,0.0000,0.0000,0.0
21243,0.0000,0.0000,0.0
21243,0.0000,0.0000,0.0
21243,0.0000,0.0000,0.0
21243,0.0000,0.0000,0.0
21243,0.0000,0.0000,0.0
21243,0.0000,0.0000,0.0
21243,0.0000,0.0000,0.0
21243,0.0000,0.0000,0.0
21243,0.0000,0.0000,0.0
21243,0.0000,0.0000,0.0
21243,0.0000,0.0000,0.0
21243,0.0000,0.0000,0.0
21243,0.0000,0.0000,0.0
21243,0.0000,0.0000,0.0
21243,0.0000,0.0000,0.0
21243,0.0000,0.0000,0.0
21243,0.0000,0.0000,0.0
21243,0.0000,0.0000,0.0
21243,0.0000,0.0000,0.0
21243,0.0000,0.0000,0.0
21243,0.0000,0.0000,0.0
21243,0.0000,0.0000,0.0
21243,0.0000,0.0000,0.0
21243,0.0000,0.0000,0.0
21243,0.0000,0.0000,0.0
21243,0.0000,0.0000,0.0
21243,0.0000,0.0000,0.0
21243,0.0000,0.0000,0.0
21243,0.0000,0.0000,0.0
21243,0.0000,0.0000,0.0
21243,0.0000,0.0000,0.0
21243,0.0000,0.0000,0.0
21243,0.0000,0.0000,0.0
21243,0.0000,0.0000,0.0
21243,0.0000,0.0000,0.0
21243,0.0000,0.0000,0.0
21243,0.0000,0.0000,0.0
21243,0.0000,0.0000,0.0
21243,0.0000,0.0000,0.0
21243,0.0000,0.0000,0.0
21243,0.0000,0.0000,0.0
21243,0.0000,0.0000,0.0
21243,0.0000,0.0000,0.0
21243,0.0000,0.0000,0.0
21243,0.0000,0.0000,0.0
21243,0.0000,0.0000,0.0
21243,0.0000,0.0000,0.0
21243,0.0000,0.0000,0.0
21243,0.0000,0.0000,0.0
21243,0.0000,0.0000,0.0
21243,0.0000,0.0000,0.0
21243,0.0000,0.0000,0.0
21243,0.0000,0.0000,0.0
21243,0.0000,0.0000,0.0
21243,0.0000,0.0000,0.0
21243,0.0000,0.0000,0.0
21243,0.0000,0.0000,0.0
21243,0.0000,0.0000,0.0
21243,0.0000,0.0000,0.0
21243,0.0000,0.0000,0.0
21243,0.0000,0.0000,0.0
21243,0.0000,0.0000,0.0
21243,0.0000,0.0000,0.0
21243,0.0000,0.0000,0.0
21243,0.0000,0.0000,0.0
21243,0.0000,0.0000,0.0
21243,0.0000,0.0000,0.0
21243,0.0000,0.0000,0.0
21243,0.0000,0.0000,0.0
21243,0.0000,0.0000,0.0
21243,0.0000,0.0000,0.0
21243,0.0000,0.0000,0.0
21243,0.0000,0.0000,0.0
21243,0.0000,0.0000,0.0
21243,0.0000,0.0000,0.0
21243,0.0000,0.0000,0.0
21243,0.0000,0.0000,0.0
21243,0.0000,0.0000,0.0
21243,0.0000,0.0000,0.0
21243,0.0000,0.0000,0.0
21243,0.0000,0.0000,0.0
21243,0.0000,0.0000,0.0
21243,0.0000,0.0000,0.0
21243,0.0000,0.0000,0.0
21243,0.0000,0.0000,0.0
21243,0.0000,0.0000,0.0
21243,0.0000,0.0000,0.0
21243,0.0000,0.0000,0.0
21243,0.0000,0.0000,0.0
21243,0.0000,0.0000,0.0
21243,0.0000,0.0000,0.0
21243,0.0000,0.0000,0.0
21243,0.0000,0.0000,0.0
21243,0.0000,0.0000,0.0
21243,0.0000,0.0000,0.0
21243,0.0000,0.0000,0.0
21243,0.0000,0.0000,0.0
21243,0.0000,0.0000,0.0
21243,0.0000,0.0000,0.0
21243,0.0000,0.0000,0.0
21243,0.0000,0.0000,0.0
21243,0.0000,0.0000,0.0
21243,0.0000,0.0000,0.0
21243,0.0000,0.0000,0.0
21243,0.0000,0.0000,0.0
21243,0.0000,0.0000,0.0
21243,0.0000,0.0000,0.0
21243,0.0000,0.0000,0.0
21243,0.0000,0.0000,0.0
21243,0.0000,0.0000,0.0
21243,0.0000,0.0000,0.0
21243,0.0000,0.0000,0.0
21243,0.0000,0.0000,0.0
21243,0.0000,0.0000,0.0
21243,0.0000,0.0000,0.0
21243,0.0000,0.0000,0.0
21243,0.0000,0.0000,0.0
21243,0.0000,0.0000,0.0
21243,0.0000,0.0000,0.0
21243,0.0000,0.0000,0.0
21243,0.0000,0.0000,0.0
21243,0.0000,0.0000,0.0
21243,0.0000,0.0000,0.0
21243,0.0000,0.0000,0.0
21243,0.0000,0.0000,0.0
21243,0.0000,0.0000,0.0
21243,0.0000,0.0000,0.0
21243,0.0000,0.0000,0.0
21243,0.0000,0.0000,0.0
21243,0.0000,0.0000,0.0
21243,0.0000,0.0000,0.0
21243,0.0000,0.0000,0.0
21243,0.0000,0.0000,0.0
21243,0.0000,0.0000,0.0
21243,0.0000,0.0000,0.0
21243,0.0000,0.0000,0.0
21243,0.0000,0.0000,0.0
21243,0.0000,0.0000,0.0
21243,0.0000,0.0000,0.0
21243,0.0000,0.0000,0.0
21243,0.0000,0.0000,0.0
21243,0.0000,0.0000,0.0
21243,0.0000,0.0000,0.0
21243,0.0000,0.0000,0.0
21243,0.0000,0.0000,0.0
21243,0.0000,0.0000,0.0
21243,0.0000,0.0000,0.0
21243,0.0000,0.0000,0.0
21243,0.0000,0.0000,0.0
21243,0.0000,0.0000,0.0
21243,0.0000,0.0000,0.0
21243,0.0000,0.0000,0.0
21243,0.0000,0.0000,0.0
21243,0.0000,0.0000,0.0
21243,0.0000,0.0000,0.0
21243,0.0000,0.0000,0.0
21243,0.0000,0.0000,0.0
21243,0.0000,0.0000,0.0
21243,0.0000,0.0000,0.0
21243,0.0000,0.0000,0.0
21243,0.0000,0.0000,0.0
21243,0.0000,0.0000,0.0
21243,0.0000,0.0000,0.0
21243,0.0000,0.0000,0.0
21243,0.0000,0.0000,0.0
21243,0.0000,0.0000,0.0
21243,0.0000,0.0000,0.0
21243,0.0000,0.0000,0.0
21243,0.0000,0.0000,0.0
21243,0.0000,0.0000,0.0
21243,0.0000,0.0000,0.0
21243,0.0000,0.0000,0.0
21243,0.0000,0.0000,0.0
21243,0.0000,0.0000,0.0
21243,0.0000,0.0000,0.0
21243,0.0000,0.0000,0.0
21243,0.0000,0.0000,0.0
21243,0.0000,0.0000,0.0
21243,0.0000,0.0000,0.0
21243,0.0000,0.0000,0.0
21243,0.0000,0.0000,0.0
21243,0.0000,0.0000,0.0
21243,0.0000,0.0000,0.0
21243,0.0000,0.0000,0.0
21243,0.0000,0.0000,0.0
21243,0.0000,0.0000,0.0
21243,0.0000,0.0000,0.0
21243,0.0000,0.0000,0.0
21243,0.0000,0.0000,0.0
21243,0.0000,0.0000,0.0
21243,0.0000,0.0000,0.0
21243,0.0000,0.0000,0.0
21243,0.0000,0.0000,0.0
21243,0.0000,0.0000,0.0
21243,0.0000,0.0000,0.0
21243,0.0000,0.0000,0.0
21243,0.0000,0.0000,0.0
21243,0.0000,0.0000,0.0
21243,0.0000,0.0000,0.0
21243,0.0000,0.0000,0.0
21243,0.0000,0.0000,0.0
21243,0.0000,0.0000,0.0
21243,0.0000,0.0000,0.0
21243,0.0000,0.0000,0.0
21243,0.0000,0.0000,0.0
21243,0.0000,0.0000,0.0
21243,0.0000,0.0000,0.0
21243,0.0000,0.0000,0.0
21243,0.0000,0.0000,0.0
21243,0.0000,0.0000,0.0
21243,0.0000,0.0000,0.0
21243,0.0000,0.0000,0.0
21243,0.0000,0.0000,0.0
21243,0.0000,0.0000,0.0
21243,0.0000,0.0000,0.0
21243,0.0000,0.0000,0.0
21243,0.0000,0.0000,0.0
21243,0.0000,0.0000,0.0
21243,0.0000,0.0000,0.0
21243,0.0000,0.0000,0.0
21243,0.0000,0.0000,0.0
21243,0.0000,0.0000,0.0
21243,0.0000,0.0000,0.0
21243,0.0000,0.0000,0.0
21243,0.0000,0.0000,0.0
21243,0.0000,0.0000,0.0
21243,0.0000,0.0000,0.0
21243,0.0000,0.0000,0.0
21243,0.0000,0.0000,0.0
21243,0.0000,0.0000,0.0
21243,0.0000,0.0000,0.0
21243,0.0000,0.0000,0.0
21243,0.0000,0.0000,0.0
21243,0.0000,0.0000,0.0
21243,0.0000,0.0000,0.0
21243,0.0000,0.0000,0.0
21243,0.0000,0.0000,0.0
21243,0.0000,0.0000,0.0
21243,0.0000,0.0000,0.0
21243,0.0000,0.0000,0.0
21243,0.0000,0.0000,0.0
21243,0.0000,0.0000,0.0
21243,0.0000,0.0000,0.0
21243,0.0000,0.0000,0.0
21243,0.0000,0.0000,0.0
21243,0.0000,0.0000,0.0
21243,0.0000,0.0000,0.0
21243,0.0000,0.0000,0.0
21243,0.0000,0.0000,0.0
21243,0.0000,0.0000,0.0
21243,0.0000,0.0000,0.0
21243,0.0000,0.0000,0.0
21243,0.0000,0.0000,0.0
21243,0.0000,0.0000,0.0
21243,0.0000,0.0000,0.0
21243,0.0000,0.0000,0.0
21243,0.0000,0.0000,0.0
21243,0.0000,0.0000,0.0
21243,0.0000,0.0000,0.0
21243,0.0000,0.0000,0.0
21243,0.0000,0.0000,0.0
21243,0.0000,0.0000,0.0
21243,0.0000,0.0000,0.0
21243,0.0000,0.0000,0.0
21243,0.0000,0.0000,0.0
21243,0.0000,0.0000,0.0
21243,0.0000,0.0000,0.0
21243,0.0000,0.0000,0.0
21243,0.0000,0.0000,0.0
21243,0.0000,0.0000,0.0
21243,0.0000,0.0000,0.0
21243,0.0000,0.0000,0.0
21243,0.0000,0.0000,0.0
21243,0.0000,0.0000,0.0
21243,0.0000,0.0000,0.0
21243,0.0000,0.0000,0.0
21243,0.0000,0.0000,0.0
21243,0.0000,0.0000,0.0
21243,0.0000,0.0000,0.0
21243,0.0000,0.0000,0.0
21243,0.0000,0.0000,0.0
21243,0.0000,0.0000,0.0
21243,0.0000,0.0000,0.0
21243,0.0000,0.0000,0.0
21243,0.0000,0.0000,0.0
21243,0.0000,0.0000,0.0
21243,0.0000,0.0000,0.0
21243,0.0000,0.0000,0.0
21243,0.0000,0.0000,0.0
21243,0.0000,0.0000,0.0
21243,0.0000,0.0000,0.0
21243,0.0000,0.0000,0.0
21243,0.0000,0.0000,0.0
21243,0.0000,0.0000,0.0
21243,0.0000,0.0000,0.0
21243,0.0000,0.0000,0.0
21243,0.0000,0.0000,0.0
21243,0.0000,0.0000,0.0
21243,0.0000,0.0000,0.0
21243,0.0000,0.0000,0.0
21243,0.0000,0.0000,0.0
21243,0.0000,0.0000,0.0
21243,0.0000,0.0000,0.0
21243,0.0000,0.0000,0.0
21243,0.0000,0.0000,0.0
21243,0.0000,0.0000,0.0
21243,0.0000,0.0000,0.0
21243,0.0000,0.0000,0.0
21243,0.0000,0.0000,0.0
21243,0.0000,0.0000,0.0
21243,0.0000,0.0000,0.0
21243,0.0000,0.0000,0.0
21243,0.0000,0.0000,0.0
21243,0.0000,0.0000,0.0
21243,0.0000,0.0000,0.0
21243,0.0000,0.0000,0.0
21243,0.0000,0.0000,0.0
21243,0.0000,0.0000,0.0
21243,0.0000,0.0000,0.0
21243,0.0000,0.0000,0.0
21243,0.0000,0.0000,0.0
21243,0.0000,0.0000,0.0
21243,0.0000,0.0000,0.0
21243,0.0000,0.0000,0.0
21243,0.0000,0.0000,0.0
21243,0.0000,0.0000,0.0
21243,0.0000,0.0000,0.0
21243,0.0000,0.0000,0.0
21243,0.0000,0.0000,0.0
21243,0.0000,0.0000,0.0
21243,0.0000,0.0000,0.0
21243,0.0000,0.0000,0.0
21243,0.0000,0.0000,0.0
21243,0.0000,0.0000,0.0
21243,0.0000,0.0000,0.0
21243,0.0000,0.0000,0.0
21243,0.0000,0.0000,0.0
21243,0.0000,0.0000,0.0
21243,0.0000,0.0000,0.0
21243,0.0000,0.0000,0.0
21243,0.0000,0.0000,0.0
21243,0.0000,0.0000,0.0
21243,0.0000,0.0000,0.0
21243,0.0000,0.0000,0.0
21243,0.0000,0.0000,0.0
21243,0.0000,0.0000,0.0
21243,0.0000,0.0000,0.0
21243,0.0000,0.0000,0.0
21243,0.0000,0.0000,0.0
21243,0.0000,0.0000,0.0
21243,0.0000,0.0000,0.0
21243,0.0000,0.0000,0.0
21243,0.0000,0.0000,0.0
21243,0.0000,0.0000,0.0
21243,0.0000,0.0000,0.0
21243,0.0000,0.0000,0.0
21243,0.0000,0.0000,0.0
21243,0.0000,0.0000,0.0
21243,0.0000,0.0000,0.0
21243,0.0000,0.0000,0.0
21243,0.0000,0.0000,0.0
21243,0.0000,0.0000,0.0
21243,0.0000,0.0000,0.0
21243,0.0000,0.0000,0.0
21243,0.0000,0.0000,0.0
21243,0.0000,0.0000,0.0
21243,0.0000,0.0000,0.0
21243,0.0000,0.0000,0.0
21243,0.0000,0.0000,0.0
21243,0.0000,0.0000,0.0
21243,0.0000,0.0000,0.0
21243,0.0000,0.0000,0.0
21243,0.0000,0.0000,0.0
21243,0.0000,0.0000,0.0
21243,0.0000,0.0000,0.0
21243,0.0000,0.0000,0.0
21243,0.0000,0.0000,0.0
21243,0.0000,0.0000,0.0
21243,0.0000,0.0000,0.0
21243,0.0000,0.0000,0.0
21243,0.0000,0.0000,0.0
21243,0.0000,0.0000,0.0
21243,0.0000,0.0000,0.0
21243,0.0000,0.0000,0.0
21243,0.0000,0.0000,0.0
21243,0.0000,0.0000,0.0
21243,0.0000,0.0000,0.0
21243,0.0000,0.0000,0.0
21243,0.0000,0.0000,0.0
21243,0.0000,0.0000,0.0
21243,0.0000,0.0000,0.0
21243,0.0000,0.0000,0.0
21243,0.0000,0.0000,0.0
21243,0.0000,0.0000,0.0
21243,0.0000,0.0000,0.0
21243,0.0000,0.0000,0.0
21243,0.0000,0.0000,0.0
21243,0.0000,0.0000,0.0
21243,0.0000,0.0000,0.0
21243,0.0000,0.0000,0.0
21243,0.0000,0.0000,0.0
21243,0.0000,0.0000,0.0
21243,0.0000,0.0000,0.0
21243,0.0000,0.0000,0.0
21243,0.0000,0.0000,0.0
21243,0.0000,0.0000,0.0
21243,0.0000,0.0000,0.0
21243,0.0000,0.0000,0.0
21243,0.0000,0.0000,0.0
21243,0.0000,0.0000,0.0
21243,0.0000,0.0000,0.0
21243,0.0000,0.0000,0.0
21243,0.0000,0.0000,0.0
21243,0.0000,0.0000,0.0
21243,0.0000,0.0000,0.0
21243,0.0000,0.0000,0.0
21243,0.0000,0.0000,0.0
21243,0.0000,0.0000,0.0
21243,0.0000,0.0000,0.0
21243,0.0000,0.0000,0.0
21243,0.0000,0.0000,0.0
21243,0.0000,0.0000,0.0
21243,0.0000,0.0000,0.0
21243,0.0000,0.0000,0.0
21243,0.0000,0.0000,0.0
21243,0.0000,0.0000,0.0
21243,0.0000,0.0000,0.0
21243,0.0000,0.0000,0.0
21243,0.0000,0.0000,0.0
21243,0.0000,0.0000,0.0
21243,0.0000,0.0000,0.0
21243,0.0000,0.0000,0.0
21243,0.0000,0.0000,0.0
21243,0.0000,0.0000,0.0
21243,0.0000,0.0000,0.0
21243,0.0000,0.0000,0.0
21243,0.0000,0.0000,0.0
21243,0.0000,0.0000,0.0
21243,0.0000,0.0000,0.0
21243,0.0000,0.0000,0.0
21243,0.0000,0.0000,0.0
21243,0.0000,0.0000,0.0
21243,0.0000,0.0000,0.0
21243,0.0000,0.0000,0.0
21243,0.0000,0.0000,0.0
21243,0.0000,0.0000,0.0
21243,0.0000,0.0000,0.0
21243,0.0000,0.0000,0.0
21243,0.0000,0.0000,0.0
21243,0.0000,0.0000,0.0
21243,0.0000,0.0000,0.0
21243,0.0000,0.0000,0.0
21243,0.0000,0.0000,0.0
21243,0.0000,0.0000,0.0
21243,0.0000,0.0000,0.0
21243,0.0000,0.0000,0.0
21243,0.0000,0.0000,0.0
21243,0.0000,0.0000,0.0
21243,0.0000,0.0000,0.0
21243,0.0000,0.0000,0.0
21243,0.0000,0.0000,0.0
21243,0.0000,0.0000,0.0
21243,0.0000,0.0000,0.0
21243,0.0000,0.0000,0.0
21243,0.0000,0.0000,0.0
21243,0.0000,0.0000,0.0
21243,0.0000,0.0000,0.0
21243,0.0000,0.0000,0.0
21243,0.0000,0.0000,0.0
21243,0.0000,0.0000,0.0
21243,0.0000,0.0000,0.0
21243,0.0000,0.0000,0.0
21243,0.0000,0.0000,0.0
21243,0.0000,0.0000,0.0
21243,0.0000,0.0000,0.0
21243,0.0000,0.0000,0.0
21243,0.0000,0.0000,0.0
21243,0.0000,0.0000,0.0
21243,0.0000,0.0000,0.0
21243,0.0000,0.0000,0.0
21243,0.0000,0.0000,0.0
21243,0.0000,0.0000,0.0
21243,0.0000,0.0000,0.0
21243,0.0000,0.0000,0.0
21243,0.0000,0.0000,0.0
21243,0.0000,0.0000,0.0
21243,0.0000,0.0000,0.0
21243,0.0000,0.0000,0.0
21243,0.0000,0.0000,0.0
21243,0.0000,0.0000,0.0
21243,0.0000,0.0000,0.0
21243,0.0000,0.0000,0.0
21243,0.0000,0.0000,0.0
21243,0.0000,0.0000,0.0
21243,0.0000,0.0000,0.0
21243,0.0000,0.0000,0.0
21243,0.0000,0.0000,0.0
21243,0.0000,0.0000,0.0
21243,0.0000,0.0000,0.0
21243,0.0000,0.0000,0.0
21243,0.0000,0.0000,0.0
21243,0.0000,0.0000,0.0
21243,0.0000,0.0000,0.0
21243,0.0000,0.0000,0.0
21243,0.0000,0.0000,0.0
21243,0.0000,0.0000,0.0
21243,0.0000,0.0000,0.0
21243,0.0000,0.0000,0.0
21243,0.0000,0.0000,0.0
21243,0.0000,0.0000,0.0
21243,0.0000,0.0000,0.0
21243,0.0000,0.0000,0.0
21243,0.0000,0.0000,0.0
21243,0.0000,0.0000,0.0
21243,0.0000,0.0000,0.0
21243,0.0000,0.0000,0.0
21243,0.0000,0.0000,0.0
21243,0.0000,0.0000,0.0
21243,0.0000,0.0000,0.0
21243,0.0000,0.0000,0.0
21243,0.0000,0.0000,0.0
21243,0.0000,0.0000,0.0
21243,0.0000,0.0000,0.0
21243,0.0000,0.0000,0.0
21243,0.0000,0.0000,0.0
21243,0.0000,0.0000,0.0
21243,0.0000,0.0000,0.0
21243,0.0000,0.0000,0.0
21243,0.0000,0.0000,0.0
21243,0.0000,0.0000,0.0
21243,0.0000,0.0000,0.0
21243,0.0000,0.0000,0.0
21243,0.0000,0.0000,0.0
21243,0.0000,0.0000,0.0
21243,0.0000,0.0000,0.0
21243,0.0000,0.0000,0.0
21243,0.0000,0.0000,0.0
21243,0.0000,0.0000,0.0
21243,0.0000,0.0000,0.0
21243,0.0000,0.0000,0.0
21243,0.0000,0.0000,0.0
21243,0.0000,0.0000,0.0
21243,0.0000,0.0000,0.0
21243,0.0000,0.0000,0.0
21243,0.0000,0.0000,0.0
21243,0.0000,0.0000,0.0
21243,0.0000,0.0000,0.0
21243,0.0000,0.0000,0.0
21243,0.0000,0.0000,0.0
21243,0.0000,0.0000,0.0
21243,0.0000,0.0000,0.0
21243,0.0000,0.0000,0.0
21243,0.0000,0.0000,0.0
21243,0.0000,0.0000,0.0
21243,0.0000,0.0000,0.0
21243,0.0000,0.0000,0.0
21243,0.0000,0.0000,0.0
21243,0.0000,0.0000,0.0
21243,0.0000,0.0000,0.0
21243,0.0000,0.0000,0.0
21243,0.0000,0.0000,0.0
21243,0.0000,0.0000,0.0
21243,0.0000,0.0000,0.0
21243,0.0000,0.0000,0.0
21243,0.0000,0.0000,0.0
21243,0.0000,0.0000,0.0
21243,0.0000,0.0000,0.0
21243,0.0000,0.0000,0.0
21243,0.0000,0.0000,0.0
21243,0.0000,0.0000,0.0
21243,0.0000,0.0000,0.0
21243,0.0000,0.0000,0.0
21243,0.0000,0.0000,0.0
21243,0.0000,0.0000,0.0
21243,0.0000,0.0000,0.0
21243,0.0000,0.0000,0.0
21243,0.0000,0.0000,0.0
21243,0.0000,0.0000,0.0
21243,0.0000,0.0000,0.0
21243,0.0000,0.0000,0.0
21243,0.0000,0.0000,0.0
21243,0.0000,0.0000,0.0
21243,0.0000,0.0000,0.0
21243,0.0000,0.0000,0.0
21243,0.0000,0.0000,0.0
21243,0.0000,0.0000,0.0
21243,0.0000,0.0000,0.0
21243,0.0000,0.0000,0.0
21243,0.0000,0.0000,0.0
21243,0.0000,0.0000,0.0
21243,0.0000,0.0000,0.0
21243,0.0000,0.0000,0.0
21243,0.0000,0.0000,0.0
21243,0.0000,0.0000,0.0
21243,0.0000,0.0000,0.0
21243,0.0000,0.0000,0.0
21243,0.0000,0.0000,0.0
21243,0.0000,0.0000,0.0
21243,0.0000,0.0000,0.0
21243,0.0000,0.0000,0.0
21243,0.0000,0.0000,0.0
21243,0.0000,0.0000,0.0
21243,0.0000,0.0000,0.0
21243,0.0000,0.0000,0.0
21243,0.0000,0.0000,0.0
21243,0.0000,0.0000,0.0
21243,0.0000,0.0000,0.0
21243,0.0000,0.0000,0.0
21243,0.0000,0.0000,0.0
21243,0.0000,0.0000,0.0
21243,0.0000,0.0000,0.0
21243,0.0000,0.0000,0.0
21243,0.0000,0.0000,0.0
21243,0.0000,0.0000,0.0
21243,0.0000,0.0000,0.0
21243,0.0000,0.0000,0.0
21243,0.0000,0.0000,0.0
21243,0.0000,0.0000,0.0
21243,0.0000,0.0000,0.0
21243,0.0000,0.0000,0.0
21243,0.0000,0.0000,0.0
21243,0.0000,0.0000,0.0
21243,0.0000,0.0000,0.0
21243,0.0000,0.0000,0.0
21243,0.0000,0.0000,0.0
21243,0.0000,0.0000,0.0
21243,0.0000,0.0000,0.0
21243,0.0000,0.0000,0.0
21243,0.0000,0.0000,0.0
21243,0.0000,0.0000,0.0
21243,0.0000,0.0000,0.0
21243,0.0000,0.0000,0.0
21243,0.0000,0.0000,0.0
21243,0.0000,0.0000,0.0
21243,0.0000,0.0000,0.0
21243,0.0000,0.0000,0.0
21243,0.0000,0.0000,0.0
21243,0.0000,0.0000,0.0
21243,0.0000,0.0000,0.0
21243,0.0000,0.0000,0.0
21243,0.0000,0.0000,0.0
21243,0.0000,0.0000,0.0
21243,0.0000,0.0000,0.0
21243,0.0000,0.0000,0.0
21243,0.0000,0.0000,0.0
21243,0.0000,0.0000,0.0
21243,0.0000,0.0000,0.0
21243,0.0000,0.0000,0.0
21243,0.0000,0.0000,0.0
21243,0.0000,0.0000,0.0
21243,0.0000,0.0000,0.0
21243,0.0000,0.0000,0.0
21243,0.0000,0.0000,0.0
21243,0.0000,0.0000,0.0
21243,0.0000,0.0000,0.0
21243,0.0000,0.0000,0.0
21243,0.0000,0.0000,0.0
21243,0.0000,0.0000,0.0
21243,0.0000,0.0000,0.0
21243,0.0000,0.0000,0.0
21243,0.0000,0.0000,0.0
21243,0.0000,0.0000,0.0
21243,0.0000,0.0000,0.0
21243,0.0000,0.0000,0.0
21243,0.0000,0.0000,0.0
21243,0.0000,0.0000,0.0
21243,0.0000,0.0000,0.0
21243,0.0000,0.0000,0.0
21243,0.0000,0.0000,0.0
21243,0.0000,0.0000,0.0
21243,0.0000,0.0000,0.0
21243,0.0000,0.0000,0.0
21243,0.0000,0.0000,0.0
21243,0.0000,0.0000,0.0
21243,0.0000,0.0000,0.0
21243,0.0000,0.0000,0.0
21243,0.0000,0.0000,0.0
21243,0.0000,0.0000,0.0
21243,0.0000,0.0000,0.0
21243,0.0000,0.0000,0.0
21243,0.0000,0.0000,0.0
21243,0.0000,0.0000,0.0
21243,0.0000,0.0000,0.0
21243,0.0000,0.0000,0.0
21243,0.0000,0.0000,0.0
21243,0.0000,0.0000,0.0
21243,0.0000,0.0000,0.0
21243,0.0000,0.0000,0.0
21243,0.0000,0.0000,0.0
21243,0.0000,0.0000,0.0
21243,0.0000,0.0000,0.0
21243,0.0000,0.0000,0.0
21243,0.0000,0.0000,0.0
21243,0.0000,0.0000,0.0
21243,0.0000,0.0000,0.0
21243,0.0000,0.0000,0.0
21243,0.0000,0.0000,0.0
21243,0.0000,0.0000,0.0
21243,0.0000,0.0000,0.0
21243,0.0000,0.0000,0.0
21243,0.0000,0.0000,0.0
21243,0.0000,0.0000,0.0
21243,0.0000,0.0000,0.0
21243,0.0000,0.0000,0.0
21243,0.0000,0.0000,0.0
21243,0.0000,0.0000,0.0
21243,0.0000,0.0000,0.0
21243,0.0000,0.0000,0.0
21243,0.0000,0.0000,0.0
21243,0.0000,0.0000,0.0
21243,0.0000,0.0000,0.0
21243,0.0000,0.0000,0.0
21243,0.0000,0.0000,0.0
21243,0.0000,0.0000,0.0
21243,0.0000,0.0000,0.0
21243,0.0000,0.0000,0.0
21243,0.0000,0.0000,0.0
21243,0.0000,0.0000,0.0
21243,0.0000,0.0000,0.0
21243,0.0000,0.0000,0.0
21243,0.0000,0.0000,0.0
21243,0.0000,0.0000,0.0
21243,0.0000,0.0000,0.0
21243,0.0000,0.0000,0.0
21243,0.0000,0.0000,0.0
21243,0.0000,0.0000,0.0
21243,0.0000,0.0000,0.0
21243,0.0000,0.0000,0.0
21243,0.0000,0.0000,0.0
21243,0.0000,0.0000,0.0
21243,0.0000,0.0000,0.0
21243,0.0000,0.0000,0.0
21243,0.0000,0.0000,0.0
21243,0.0000,0.0000,0.0
21243,0.0000,0.0000,0.0
21243,0.0000,0.0000,0.0
21243,0.0000,0.0000,0.0
21243,0.0000,0.0000,0.0
21243,0.0000,0.0000,0.0
21243,0.0000,0.0000,0.0
21243,0.0000,0.0000,0.0
21243,0.0000,0.0000,0.0
21243,0.0000,0.0000,0.0
21243,0.0000,0.0000,0.0
21243,0.0000,0.0000,0.0
21243,0.0000,0.0000,0.0
21243,0.0000,0.0000,0.0
21243,0.0000,0.0000,0.0
21243,0.0000,0.0000,0.0
21243,0.0000,0.0000,0.0
21243,0.0000,0.0000,0.0
21243,0.0000,0.0000,0.0
21243,0.0000,0.0000,0.0
21243,0.0000,0.0000,0.0
21243,0.0000,0.0000,0.0
21243,0.0000,0.0000,0.0
21243,0.0000,0.0000,0.0
21243,0.0000,0.0000,0.0
21243,0.0000,0.0000,0.0
21243,0.0000,0.0000,0.0
21243,0.0000,0.0000,0.0
21243,0.0000,0.0000,0.0
21243,0.0000,0.0000,0.0
21243,0.0000,0.0000,0.0
21243,0.0000,0.0000,0.0
21243,0.0000,0.0000,0.0
21243,0.0000,0.0000,0.0
21243,0.0000,0.0000,0.0
21243,0.0000,0.0000,0.0
21243,0.0000,0.0000,0.0
21243,0.0000,0.0000,0.0
21243,0.0000,0.0000,0.0
21243,0.0000,0.0000,0.0
21243,0.0000,0.0000,0.0
21243,0.0000,0.0000,0.0
21243,0.0000,0.0000,0.0
21243,0.0000,0.0000,0.0
21243,0.0000,0.0000,0.0
21243,0.0000,0.0000,0.0
21243,0.0000,0.0000,0.0
21243,0.0000,0.0000,0.0
21243,0.0000,0.0000,0.0
21243,0.0000,0.0000,0.0
21243,0.0000,0.0000,0.0
21243,0.0000,0.0000,0.0
21243,0.0000,0.0000,0.0
21243,0.0000,0.0000,0.0
21243,0.0000,0.0000,0.0
21243,0.0000,0.0000,0.0
21243,0.0000,0.0000,0.0
21243,0.0000,0.0000,0.0
21243,0.0000,0.0000,0.0
21243,0.0000,0.0000,0.0
21243,0.0000,0.0000,0.0
21243,0.0000,0.0000,0.0
21243,0.0000,0.0000,0.0
21243,0.0000,0.0000,0.0
21243,0.0000,0.0000,0.0
21243,0.0000,0.0000,0.0
21243,0.0000,0.0000,0.0
21243,0.0000,0.0000,0.0
21243,0.0000,0.0000,0.0
21243,0.0000,0.0000,0.0
21243,0.0000,0.0000,0.0
21243,0.0000,0.0000,0.0
21243,0.0000,0.0000,0.0
21243,0.0000,0.0000,0.0
21243,0.0000,0.0000,0.0
21243,0.0000,0.0000,0.0
21243,0.0000,0.0000,0.0
21243,0.0000,0.0000,0.0
21243,0.0000,0.0000,0.0
21243,0.0000,0.0000,0.0
21243,0.0000,0.0000,0.0
21243,0.0000,0.0000,0.0
21243,0.0000,0.0000,0.0
21243,0.0000,0.0000,0.0
21243,0.0000,0.0000,0.0
21243,0.0000,0.0000,0.0
21243,0.0000,0.0000,0.0
21243,0.0000,0.0000,0.0
21243,0.0000,0.0000,0.0
21243,0.0000,0.0000,0.0
21243,0.0000,0.0000,0.0
21243,0.0000,0.0000,0.0
21243,0.0000,0.0000,0.0
21243,0.0000,0.0000,0.0
21243,0.0000,0.0000,0.0
21243,0.0000,0.0000,0.0
21243,0.0000,0.0000,0.0
21243,0.0000,0.0000,0.0
21243,0.0000,0.0000,0.0
21243,0.0000,0.0000,0.0
21243,0.0000,0.0000,0.0
21243,0.0000,0.0000,0.0
21243,0.0000,0.0000,0.0
21243,0.0000,0.0000,0.0
21243,0.0000,0.0000,0.0
21243,0.0000,0.0000,0.0
21243,0.0000,0.0000,0.0
21243,0.0000,0.0000,0.0
21243,0.0000,0.0000,0.0
21243,0.0000,0.0000,0.0
21243,0.0000,0.0000,0.0
21243,0.0000,0.0000,0.0
21243,0.0000,0.0000,0.0
21243,0.0000,0.0000,0.0
21243,0.0000,0.0000,0.0
21243,0.0000,0.0000,0.0
21243,0.0000,0.0000,0.0
21243,0.0000,0.0000,0.0
21243,0.0000,0.0000,0.0
21243,0.0000,0.0000,0.0
21243,0.0000,0.0000,0.0
21243,0.0000,0.0000,0.0
21243,0.0000,0.0000,0.0
21243,0.0000,0.0000,0.0
21243,0.0000,0.0000,0.0
21243,0.0000,0.0000,0.0
21243,0.0000,0.0000,0.0
21243,0.0000,0.0000,0.0
21243,0.0000,0.0000,0.0
21243,0.0000,0.0000,0.0
21243,0.0000,0.0000,0.0
21243,0.0000,0.0000,0.0
21243,0.0000,0.0000,0.0
21243,0.0000,0.0000,0.0
21243,0.0000,0.0000,0.0
21243,0.0000,0.0000,0.0
21243,0.0000,0.0000,0.0
21243,0.0000,0.0000,0.0
21243,0.0000,0.0000,0.0
21243,0.0000,0.0000,0.0
21243,0.0000,0.0000,0.0
21243,0.0000,0.0000,0.0
21243,0.0000,0.0000,0.0
21243,0.0000,0.0000,0.0
21243,0.0000,0.0000,0.0
21243,0.0000,0.0000,0.0
21243,0.0000,0.0000,0.0
21243,0.0000,0.0000,0.0
21243,0.0000,0.0000,0.0
21243,0.0000,0.0000,0.0
21243,0.0000,0.0000,0.0
21243,0.0000,0.0000,0.0
21243,0.0000,0.0000,0.0
21243,0.0000,0.0000,0.0
21243,0.0000,0.0000,0.0
21243,0.0000,0.0000,0.0
21243,0.0000,0.0000,0.0
21243,0.0000,0.0000,0.0
21243,0.0000,0.0000,0.0
21243,0.0000,0.0000,0.0
21243,0.0000,0.0000,0.0
21243,0.0000,0.0000,0.0
21243,0.0000,0.0000,0.0
21243,0.0000,0.0000,0.0
21243,0.0000,0.0000,0.0
21243,0.0000,0.0000,0.0
21243,0.0000,0.0000,0.0
21243,0.0000,0.0000,0.0
21243,0.0000,0.0000,0.0
21243,0.0000,0.0000,0.0
21243,0.0000,0.0000,0.0
21243,0.0000,0.0000,0.0
21243,0.0000,0.0000,0.0
21243,0.0000,0.0000,0.0
21243,0.0000,0.0000,0.0
21243,0.0000,0.0000,0.0
21243,0.0000,0.0000,0.0
21243,0.0000,0.0000,0.0
21243,0.0000,0.0000,0.0
21243,0.0000,0.0000,0.0
21243,0.0000,0.0000,0.0
21243,0.0000,0.0000,0.0
21243,0.0000,0.0000,0.0
21243,0.0000,0.0000,0.0
21243,0.0000,0.0000,0.0
21243,0.0000,0.0000,0.0
21243,0.0000,0.0000,0.0
21243,0.0000,0.0000,0.0
21243,0.0000,0.0000,0.0
21243,0.0000,0.0000,0.0
21243,0.0000,0.0000,0.0
21243,0.0000,0.0000,0.0
21243,0.0000,0.0000,0.0
21243,0.0000,0.0000,0.0
21243,0.0000,0.0000,0.0
21243,0.0000,0.0000,0.0
21243,0.0000,0.0000,0.0
21243,0.0000,0.0000,0.0
21243,0.0000,0.0000,0.0
21243,0.0000,0.0000,0.0
21243,0.0000,0.0000,0.0
21243,0.0000,0.0000,0.0
21243,0.0000,0.0000,0.0
21243,0.0000,0.0000,0.0
21243,0.0000,0.0000,0.0
21243,0.0000,0.0000,0.0
21243,0.0000,0.0000,0.0
21243,0.0000,0.0000,0.0
21243,0.0000,0.0000,0.0
21243,0.0000,0.0000,0.0
21243,0.0000,0.0000,0.0
21243,0.0000,0.0000,0.0
21243,0.0000,0.0000,0.0
21243,0.0000,0.0000,0.0
21243,0.0000,0.0000,0.0
21243,0.0000,0.0000,0.0
21243,0.0000,0.0000,0.0
21243,0.0000,0.0000,0.0
21243,0.0000,0.0000,0.0
21243,0.0000,0.0000,0.0
21243,0.0000,0.0000,0.0
21243,0.0000,0.0000,0.0
21243,0.0000,0.0000,0.0
21243,0.0000,0.0000,0.0
21243,0.0000,0.0000,0.0
21243,0.0000,0.0000,0.0
21243,0.0000,0.0000,0.0
21243,0.0000,0.0000,0.0
21243,0.0000,0.0000,0.0
21243,0.0000,0.0000,0.0
21243,0.0000,0.0000,0.0
21243,0.0000,0.0000,0.0
21243,0.0000,0.0000,0.0
21243,0.0000,0.0000,0.0
21243,0.0000,0.0000,0.0
21243,0.0000,0.0000,0.0
21243,0.0000,0.0000,0.0
21243,0.0000,0.0000,0.0
21243,0.0000,0.0000,0.0
21243,0.0000,0.0000,0.0
21243,0.0000,0.0000,0.0
21243,0.0000,0.0000,0.0
21243,0.0000,0.0000,0.0
21243,0.0000,0.0000,0.0
21243,0.0000,0.0000,0.0
21243,0.0000,0.0000,0.0
21243,0.0000,0.0000,0.0
21243,0.0000,0.0000,0.0
21243,0.0000,0.0000,0.0
21243,0.0000,0.0000,0.0
21243,0.0000,0.0000,0.0
21243,0.0000,0.0000,0.0
21243,0.0000,0.0000,0.0
21243,0.0000,0.0000,0.0
21243,0.0000,0.0000,0.0
21243,0.0000,0.0000,0.0
21243,0.0000,0.0000,0.0
21243,0.0000,0.0000,0.0
21243,0.0000,0.0000,0.0
21243,0.0000,0.0000,0.0
21243,0.0000,0.0000,0.0
21243,0.0000,0.0000,0.0
21243,0.0000,0.0000,0.0
21243,0.0000,0.0000,0.0
21243,0.0000,0.0000,0.0
21243,0.0000,0.0000,0.0
21243,0.0000,0.0000,0.0
21243,0.0000,0.0000,0.0
21243,0.0000,0.0000,0.0
21243,0.0000,0.0000,0.0
21243,0.0000,0.0000,0.0
21243,0.0000,0.0000,0.0
21243,0.0000,0.0000,0.0
21243,0.0000,0.0000,0.0
21243,0.0000,0.0000,0.0
21243,0.0000,0.0000,0.0
21243,0.0000,0.0000,0.0
21243,0.0000,0.0000,0.0
21243,0.0000,0.0000,0.0
21243,0.0000,0.0000,0.0
21243,0.0000,0.0000,0.0
21243,0.0000,0.0000,0.0
21243,0.0000,0.0000,0.0
21243,0.0000,0.0000,0.0
21243,0.0000,0.0000,0.0
21243,0.0000,0.0000,0.0
21243,0.0000,0.0000,0.0
21243,0.0000,0.0000,0.0
21243,0.0000,0.0000,0.0
21243,0.0000,0.0000,0.0
21243,0.0000,0.0000,0.0
21243,0.0000,0.0000,0.0
21243,0.0000,0.0000,0.0
21243,0.0000,0.0000,0.0
21243,0.0000,0.0000,0.0
21243,0.0000,0.0000,0.0
21243,0.0000,0.0000,0.0
21243,0.0000,0.0000,0.0
21243,0.0000,0.0000,0.0
21243,0.0000,0.0000,0.0
21243,0.0000,0.0000,0.0
21243,0.0000,0.0000,0.0
21243,0.0000,0.0000,0.0
21243,0.0000,0.0000,0.0
21243,0.0000,0.0000,0.0
21243,0.0000,0.0000,0.0
21243,0.0000,0.0000,0.0
21243,0.0000,0.0000,0.0
21243,0.0000,0.0000,0.0
21243,0.0000,0.0000,0.0
21243,0.0000,0.0000,0.0
21243,0.0000,0.0000,0.0
21243,0.0000,0.0000,0.0
21243,0.0000,0.0000,0.0
21243,0.0000,0.0000,0.0
21243,0.0000,0.0000,0.0
21243,0.0000,0.0000,0.0
21243,0.0000,0.0000,0.0
21243,0.0000,0.0000,0.0
21243,0.0000,0.0000,0.0
21243,0.0000,0.0000,0.0
21243,0.0000,0.0000,0.0
21243,0.0000,0.0000,0.0
21243,0.0000,0.0000,0.0
21243,0.0000,0.0000,0.0
21243,0.0000,0.0000,0.0
21243,0.0000,0.0000,0.0
21243,0.0000,0.0000,0.0
21243,0.0000,0.0000,0.0
21243,0.0000,0.0000,0.0
21243,0.0000,0.0000,0.0
21243,0.0000,0.0000,0.0
21243,0.0000,0.0000,0.0
21243,0.0000,0.0000,0.0
21243,0.0000,0.0000,0.0
21243,0.0000,0.0000,0.0
21243,0.0000,0.0000,0.0
21243,0.0000,0.0000,0.0
21243,0.0000,0.0000,0.0
21243,0.0000,0.0000,0.0
21243,0.0000,0.0000,0.0
21243,0.0000,0.0000,0.0
21243,0.0000,0.0000,0.0
21243,0.0000,0.0000,0.0
21243,0.0000,0.0000,0.0
21243,0.0000,0.0000,0.0
21243,0.0000,0.0000,0.0
21243,0.0000,0.0000,0.0
21243,0.0000,0.0000,0.0
21243,0.0000,0.0000,0.0
21243,0.0000,0.0000,0.0
21243,0.0000,0.0000,0.0
21243,0.0000,0.0000,0.0
21243,0.0000,0.0000,0.0
21243,0.0000,0.0000,0.0
21243,0.0000,0.0000,0.0
21243,0.0000,0.0000,0.0
21243,0.0000,0.0000,0.0
21243,0.0000,0.0000,0.0
21243,0.0000,0.0000,0.0
21243,0.0000,0.0000,0.0
21243,0.0000,0.0000,0.0
21243,0.0000,0.0000,0.0
21243,0.0000,0.0000,0.0
21243,0.0000,0.0000,0.0
21243,0.0000,0.0000,0.0
21243,0.0000,0.0000,0.0
21243,0.0000,0.0000,0.0
21243,0.0000,0.0000,0.0
21243,0.0000,0.0000,0.0
21243,0.0000,0.0000,0.0
21243,0.0000,0.0000,0.0
21243,0.0000,0.0000,0.0
21243,0.0000,0.0000,0.0
21243,0.0000,0.0000,0.0
21243,0.0000,0.0000,0.0
21243,0.0000,0.0000,0.0
21243,0.0000,0.0000,0.0
21243,0.0000,0.0000,0.0
21243,0.0000,0.0000,0.0
21243,0.0000,0.0000,0.0
21243,0.0000,0.0000,0.0
21243,0.0000,0.0000,0.0
21243,0.0000,0.0000,0.0
21243,0.0000,0.0000,0.0
21243,0.0000,0.0000,0.0
21243,0.0000,0.0000,0.0
21243,0.0000,0.0000,0.0
21243,0.0000,0.0000,0.0
21243,0.0000,0.0000,0.0
21243,0.0000,0.0000,0.0
21243,0.0000,0.0000,0.0
21243,0.0000,0.0000,0.0
21243,0.0000,0.0000,0.0
21243,0.0000,0.0000,0.0
21243,0.0000,0.0000,0.0
21243,0.0000,0.0000,0.0
21243,0.0000,0.0000,0.0
21243,0.0000,0.0000,0.0
21243,0.0000,0.0000,0.0
21243,0.0000,0.0000,0.0
21243,0.0000,0.0000,0.0
21243,0.0000,0.0000,0.0
21243,0.0000,0.0000,0.0
21243,0.0000,0.0000,0.0
21243,0.0000,0.0000,0.0
21243,0.0000,0.0000,0.0
21243,0.0000,0.0000,0.0
21243,0.0000,0.0000,0.0
21243,0.0000,0.0000,0.0
21243,0.0000,0.0000,0.0
21243,0.0000,0.0000,0.0
21243,0.0000,0.0000,0.0
21243,0.0000,0.0000,0.0
21243,0.0000,0.0000,0.0
21243,0.0000,0.0000,0.0
21243,0.0000,0.0000,0.0
21243,0.0000,0.0000,0.0
21243,0.0000,0.0000,0.0
21243,0.0000,0.0000,0.0
21243,0.0000,0.0000,0.0
21243,0.0000,0.0000,0.0
21243,0.0000,0.0000,0.0
21243,0.0000,0.0000,0.0
21243,0.0000,0.0000,0.0
21243,0.0000,0.0000,0.0
21243,0.0000,0.0000,0.0
21243,0.0000,0.0000,0.0
21243,0.0000,0.0000,0.0
21243,0.0000,0.0000,0.0
21243,0.0000,0.0000,0.0
21243,0.0000,0.0000,0.0
21243,0.0000,0.0000,0.0
21243,0.0000,0.0000,0.0
21243,0.0000,0.0000,0.0
21243,0.0000,0.0000,0.0
21243,0.0000,0.0000,0.0
21243,0.0000,0.0000,0.0
21243,0.0000,0.0000,0.0
21243,0.0000,0.0000,0.0
21243,0.0000,0.0000,0.0
21243,0.0000,0.0000,0.0
21243,0.0000,0.0000,0.0
21243,0.0000,0.0000,0.0
21243,0.0000,0.0000,0.0
21243,0.0000,0.0000,0.0
21243,0.0000,0.0000,0.0
21243,0.0000,0.0000,0.0
21243,0.0000,0.0000,0.0
21243,0.0000,0.0000,0.0
21243,0.0000,0.0000,0.0
21243,0.0000,0.0000,0.0
21243,0.0000,0.0000,0.0
21243,0.0000,0.0000,0.0
21243,0.0000,0.0000,0.0
21243,0.0000,0.0000,0.0
21243,0.0000,0.0000,0.0
21243,0.0000,0.0000,0.0
21243,0.0000,0.0000,0.0
21243,0.0000,0.0000,0.0
21243,0.0000,0.0000,0.0
21243,0.0000,0.0000,0.0
21243,0.0000,0.0000,0.0
21243,0.0000,0.0000,0.0
21243,0.0000,0.0000,0.0
21243,0.0000,0.0000,0.0
21243,0.0000,0.0000,0.0
21243,0.0000,0.0000,0.0
21243,0.0000,0.0000,0.0
21243,0.0000,0.0000,0.0
21243,0.0000,0.0000,0.0
21243,0.0000,0.0000,0.0
21243,0.0000,0.0000,0.0
21243,0.0000,0.0000,0.0
21243,0.0000,0.0000,0.0
21243,0.0000,0.0000,0.0
21243,0.0000,0.0000,0.0
21243,0.0000,0.0000,0.0
21243,0.0000,0.0000,0.0
21243,0.0000,0.0000,0.0
21243,0.0000,0.0000,0.0
21243,0.0000,0.0000,0.0
21243,0.0000,0.0000,0.0
21243,0.0000,0.0000,0.0
21243,0.0000,0.0000,0.0
21243,0.0000,0.0000,0.0
21243,0.0000,0.0000,0.0
21243,0.0000,0.0000,0.0
21243,0.0000,0.0000,0.0
21243,0.0000,0.0000,0.0
21243,0.0000,0.0000,0.0
21243,0.0000,0.0000,0.0
21243,0.0000,0.0000,0.0
21243,0.0000,0.0000,0.0
21243,0.0000,0.0000,0.0
21243,0.0000,0.0000,0.0
21243,0.0000,0.0000,0.0
21243,0.0000,0.0000,0.0
21243,0.0000,0.0000,0.0
21243,0.0000,0.0000,0.0
21243,0.0000,0.0000,0.0
21243,0.0000,0.0000,0.0
21243,0.0000,0.0000,0.0
21243,0.0000,0.0000,0.0
21243,0.0000,0.0000,0.0
21243,0.0000,0.0000,0.0
21243,0.0000,0.0000,0.0
21243,0.0000,0.0000,0.0
21243,0.0000,0.0000,0.0
21243,0.0000,0.0000,0.0
21243,0.0000,0.0000,0.0
21243,0.0000,0.0000,0.0
21243,0.0000,0.0000,0.0
21243,0.0000,0.0000,0.0
21243,0.0000,0.0000,0.0
21243,0.0000,0.0000,0.0
21243,0.0000,0.0000,0.0
21243,0.0000,0.0000,0.0
21243,0.0000,0.0000,0.0
21243,0.0000,0.0000,0.0
21243,0.0000,0.0000,0.0
21243,0.0000,0.0000,0.0
21243,0.0000,0.0000,0.0
21243,0.0000,0.0000,0.0
21243,0.0000,0.0000,0.0
21243,0.0000,0.0000,0.0
21243,0.0000,0.0000,0.0
21243,0.0000,0.0000,0.0
21243,0.0000,0.0000,0.0
21243,0.0000,0.0000,0.0
21243,0.0000,0.0000,0.0
21243,0.0000,0.0000,0.0
21243,0.0000,0.0000,0.0
21243,0.0000,0.0000,0.0
21243,0.0000,0.0000,0.0
21243,0.0000,0.0000,0.0
21243,0.0000,0.0000,0.0
21243,0.0000,0.0000,0.0
21243,0.0000,0.0000,0.0
21243,0.0000,0.0000,0.0
21243,0.0000,0.0000,0.0
21243,0.0000,0.0000,0.0
21243,0.0000,0.0000,0.0
21243,0.0000,0.0000,0.0
21243,0.0000,0.0000,0.0
21243,0.0000,0.0000,0.0
21243,0.0000,0.0000,0.0
21243,0.0000,0.0000,0.0
21243,0.0000,0.0000,0.0
21243,0.0000,0.0000,0.0
21243,0.0000,0.0000,0.0
21243,0.0000,0.0000,0.0
21243,0.0000,0.0000,0.0
21243,0.0000,0.0000,0.0
21243,0.0000,0.0000,0.0
21243,0.0000,0.0000,0.0
21243,0.0000,0.0000,0.0
21243,0.0000,0.0000,0.0
21243,0.0000,0.0000,0.0
21243,0.0000,0.0000,0.0
21243,0.0000,0.0000,0.0
21243,0.0000,0.0000,0.0
21243,0.0000,0.0000,0.0
21243,0.0000,0.0000,0.0
21243,0.0000,0.0000,0.0
21243,0.0000,0.0000,0.0
21243,0.0000,0.0000,0.0
21243,0.0000,0.0000,0.0
21243,0.0000,0.0000,0.0
21243,0.0000,0.0000,0.0
21243,0.0000,0.0000,0.0
21243,0.0000,0.0000,0.0
21243,0.0000,0.0000,0.0
21243,0.0000,0.0000,0.0
21243,0.0000,0.0000,0.0
21243,0.0000,0.0000,0.0
21243,0.0000,0.0000,0.0
21243,0.0000,0.0000,0.0
21243,0.0000,0.0000,0.0
21243,0.0000,0.0000,0.0
21243,0.0000,0.0000,0.0
21243,0.0000,0.0000,0.0
21243,0.0000,0.0000,0.0
21243,0.0000,0.0000,0.0
21243,0.0000,0.0000,0.0
21243,0.0000,0.0000,0.0
21243,0.0000,0.0000,0.0
21243,0.0000,0.0000,0.0
21243,0.0000,0.0000,0.0
21243,0.0000,0.0000,0.0
21243,0.0000,0.0000,0.0
21243,0.0000,0.0000,0.0
21243,0.0000,0.0000,0.0
21243,0.0000,0.0000,0.0
21243,0.0000,0.0000,0.0
21243,0.0000,0.0000,0.0
21243,0.0000,0.0000,0.0
21243,0.0000,0.0000,0.0
21243,0.0000,0.0000,0.0
21243,0.0000,0.0000,0.0
21243,0.0000,0.0000,0.0
21243,0.0000,0.0000,0.0
21243,0.0000,0.0000,0.0
21243,0.0000,0.0000,0.0
21243,0.0000,0.0000,0.0
21243,0.0000,0.0000,0.0
21243,0.0000,0.0000,0.0
21243,0.0000,0.0000,0.0
21243,0.0000,0.0000,0.0
21243,0.0000,0.0000,0.0
21243,0.0000,0.0000,0.0
21243,0.0000,0.0000,0.0
21243,0.0000,0.0000,0.0
21243,0.0000,0.0000,0.0
21243,0.0000,0.0000,0.0
21243,0.0000,0.0000,0.0
21243,0.0000,0.0000,0.0
21243,0.0000,0.0000,0.0
21243,0.0000,0.0000,0.0
21243,0.0000,0.0000,0.0
21243,0.0000,0.0000,0.0
21243,0.0000,0.0000,0.0
21243,0.0000,0.0000,0.0
21243,0.0000,0.0000,0.0
21243,0.0000,0.0000,0.0
21243,0.0000,0.0000,0.0
21243,0.0000,0.0000,0.0
21243,0.0000,0.0000,0.0
21243,0.0000,0.0000,0.0
21243,0.0000,0.0000,0.0
21243,0.0000,0.0000,0.0
21243,0.0000,0.0000,0.0
21243,0.0000,0.0000,0.0
21243,0.0000,0.0000,0.0
21243,0.0000,0.0000,0.0
21243,0.0000,0.0000,0.0
21243,0.0000,0.0000,0.0
21243,0.0000,0.0000,0.0
21243,0.0000,0.0000,0.0
21243,0.0000,0.0000,0.0
21243,0.0000,0.0000,0.0
21243,0.0000,0.0000,0.0
21243,0.0000,0.0000,0.0
21243,0.0000,0.0000,0.0
21243,0.0000,0.0000,0.0
21243,0.0000,0.0000,0.0
21243,0.0000,0.0000,0.0
21243,0.0000,0.0000,0.0
21243,0.0000,0.0000,0.0
21243,0.0000,0.0000,0.0
21243,0.0000,0.0000,0.0
21243,0.0000,0.0000,0.0
21243,0.0000,0.0000,0.0
21243,0.0000,0.0000,0.0
21243,0.0000,0.0000,0.0
21243,0.0000,0.0000,0.0
21243,0.0000,0.0000,0.0
21243,0.0000,0.0000,0.0
21243,0.0000,0.0000,0.0
21243,0.0000,0.0000,0.0
21243,0.0000,0.0000,0.0
21243,0.0000,0.0000,0.0
21243,0.0000,0.0000,0.0
21243,0.0000,0.0000,0.0
21243,0.0000,0.0000,0.0
21243,0.0000,0.0000,0.0
21243,0.0000,0.0000,0.0
21243,0.0000,0.0000,0.0
21243,0.0000,0.0000,0.0
21243,0.0000,0.0000,0.0
21243,0.0000,0.0000,0.0
21243,0.0000,0.0000,0.0
21243,0.0000,0.0000,0.0
21243,0.0000,0.0000,0.0
21243,0.0000,0.0000,0.0
21243,0.0000,0.0000,0.0
21243,0.0000,0.0000,0.0
21243,0.0000,0.0000,0.0
21243,0.0000,0.0000,0.0
21243,0.0000,0.0000,0.0
21243,0.0000,0.0000,0.0
21243,0.0000,0.0000,0.0
21243,0.0000,0.0000,0.0
21243,0.0000,0.0000,0.0
21243,0.0000,0.0000,0.0
21243,0.0000,0.0000,0.0
21243,0.0000,0.0000,0.0
21243,0.0000,0.0000,0.0
21243,0.0000,0.0000,0.0
21243,0.0000,0.0000,0.0
21243,0.0000,0.0000,0.0
21243,0.0000,0.0000,0.0
21243,0.0000,0.0000,0.0
21243,0.0000,0.0000,0.0
21243,0.0000,0.0000,0.0
21243,0.0000,0.0000,0.0
21243,0.0000,0.0000,0.0
21243,0.0000,0.0000,0.0
21243,0.0000,0.0000,0.0
21243,0.0000,0.0000,0.0
21243,0.0000,0.0000,0.0
21243,0.0000,0.0000,0.0
21243,0.0000,0.0000,0.0
21243,0.0000,0.0000,0.0
21243,0.0000,0.0000,0.0
21243,0.0000,0.0000,0.0
21243,0.0000,0.0000,0.0
21243,0.0000,0.0000,0.0
21243,0.0000,0.0000,0.0
21243,0.0000,0.0000,0.0
21243,0.0000,0.0000,0.0
21243,0.0000,0.0000,0.0
21243,0.0000,0.0000,0.0
21243,0.0000,0.0000,0.0
21243,0.0000,0.0000,0.0
21243,0.0000,0.0000,0.0
21243,0.0000,0.0000,0.0
21243,0.0000,0.0000,0.0
21243,0.0000,0.0000,0.0
21243,0.0000,0.0000,0.0
21243,0.0000,0.0000,0.0
21243,0.0000,0.0000,0.0
21243,0.0000,0.0000,0.0
21243,0.0000,0.0000,0.0
21243,0.0000,0.0000,0.0
21243,0.0000,0.0000,0.0
21243,0.0000,0.0000,0.0
21243,0.0000,0.0000,0.0
21243,0.0000,0.0000,0.0
21243,0.0000,0.0000,0.0
21243,0.0000,0.0000,0.0
21243,0.0000,0.0000,0.0
21243,0.0000,0.0000,0.0
21243,0.0000,0.0000,0.0
21243,0.0000,0.0000,0.0
21243,0.0000,0.0000,0.0
21243,0.0000,0.0000,0.0
21243,0.0000,0.0000,0.0
21243,0.0000,0.0000,0.0
21243,0.0000,0.0000,0.0
21243,0.0000,0.0000,0.0
21243,0.0000,0.0000,0.0
21243,0.0000,0.0000,0.0
21243,0.0000,0.0000,0.0
21243,0.0000,0.0000,0.0
21243,0.0000,0.0000,0.0
21243,0.0000,0.0000,0.0
21243,0.0000,0.0000,0.0
21243,0.0000,0.0000,0.0
21243,0.0000,0.0000,0.0
21243,0.0000,0.0000,0.0
21243,0.0000,0.0000,0.0
21243,0.0000,0.0000,0.0
21243,0.0000,0.0000,0.0
21243,0.0000,0.0000,0.0
21243,0.0000,0.0000,0.0
21243,0.0000,0.0000,0.0
21243,0.0000,0.0000,0.0
21243,0.0000,0.0000,0.0
21243,0.0000,0.0000,0.0
21243,0.0000,0.0000,0.0
21243,0.0000,0.0000,0.0
21243,0.0000,0.0000,0.0
21243,0.0000,0.0000,0.0
21243,0.0000,0.0000,0.0
21243,0.0000,0.0000,0.0
21243,0.0000,0.0000,0.0
21243,0.0000,0.0000,0.0
21243,0.0000,0.0000,0.0
21243,0.0000,0.0000,0.0
21243,0.0000,0.0000,0.0
21243,0.0000,0.0000,0.0
21243,0.0000,0.0000,0.0
21243,0.0000,0.0000,0.0
21243,0.0000,0.0000,0.0
21243,0.0000,0.0000,0.0
21243,0.0000,0.0000,0.0
21243,0.0000,0.0000,0.0
21243,0.0000,0.0000,0.0
21243,0.0000,0.0000,0.0
21243,0.0000,0.0000,0.0
21243,0.0000,0.0000,0.0
21243,0.0000,0.0000,0.0
21243,0.0000,0.0000,0.0
21243,0.0000,0.0000,0.0
21243,0.0000,0.0000,0.0
21243,0.0000,0.0000,0.0
21243,0.0000,0.0000,0.0
21243,0.0000,0.0000,0.0
21243,0.0000,0.0000,0.0
21243,0.0000,0.0000,0.0
21243,0.0000,0.0000,0.0
21243,0.0000,0.0000,0.0
21243,0.0000,0.0000,0.0
21243,0.0000,0.0000,0.0
21243,0.0000,0.0000,0.0
21243,0.0000,0.0000,0.0
21243,0.0000,0.0000,0.0
21243,0.0000,0.0000,0.0
21243,0.0000,0.0000,0.0
21243,0.0000,0.0000,0.0
21243,0.0000,0.0000,0.0
21243,0.0000,0.0000,0.0
21243,0.0000,0.0000,0.0
21243,0.0000,0.0000,0.0
21243,0.0000,0.0000,0.0
21243,0.0000,0.0000,0.0
21243,0.0000,0.0000,0.0
21243,0.0000,0.0000,0.0
21243,0.0000,0.0000,0.0
21243,0.0000,0.0000,0.0
21243,0.0000,0.0000,0.0
21243,0.0000,0.0000,0.0
21243,0.0000,0.0000,0.0
21243,0.0000,0.0000,0.0
21243,0.0000,0.0000,0.0
21243,0.0000,0.0000,0.0
21243,0.0000,0.0000,0.0
21243,0.0000,0.0000,0.0
21243,0.0000,0.0000,0.0
21243,0.0000,0.0000,0.0
21243,0.0000,0.0000,0.0
21243,0.0000,0.0000,0.0
21243,0.0000,0.0000,0.0
21243,0.0000,0.0000,0.0
21243,0.0000,0.0000,0.0
21243,0.0000,0.0000,0.0
21243,0.0000,0.0000,0.0
21243,0.0000,0.0000,0.0
21243,0.0000,0.0000,0.0
21243,0.0000,0.0000,0.0
21243,0.0000,0.0000,0.0
21243,0.0000,0.0000,0.0
21243,0.0000,0.0000,0.0
21243,0.0000,0.0000,0.0
21243,0.0000,0.0000,0.0
21243,0.0000,0.0000,0.0
21243,0.0000,0.0000,0.0
21243,0.0000,0.0000,0.0
21243,0.0000,0.0000,0.0
21243,0.0000,0.0000,0.0
21243,0.0000,0.0000,0.0
21243,0.0000,0.0000,0.0
21243,0.0000,0.0000,0.0
21243,0.0000,0.0000,0.0
21243,0.0000,0.0000,0.0
21243,0.0000,0.0000,0.0
21243,0.0000,0.0000,0.0
21243,0.0000,0.0000,0.0
21243,0.0000,0.0000,0.0
21243,0.0000,0.0000,0.0
21243,0.0000,0.0000,0.0
21243,0.0000,0.0000,0.0
21243,0.0000,0.0000,0.0
21243,0.0000,0.0000,0.0
21243,0.0000,0.0000,0.0
21243,0.0000,0.0000,0.0
21243,0.0000,0.0000,0.0
21243,0.0000,0.0000,0.0
21243,0.0000,0.0000,0.0
21243,0.0000,0.0000,0.0
21243,0.0000,0.0000,0.0
21243,0.0000,0.0000,0.0
21243,0.0000,0.0000,0.0
21243,0.0000,0.0000,0.0
21243,0.0000,0.0000,0.0
21243,0.0000,0.0000,0.0
21243,0.0000,0.0000,0.0
21243,0.0000,0.0000,0.0
21243,0.0000,0.0000,0.0
21243,0.0000,0.0000,0.0
21243,0.0000,0.0000,0.0
21243,0.0000,0.0000,0.0
21243,0.0000,0.0000,0.0
21243,0.0000,0.0000,0.0
21243,0.0000,0.0000,0.0
21243,0.0000,0.0000,0.0
21243,0.0000,0.0000,0.0
21243,0.0000,0.0000,0.0
21243,0.0000,0.0000,0.0
21243,0.0000,0.0000,0.0
21243,0.0000,0.0000,0.0
21243,0.0000,0.0000,0.0
21243,0.0000,0.0000,0.0
21243,0.0000,0.0000,0.0
21243,0.0000,0.0000,0.0
21243,0.0000,0.0000,0.0
21243,0.0000,0.0000,0.0
21243,0.0000,0.0000,0.0
21243,0.0000,0.0000,0.0
21243,0.0000,0.0000,0.0
21243,0.0000,0.0000,0.0
21243,0.0000,0.0000,0.0
21243,0.0000,0.0000,0.0
21243,0.0000,0.0000,0.0
21243,0.0000,0.0000,0.0
21243,0.0000,0.0000,0.0
21243,0.0000,0.0000,0.0
21243,0.0000,0.0000,0.0
21243,0.0000,0.0000,0.0
21243,0.0000,0.0000,0.0
21243,0.0000,0.0000,0.0
21243,0.0000,0.0000,0.0
21243,0.0000,0.0000,0.0
21243,0.0000,0.0000,0.0
21243,0.0000,0.0000,0.0
21243,0.0000,0.0000,0.0
21243,0.0000,0.0000,0.0
21243,0.0000,0.0000,0.0
21243,0.0000,0.0000,0.0
21243,0.0000,0.0000,0.0
21243,0.0000,0.0000,0.0
21243,0.0000,0.0000,0.0
21243,0.0000,0.0000,0.0
21243,0.0000,0.0000,0.0
21243,0.0000,0.0000,0.0
21243,0.0000,0.0000,0.0
21243,0.0000,0.0000,0.0
21243,0.0000,0.0000,0.0
21243,0.0000,0.0000,0.0
21243,0.0000,0.0000,0.0
21243,0.0000,0.0000,0.0
21243,0.0000,0.0000,0.0
21243,0.0000,0.0000,0.0
21243,0.0000,0.0000,0.0
21243,0.0000,0.0000,0.0
21243,0.0000,0.0000,0.0
21243,0.0000,0.0000,0.0
21243,0.0000,0.0000,0.0
21243,0.0000,0.0000,0.0
21243,0.0000,0.0000,0.0
21243,0.0000,0.0000,0.0
21243,0.0000,0.0000,0.0
21243,0.0000,0.0000,0.0
21243,0.0000,0.0000,0.0
21243,0.0000,0.0000,0.0
21243,0.0000,0.0000,0.0
21243,0.0000,0.0000,0.0
21243,0.0000,0.0000,0.0
21243,0.0000,0.0000,0.0
21243,0.0000,0.0000,0.0
21243,0.0000,0.0000,0.0
21243,0.0000,0.0000,0.0
21243,0.0000,0.0000,0.0
21243,0.0000,0.0000,0.0
21243,0.0000,0.0000,0.0
21243,0.0000,0.0000,0.0
21243,0.0000,0.0000,0.0
21243,0.0000,0.0000,0.0
21243,0.0000,0.0000,0.0
21243,0.0000,0.0000,0.0
21243,0.0000,0.0000,0.0
21243,0.0000,0.0000,0.0
21243,0.0000,0.0000,0.0
21243,0.0000,0.0000,0.0
21243,0.0000,0.0000,0.0
21243,0.0000,0.0000,0.0
21243,0.0000,0.0000,0.0
21243,0.0000,0.0000,0.0
21243,0.0000,0.0000,0.0
21243,0.0000,0.0000,0.0
21243,0.0000,0.0000,0.0
21243,0.0000,0.0000,0.0
21243,0.0000,0.0000,0.0
21243,0.0000,0.0000,0.0
21243,0.0000,0.0000,0.0
21243,0.0000,0.0000,0.0
21243,0.0000,0.0000,0.0
21243,0.0000,0.0000,0.0
21243,0.0000,0.0000,0.0
21243,0.0000,0.0000,0.0
21243,0.0000,0.0000,0.0
21243,0.0000,0.0000,0.0
21243,0.0000,0.0000,0.0
21243,0.0000,0.0000,0.0
21243,0.0000,0.0000,0.0
21243,0.0000,0.0000,0.0
21243,0.0000,0.0000,0.0
21243,0.0000,0.0000,0.0
21243,0.0000,0.0000,0.0
21243,0.0000,0.0000,0.0
21243,0.0000,0.0000,0.0
21243,0.0000,0.0000,0.0
21243,0.0000,0.0000,0.0
21243,0.0000,0.0000,0.0
21243,0.0000,0.0000,0.0
21243,0.0000,0.0000,0.0
21243,0.0000,0.0000,0.0
21243,0.0000,0.0000,0.0
21243,0.0000,0.0000,0.0
21243,0.0000,0.0000,0.0
21243,0.0000,0.0000,0.0
21243,0.0000,0.0000,0.0
21243,0.0000,0.0000,0.0
21243,0.0000,0.0000,0.0
21243,0.0000,0.0000,0.0
21243,0.0000,0.0000,0.0
21243,0.0000,0.0000,0.0
21243,0.0000,0.0000,0.0
21243,0.0000,0.0000,0.0
21243,0.0000,0.0000,0.0
21243,0.0000,0.0000,0.0
21243,0.0000,0.0000,0.0
21243,0.0000,0.0000,0.0
21243,0.0000,0.0000,0.0
21243,0.0000,0.0000,0.0
21243,0.0000,0.0000,0.0
21243,0.0000,0.0000,0.0
21243,0.0000,0.0000,0.0
21243,0.0000,0.0000,0.0
21243,0.0000,0.0000,0.0
21243,0.0000,0.0000,0.0
21243,0.0000,0.0000,0.0
21243,0.0000,0.0000,0.0
21243,0.0000,0.0000,0.0
21243,0.0000,0.0000,0.0
21243,0.0000,0.0000,0.0
21243,0.0000,0.0000,0.0
21243,0.0000,0.0000,0.0
21243,0.0000,0.0000,0.0
21243,0.0000,0.0000,0.0
21243,0.0000,0.0000,0.0
21243,0.0000,0.0000,0.0
21243,0.0000,0.0000,0.0
21243,0.0000,0.0000,0.0
21243,0.0000,0.0000,0.0
21243,0.0000,0.0000,0.0
21243,0.0000,0.0000,0.0
21243,0.0000,0.0000,0.0
21243,0.0000,0.0000,0.0
21243,0.0000,0.0000,0.0
21243,0.0000,0.0000,0.0
21243,0.0000,0.0000,0.0
21243,0.0000,0.0000,0.0
21243,0.0000,0.0000,0.0
21243,0.0000,0.0000,0.0
21243,0.0000,0.0000,0.0
21243,0.0000,0.0000,0.0
21243,0.0000,0.0000,0.0
21243,0.0000,0.0000,0.0
21243,0.0000,0.0000,0.0
21243,0.0000,0.0000,0.0
21243,0.0000,0.0000,0.0
21243,0.0000,0.0000,0.0
21243,0.0000,0.0000,0.0
21243,0.0000,0.0000,0.0
21243,0.0000,0.0000,0.0
21243,0.0000,0.0000,0.0
21243,0.0000,0.0000,0.0
21243,0.0000,0.0000,0.0
21243,0.0000,0.0000,0.0
21243,0.0000,0.0000,0.0
21243,0.0000,0.0000,0.0
21243,0.0000,0.0000,0.0
21243,0.0000,0.0000,0.0
21243,0.0000,0.0000,0.0
21243,0.0000,0.0000,0.0
21243,0.0000,0.0000,0.0
21243,0.0000,0.0000,0.0
21243,0.0000,0.0000,0.0
21243,0.0000,0.0000,0.0
21243,0.0000,0.0000,0.0
21243,0.0000,0.0000,0.0
21243,0.0000,0.0000,0.0
21243,0.0000,0.0000,0.0
21243,0.0000,0.0000,0.0
21243,0.0000,0.0000,0.0
21243,0.0000,0.0000,0.0
21243,0.0000,0.0000,0.0
21243,0.0000,0.0000,0.0
21243,0.0000,0.0000,0.0
21243,0.0000,0.0000,0.0
21243,0.0000,0.0000,0.0
21243,0.0000,0.0000,0.0
21243,0.0000,0.0000,0.0
21243,0.0000,0.0000,0.0
21243,0.0000,0.0000,0.0
21243,0.0000,0.0000,0.0
21243,0.0000,0.0000,0.0
21243,0.0000,0.0000,0.0
21243,0.0000,0.0000,0.0
21243,0.0000,0.0000,0.0
21243,0.0000,0.0000,0.0
21243,0.0000,0.0000,0.0
21243,0.0000,0.0000,0.0
21243,0.0000,0.0000,0.0
21243,0.0000,0.0000,0.0
21243,0.0000,0.0000,0.0
21243,0.0000,0.0000,0.0
21243,0.0000,0.0000,0.0
21243,0.0000,0.0000,0.0
21243,0.0000,0.0000,0.0
21243,0.0000,0.0000,0.0
21243,0.0000,0.0000,0.0
21243,0.0000,0.0000,0.0
21243,0.0000,0.0000,0.0
21243,0.0000,0.0000,0.0
21243,0.0000,0.0000,0.0
21243,0.0000,0.0000,0.0
21243,0.0000,0.0000,0.0
21243,0.0000,0.0000,0.0
21243,0.0000,0.0000,0.0
21243,0.0000,0.0000,0.0
21243,0.0000,0.0000,0.0
21243,0.0000,0.0000,0.0
21243,0.0000,0.0000,0.0
21243,0.0000,0.0000,0.0
21243,0.0000,0.0000,0.0
21243,0.0000,0.0000,0.0
21243,0.0000,0.0000,0.0
21243,0.0000,0.0000,0.0
21243,0.0000,0.0000,0.0
21243,0.0000,0.0000,0.0
21243,0.0000,0.0000,0.0
21243,0.0000,0.0000,0.0
21243,0.0000,0.0000,0.0
21243,0.0000,0.0000,0.0
21243,0.0000,0.0000,0.0
21243,0.0000,0.0000,0.0
21243,0.0000,0.0000,0.0
21243,0.0000,0.0000,0.0
21243,0.0000,0.0000,0.0
21243,0.0000,0.0000,0.0
21243,0.0000,0.0000,0.0
21243,0.0000,0.0000,0.0
21243,0.0000,0.0000,0.0
21243,0.0000,0.0000,0.0
21243,0.0000,0.0000,0.0
21243,0.0000,0.0000,0.0
21243,0.0000,0.0000,0.0
21243,0.0000,0.0000,0.0
21243,0.0000,0.0000,0.0
21243,0.0000,0.0000,0.0
21243,0.0000,0.0000,0.0
21243,0.0000,0.0000,0.0
21243,0.0000,0.0000,0.0
21243,0.0000,0.0000,0.0
21243,0.0000,0.0000,0.0
21243,0.0000,0.0000,0.0
21243,0.0000,0.0000,0.0
21243,0.0000,0.0000,0.0
21243,0.0000,0.0000,0.0
21243,0.0000,0.0000,0.0
21243,0.0000,0.0000,0.0
21243,0.0000,0.0000,0.0
21243,0.0000,0.0000,0.0
21243,0.0000,0.0000,0.0
21243,0.0000,0.0000,0.0
21243,0.0000,0.0000,0.0
21243,0.0000,0.0000,0.0
21243,0.0000,0.0000,0.0
21243,0.0000,0.0000,0.0
21243,0.0000,0.0000,0.0
21243,0.0000,0.0000,0.0
21243,0.0000,0.0000,0.0
21243,0.0000,0.0000,0.0
21243,0.0000,0.0000,0.0
21243,0.0000,0.0000,0.0
21243,0.0000,0.0000,0.0
21243,0.0000,0.0000,0.0
21243,0.0000,0.0000,0.0
21243,0.0000,0.0000,0.0
21243,0.0000,0.0000,0.0
21243,0.0000,0.0000,0.0
21243,0.0000,0.0000,0.0
21243,0.0000,0.0000,0.0
21243,0.0000,0.0000,0.0
21243,0.0000,0.0000,0.0
21243,0.0000,0.0000,0.0
21243,0.0000,0.0000,0.0
21243,0.0000,0.0000,0.0
21243,0.0000,0.0000,0.0
21243,0.0000,0.0000,0.0
21243,0.0000,0.0000,0.0
21243,0.0000,0.0000,0.0
21243,0.0000,0.0000,0.0
21243,0.0000,0.0000,0.0
21243,0.0000,0.0000,0.0
21243,0.0000,0.0000,0.0
21243,0.0000,0.0000,0.0
21243,0.0000,0.0000,0.0
21243,0.0000,0.0000,0.0
21243,0.0000,0.0000,0.0
21243,0.0000,0.0000,0.0
21243,0.0000,0.0000,0.0
21243,0.0000,0.0000,0.0
21243,0.0000,0.0000,0.0
21243,0.0000,0.0000,0.0
21243,0.0000,0.0000,0.0
21243,0.0000,0.0000,0.0
21243,0.0000,0.0000,0.0
21243,0.0000,0.0000,0.0
21243,0.0000,0.0000,0.0
21243,0.0000,0.0000,0.0
21243,0.0000,0.0000,0.0
21243,0.0000,0.0000,0.0
21243,0.0000,0.0000,0.0
21243,0.0000,0.0000,0.0
21243,0.0000,0.0000,0.0
21243,0.0000,0.0000,0.0
21243,0.0000,0.0000,0.0
21243,0.0000,0.0000,0.0
21243,0.0000,0.0000,0.0
21243,0.0000,0.0000,0.0
21243,0.0000,0.0000,0.0
21243,0.0000,0.0000,0.0
21243,0.0000,0.0000,0.0
21243,0.0000,0.0000,0.0
21243,0.0000,0.0000,0.0
21243,0.0000,0.0000,0.0
21243,0.0000,0.0000,0.0
21243,0.0000,0.0000,0.0
21243,0.0000,0.0000,0.0
21243,0.0000,0.0000,0.0
21243,0.0000,0.0000,0.0
21243,0.0000,0.0000,0.0
21243,0.0000,0.0000,0.0
21243,0.0000,0.0000,0.0
21243,0.0000,0.0000,0.0
21243,0.0000,0.0000,0.0
21243,0.0000,0.0000,0.0
21243,0.0000,0.0000,0.0
21243,0.0000,0.0000,0.0
21243,0.0000,0.0000,0.0
21243,0.0000,0.0000,0.0
21243,0.0000,0.0000,0.0
21243,0.0000,0.0000,0.0
21243,0.0000,0.0000,0.0
21243,0.0000,0.0000,0.0
21243,0.0000,0.0000,0.0
21243,0.0000,0.0000,0.0
21243,0.0000,0.0000,0.0
21243,0.0000,0.0000,0.0
21243,0.0000,0.0000,0.0
21243,0.0000,0.0000,0.0
21243,0.0000,0.0000,0.0
21243,0.0000,0.0000,0.0
21243,0.0000,0.0000,0.0
21243,0.0000,0.0000,0.0
21243,0.0000,0.0000,0.0
21243,0.0000,0.0000,0.0
21243,0.0000,0.0000,0.0
21243,0.0000,0.0000,0.0
21243,0.0000,0.0000,0.0
21243,0.0000,0.0000,0.0
21243,0.0000,0.0000,0.0
21243,0.0000,0.0000,0.0
21243,0.0000,0.0000,0.0
21243,0.0000,0.0000,0.0
21243,0.0000,0.0000,0.0
21243,0.0000,0.0000,0.0
21243,0.0000,0.0000,0.0
21243,0.0000,0.0000,0.0
21243,0.0000,0.0000,0.0
21243,0.0000,0.0000,0.0
21243,0.0000,0.0000,0.0
21243,0.0000,0.0000,0.0
21243,0.0000,0.0000,0.0
21243,0.0000,0.0000,0.0
21243,0.0000,0.0000,0.0
21243,0.0000,0.0000,0.0
21243,0.0000,0.0000,0.0
21243,0.0000,0.0000,0.0
21243,0.0000,0.0000,0.0
21243,0.0000,0.0000,0.0
21243,0.0000,0.0000,0.0
21243,0.0000,0.0000,0.0
21243,0.0000,0.0000,0.0
21243,0.0000,0.0000,0.0
21243,0.0000,0.0000,0.0
21243,0.0000,0.0000,0.0
21243,0.0000,0.0000,0.0
21243,0.0000,0.0000,0.0
21243,0.0000,0.0000,0.0
21243,0.0000,0.0000,0.0
21243,0.0000,0.0000,0.0
21243,0.0000,0.0000,0.0
21243,0.0000,0.0000,0.0
21243,0.0000,0.0000,0.0
21243,0.0000,0.0000,0.0
21243,0.0000,0.0000,0.0
21243,0.0000,0.0000,0.0
21243,0.0000,0.0000,0.0
21243,0.0000,0.0000,0.0
21243,0.0000,0.0000,0.0
21243,0.0000,0.0000,0.0
21243,0.0000,0.0000,0.0
21243,0.0000,0.0000,0.0
21243,0.0000,0.0000,0.0
21243,0.0000,0.0000,0.0
21243,0.0000,0.0000,0.0
21243,0.0000,0.0000,0.0
21243,0.0000,0.0000,0.0
21243,0.0000,0.0000,0.0
21243,0.0000,0.0000,0.0
21243,0.0000,0.0000,0.0
21243,0.0000,0.0000,0.0
21243,0.0000,0.0000,0.0
21243,0.0000,0.0000,0.0
21243,0.0000,0.0000,0.0
21243,0.0000,0.0000,0.0
21243,0.0000,0.0000,0.0
21243,0.0000,0.0000,0.0
21243,0.0000,0.0000,0.0
21243,0.0000,0.0000,0.0
21243,0.0000,0.0000,0.0
21243,0.0000,0.0000,0.0
21243,0.0000,0.0000,0.0
21243,0.0000,0.0000,0.0
21243,0.0000,0.0000,0.0
21243,0.0000,0.0000,0.0
21243,0.0000,0.0000,0.0
21243,0.0000,0.0000,0.0
21243,0.0000,0.0000,0.0
21243,0.0000,0.0000,0.0
21243,0.0000,0.0000,0.0
21243,0.0000,0.0000,0.0
21243,0.0000,0.0000,0.0
21243,0.0000,0.0000,0.0
21243,0.0000,0.0000,0.0
21243,0.0000,0.0000,0.0
21243,0.0000,0.0000,0.0
21243,0.0000,0.0000,0.0
21243,0.0000,0.0000,0.0
21243,0.0000,0.0000,0.0
21243,0.0000,0.0000,0.0
21243,0.0000,0.0000,0.0
21243,0.0000,0.0000,0.0
21243,0.0000,0.0000,0.0
21243,0.0000,0.0000,0.0
21243,0.0000,0.0000,0.0
21243,0.0000,0.0000,0.0
21243,0.0000,0.0000,0.0
21243,0.0000,0.0000,0.0
21243,0.0000,0.0000,0.0
21243,0.0000,0.0000,0.0
21243,0.0000,0.0000,0.0
21243,0.0000,0.0000,0.0
21243,0.0000,0.0000,0.0
21243,0.0000,0.0000,0.0
21243,0.0000,0.0000,0.0
21243,0.0000,0.0000,0.0
21243,0.0000,0.0000,0.0
21243,0.0000,0.0000,0.0
21243,0.0000,0.0000,0.0
21243,0.0000,0.0000,0.0
21243,0.0000,0.0000,0.0
21243,0.0000,0.0000,0.0
21243,0.0000,0.0000,0.0
21243,0.0000,0.0000,0.0
21243,0.0000,0.0000,0.0
21243,0.0000,0.0000,0.0
21243,0.0000,0.0000,0.0
21243,0.0000,0.0000,0.0
21243,0.0000,0.0000,0.0
21243,0.0000,0.0000,0.0
21243,0.0000,0.0000,0.0
21243,0.0000,0.0000,0.0
21243,0.0000,0.0000,0.0
21243,0.0000,0.0000,0.0
21243,0.0000,0.0000,0.0
21243,0.0000,0.0000,0.0
21243,0.0000,0.0000,0.0
21243,0.0000,0.0000,0.0
21243,0.0000,0.0000,0.0
21243,0.0000,0.0000,0.0
21243,0.0000,0.0000,0.0
21243,0.0000,0.0000,0.0
21243,0.0000,0.0000,0.0
21243,0.0000,0.0000,0.0
21243,0.0000,0.0000,0.0
21243,0.0000,0.0000,0.0
21243,0.0000,0.0000,0.0
21243,0.0000,0.0000,0.0
21243,0.0000,0.0000,0.0
21243,0.0000,0.0000,0.0
21243,0.0000,0.0000,0.0
21243,0.0000,0.0000,0.0
21243,0.0000,0.0000,0.0
21243,0.0000,0.0000,0.0
21243,0.0000,0.0000,0.0
21243,0.0000,0.0000,0.0
21243,0.0000,0.0000,0.0
21243,0.0000,0.0000,0.0
21243,0.0000,0.0000,0.0
21243,0.0000,0.0000,0.0
21243,0.0000,0.0000,0.0
21243,0.0000,0.0000,0.0
21243,0.0000,0.0000,0.0
21243,0.0000,0.0000,0.0
21243,0.0000,0.0000,0.0
21243,0.0000,0.0000,0.0
21243,0.0000,0.0000,0.0
21243,0.0000,0.0000,0.0
21243,0.0000,0.0000,0.0
21243,0.0000,0.0000,0.0
21243,0.0000,0.0000,0.0
21243,0.0000,0.0000,0.0
21243,0.0000,0.0000,0.0
21243,0.0000,0.0000,0.0
21243,0.0000,0.0000,0.0
21243,0.0000,0.0000,0.0
21243,0.0000,0.0000,0.0
21243,0.0000,0.0000,0.0
21243,0.0000,0.0000,0.0
21243,0.0000,0.0000,0.0
21243,0.0000,0.0000,0.0
21243,0.0000,0.0000,0.0
21243,0.0000,0.0000,0.0
21243,0.0000,0.0000,0.0
21243,0.0000,0.0000,0.0
21243,0.0000,0.0000,0.0
21243,0.0000,0.0000,0.0
21243,0.0000,0.0000,0.0
21243,0.0000,0.0000,0.0
21243,0.0000,0.0000,0.0
21243,0.0000,0.0000,0.0
21243,0.0000,0.0000,0.0
21243,0.0000,0.0000,0.0
21243,0.0000,0.0000,0.0
21243,0.0000,0.0000,0.0
21243,0.0000,0.0000,0.0
21243,0.0000,0.0000,0.0
21243,0.0000,0.0000,0.0
21243,0.0000,0.0000,0.0
21243,0.0000,0.0000,0.0
21243,0.0000,0.0000,0.0
21243,0.0000,0.0000,0.0
21243,0.0000,0.0000,0.0
21243,0.0000,0.0000,0.0
21243,0.0000,0.0000,0.0
21243,0.0000,0.0000,0.0
21243,0.0000,0.0000,0.0
21243,0.0000,0.0000,0.0
21243,0.0000,0.0000,0.0
21243,0.0000,0.0000,0.0
21243,0.0000,0.0000,0.0
21243,0.0000,0.0000,0.0
21243,0.0000,0.0000,0.0
21243,0.0000,0.0000,0.0
21243,0.0000,0.0000,0.0
21243,0.0000,0.0000,0.0
21243,0.0000,0.0000,0.0
21243,0.0000,0.0000,0.0
21243,0.0000,0.0000,0.0
21243,0.0000,0.0000,0.0
21243,0.0000,0.0000,0.0
21243,0.0000,0.0000,0.0
21243,0.0000,0.0000,0.0
21243,0.0000,0.0000,0.0
21243,0.0000,0.0000,0.0
21243,0.0000,0.0000,0.0
21243,0.0000,0.0000,0.0
21243,0.0000,0.0000,0.0
21243,0.0000,0.0000,0.0
21243,0.0000,0.0000,0.0
21243,0.0000,0.0000,0.0
21243,0.0000,0.0000,0.0
21243,0.0000,0.0000,0.0
21243,0.0000,0.0000,0.0
21243,0.0000,0.0000,0.0
21243,0.0000,0.0000,0.0
21243,0.0000,0.0000,0.0
21243,0.0000,0.0000,0.0
21243,0.0000,0.0000,0.0
21243,0.0000,0.0000,0.0
21243,0.0000,0.0000,0.0
21243,0.0000,0.0000,0.0
21243,0.0000,0.0000,0.0
21243,0.0000,0.0000,0.0
21243,0.0000,0.0000,0.0
21243,0.0000,0.0000,0.0
21243,0.0000,0.0000,0.0
21243,0.0000,0.0000,0.0
21243,0.0000,0.0000,0.0
21243,0.0000,0.0000,0.0
21243,0.0000,0.0000,0.0
21243,0.0000,0.0000,0.0
21243,0.0000,0.0000,0.0
21243,0.0000,0.0000,0.0
21243,0.0000,0.0000,0.0
21243,0.0000,0.0000,0.0
21243,0.0000,0.0000,0.0
21243,0.0000,0.0000,0.0
21243,0.0000,0.0000,0.0
21243,0.0000,0.0000,0.0
21243,0.0000,0.0000,0.0
21243,0.0000,0.0000,0.0
21243,0.0000,0.0000,0.0
21243,0.0000,0.0000,0.0
21243,0.0000,0.0000,0.0
21243,0.0000,0.0000,0.0
21243,0.0000,0.0000,0.0
21243,0.0000,0.0000,0.0
21243,0.0000,0.0000,0.0
21243,0.0000,0.0000,0.0
21243,0.0000,0.0000,0.0
21243,0.0000,0.0000,0.0
21243,0.0000,0.0000,0.0
21243,0.0000,0.0000,0.0
21243,0.0000,0.0000,0.0
21243,0.0000,0.0000,0.0
21243,0.0000,0.0000,0.0
21243,0.0000,0.0000,0.0
21243,0.0000,0.0000,0.0
21243,0.0000,0.0000,0.0
21243,0.0000,0.0000,0.0
21243,0.0000,0.0000,0.0
21243,0.0000,0.0000,0.0
21243,0.0000,0.0000,0.0
21243,0.0000,0.0000,0.0
21243,0.0000,0.0000,0.0
21243,0.0000,0.0000,0.0
21243,0.0000,0.0000,0.0
21243,0.0000,0.0000,0.0
21243,0.0000,0.0000,0.0
21243,0.0000,0.0000,0.0
21243,0.0000,0.0000,0.0
21243,0.0000,0.0000,0.0
21243,0.0000,0.0000,0.0
21243,0.0000,0.0000,0.0
21243,0.0000,0.0000,0.0
21243,0.0000,0.0000,0.0
21243,0.0000,0.0000,0.0
21243,0.0000,0.0000,0.0
21243,0.0000,0.0000,0.0
21243,0.0000,0.0000,0.0
21243,0.0000,0.0000,0.0
21243,0.0000,0.0000,0.0
21243,0.0000,0.0000,0.0
21243,0.0000,0.0000,0.0
21243,0.0000,0.0000,0.0
21243,0.0000,0.0000,0.0
21243,0.0000,0.0000,0.0
21243,0.0000,0.0000,0.0
21243,0.0000,0.0000,0.0
21243,0.0000,0.0000,0.0
21243,0.0000,0.0000,0.0
21243,0.0000,0.0000,0.0
21243,0.0000,0.0000,0.0
21243,0.0000,0.0000,0.0
21243,0.0000,0.0000,0.0
21243,0.0000,0.0000,0.0
21243,0.0000,0.0000,0.0
21243,0.0000,0.0000,0.0
21243,0.0000,0.0000,0.0
21243,0.0000,0.0000,0.0
21243,0.0000,0.0000,0.0
21243,0.0000,0.0000,0.0
21243,0.0000,0.0000,0.0
21243,0.0000,0.0000,0.0
21243,0.0000,0.0000,0.0
21243,0.0000,0.0000,0.0
21243,0.0000,0.0000,0.0
21243,0.0000,0.0000,0.0
21243,0.0000,0.0000,0.0
21243,0.0000,0.0000,0.0
21243,0.0000,0.0000,0.0
21243,0.0000,0.0000,0.0
21243,0.0000,0.0000,0.0
21243,0.0000,0.0000,0.0
21243,0.0000,0.0000,0.0
21243,0.0000,0.0000,0.0
21243,0.0000,0.0000,0.0
21243,0.0000,0.0000,0.0
21243,0.0000,0.0000,0.0
21243,0.0000,0.0000,0.0
21243,0.0000,0.0000,0.0
21243,0.0000,0.0000,0.0
21243,0.0000,0.0000,0.0
21243,0.0000,0.0000,0.0
21243,0.0000,0.0000,0.0
21243,0.0000,0.0000,0.0
21243,0.0000,0.0000,0.0
21243,0.0000,0.0000,0.0
21243,0.0000,0.0000,0.0
21243,0.0000,0.0000,0.0
21243,0.0000,0.0000,0.0
21243,0.0000,0.0000,0.0
21243,0.0000,0.0000,0.0
21243,0.0000,0.0000,0.0
21243,0.0000,0.0000,0.0
21243,0.0000,0.0000,0.0
21243,0.0000,0.0000,0.0
21243,0.0000,0.0000,0.0
21243,0.0000,0.0000,0.0
21243,0.0000,0.0000,0.0
21243,0.0000,0.0000,0.0
21243,0.0000,0.0000,0.0
21243,0.0000,0.0000,0.0
21243,0.0000,0.0000,0.0
21243,0.0000,0.0000,0.0
21243,0.0000,0.0000,0.0
21243,0.0000,0.0000,0.0
21243,0.0000,0.0000,0.0
21243,0.0000,0.0000,0.0
21243,0.0000,0.0000,0.0
21243,0.0000,0.0000,0.0
21243,0.0000,0.0000,0.0
21243,0.0000,0.0000,0.0
21243,0.0000,0.0000,0.0
21243,0.0000,0.0000,0.0
21243,0.0000,0.0000,0.0
21243,0.0000,0.0000,0.0
21243,0.0000,0.0000,0.0
21243,0.0000,0.0000,0.0
21243,0.0000,0.0000,0.0
21243,0.0000,0.0000,0.0
21243,0.0000,0.0000,0.0
21243,0.0000,0.0000,0.0
21243,0.0000,0.0000,0.0
21243,0.0000,0.0000,0.0
21243,0.0000,0.0000,0.0
21243,0.0000,0.0000,0.0
21243,0.0000,0.0000,0.0
21243,0.0000,0.0000,0.0
21243,0.0000,0.0000,0.0
21243,0.0000,0.0000,0.0
21243,0.0000,0.0000,0.0
21243,0.0000,0.0000,0.0
21243,0.0000,0.0000,0.0
21243,0.0000,0.0000,0.0
21243,0.0000,0.0000,0.0
21243,0.0000,0.0000,0.0
21243,0.0000,0.0000,0.0
21243,0.0000,0.0000,0.0
21243,0.0000,0.0000,0.0
21243,0.0000,0.0000,0.0
21243,0.0000,0.0000,0.0
21243,0.0000,0.0000,0.0
21243,0.0000,0.0000,0.0
21243,0.0000,0.0000,0.0
21243,0.0000,0.0000,0.0
21243,0.0000,0.0000,0.0
21243,0.0000,0.0000,0.0
21243,0.0000,0.0000,0.0
21243,0.0000,0.0000,0.0
21243,0.0000,0.0000,0.0
21243,0.0000,0.0000,0.0
21243,0.0000,0.0000,0.0
21243,0.0000,0.0000,0.0
21243,0.0000,0.0000,0.0
21243,0.0000,0.0000,0.0
21243,0.0000,0.0000,0.0
21243,0.0000,0.0000,0.0
21243,0.0000,0.0000,0.0
21243,0.0000,0.0000,0.0
21243,0.0000,0.0000,0.0
21243,0.0000,0.0000,0.0
21243,0.0000,0.0000,0.0
21243,0.0000,0.0000,0.0
21243,0.0000,0.0000,0.0
21243,0.0000,0.0000,0.0
21243,0.0000,0.0000,0.0
21243,0.0000,0.0000,0.0
21243,0.0000,0.0000,0.0
21243,0.0000,0.0000,0.0
21243,0.0000,0.0000,0.0
21243,0.0000,0.0000,0.0
21243,0.0000,0.0000,0.0
21243,0.0000,0.0000,0.0
21243,0.0000,0.0000,0.0
21243,0.0000,0.0000,0.0
21243,0.0000,0.0000,0.0
21243,0.0000,0.0000,0.0
21243,0.0000,0.0000,0.0
21243,0.0000,0.0000,0.0
21243,0.0000,0.0000,0.0
21243,0.0000,0.0000,0.0
21243,0.0000,0.0000,0.0
21243,0.0000,0.0000,0.0
21243,0.0000,0.0000,0.0
21243,0.0000,0.0000,0.0
21243,0.0000,0.0000,0.0
21243,0.0000,0.0000,0.0
21243,0.0000,0.0000,0.0
21243,0.0000,0.0000,0.0
21243,0.0000,0.0000,0.0
21243,0.0000,0.0000,0.0
21243,0.0000,0.0000,0.0
21243,0.0000,0.0000,0.0
21243,0.0000,0.0000,0.0
21243,0.0000,0.0000,0.0
21243,0.0000,0.0000,0.0
21243,0.0000,0.0000,0.0
21243,0.0000,0.0000,0.0
21243,0.0000,0.0000,0.0
21243,0.0000,0.0000,0.0
21243,0.0000,0.0000,0.0
21243,0.0000,0.0000,0.0
21243,0.0000,0.0000,0.0
21243,0.0000,0.0000,0.0
21243,0.0000,0.0000,0.0
21243,0.0000,0.0000,0.0
21243,0.0000,0.0000,0.0
21243,0.0000,0.0000,0.0
21243,0.0000,0.0000,0.0
21243,0.0000,0.0000,0.0
21243,0.0000,0.0000,0.0
21243,0.0000,0.0000,0.0
21243,0.0000,0.0000,0.0
21243,0.0000,0.0000,0.0
21243,0.0000,0.0000,0.0
21243,0.0000,0.0000,0.0
21243,0.0000,0.0000,0.0
21243,0.0000,0.0000,0.0
21243,0.0000,0.0000,0.0
21243,0.0000,0.0000,0.0
21243,0.0000,0.0000,0.0
21243,0.0000,0.0000,0.0
21243,0.0000,0.0000,0.0
21243,0.0000,0.0000,0.0
21243,0.0000,0.0000,0.0
21243,0.0000,0.0000,0.0
21243,0.0000,0.0000,0.0
21243,0.0000,0.0000,0.0
21243,0.0000,0.0000,0.0
21243,0.0000,0.0000,0.0
21243,0.0000,0.0000,0.0
21243,0.0000,0.0000,0.0
21243,0.0000,0.0000,0.0
21243,0.0000,0.0000,0.0
21243,0.0000,0.0000,0.0
21243,0.0000,0.0000,0.0
21243,0.0000,0.0000,0.0
21243,0.0000,0.0000,0.0
21243,0.0000,0.0000,0.0
21243,0.0000,0.0000,0.0
21243,0.0000,0.0000,0.0
21243,0.0000,0.0000,0.0
21243,0.0000,0.0000,0.0
21243,0.0000,0.0000,0.0
21243,0.0000,0.0000,0.0
21243,0.0000,0.0000,0.0
21243,0.0000,0.0000,0.0
21243,0.0000,0.0000,0.0
21243,0.0000,0.0000,0.0
21243,0.0000,0.0000,0.0
21243,0.0000,0.0000,0.0
21243,0.0000,0.0000,0.0
21243,0.0000,0.0000,0.0
21243,0.0000,0.0000,0.0
21243,0.0000,0.0000,0.0
21243,0.0000,0.0000,0.0
21243,0.0000,0.0000,0.0
21243,0.0000,0.0000,0.0
21243,0.0000,0.0000,0.0
21243,0.0000,0.0000,0.0
21243,0.0000,0.0000,0.0
21243,0.0000,0.0000,0.0
21243,0.0000,0.0000,0.0
21243,0.0000,0.0000,0.0
21243,0.0000,0.0000,0.0
21243,0.0000,0.0000,0.0
21243,0.0000,0.0000,0.0
21243,0.0000,0.0000,0.0
21243,0.0000,0.0000,0.0
21243,0.0000,0.0000,0.0
21243,0.0000,0.0000,0.0
21243,0.0000,0.0000,0.0
21243,0.0000,0.0000,0.0
21243,0.0000,0.0000,0.0
21243,0.0000,0.0000,0.0
21243,0.0000,0.0000,0.0
21243,0.0000,0.0000,0.0
21243,0.0000,0.0000,0.0
21243,0.0000,0.0000,0.0
21243,0.0000,0.0000,0.0
21243,0.0000,0.0000,0.0
21243,0.0000,0.0000,0.0
21243,0.0000,0.0000,0.0
21243,0.0000,0.0000,0.0
21243,0.0000,0.0000,0.0
21243,0.0000,0.0000,0.0
21243,0.0000,0.0000,0.0
21243,0.0000,0.0000,0.0
21243,0.0000,0.0000,0.0
21243,0.0000,0.0000,0.0
21243,0.0000,0.0000,0.0
21243,0.0000,0.0000,0.0
21243,0.0000,0.0000,0.0
21243,0.0000,0.0000,0.0
21243,0.0000,0.0000,0.0
21243,0.0000,0.0000,0.0
21243,0.0000,0.0000,0.0
21243,0.0000,0.0000,0.0
21243,0.0000,0.0000,0.0
21243,0.0000,0.0000,0.0
21243,0.0000,0.0000,0.0
21243,0.0000,0.0000,0.0
21243,0.0000,0.0000,0.0
21243,0.0000,0.0000,0.0
21243,0.0000,0.0000,0.0
21243,0.0000,0.0000,0.0
21243,0.0000,0.0000,0.0
21243,0.0000,0.0000,0.0
21243,0.0000,0.0000,0.0
21243,0.0000,0.0000,0.0
21243,0.0000,0.0000,0.0
21243,0.0000,0.0000,0.0
21243,0.0000,0.0000,0.0
21243,0.0000,0.0000,0.0
21243,0.0000,0.0000,0.0
21243,0.0000,0.0000,0.0
21243,0.0000,0.0000,0.0
21243,0.0000,0.0000,0.0
21243,0.0000,0.0000,0.0
21243,0.0000,0.0000,0.0
21243,0.0000,0.0000,0.0
21243,0.0000,0.0000,0.0
21243,0.0000,0.0000,0.0
21243,0.0000,0.0000,0.0
21243,0.0000,0.0000,0.0
21243,0.0000,0.0000,0.0
21243,0.0000,0.0000,0.0
21243,0.0000,0.0000,0.0
21243,0.0000,0.0000,0.0
21243,0.0000,0.0000,0.0
21243,0.0000,0.0000,0.0
21243,0.0000,0.0000,0.0
21243,0.0000,0.0000,0.0
21243,0.0000,0.0000,0.0
21243,0.0000,0.0000,0.0
21243,0.0000,0.0000,0.0
21243,0.0000,0.0000,0.0
21243,0.0000,0.0000,0.0
21243,0.0000,0.0000,0.0
21243,0.0000,0.0000,0.0
21243,0.0000,0.0000,0.0
21243,0.0000,0.0000,0.0
21243,0.0000,0.0000,0.0
21243,0.0000,0.0000,0.0
21243,0.0000,0.0000,0.0
21243,0.0000,0.0000,0.0
21243,0.0000,0.0000,0.0
21243,0.0000,0.0000,0.0
21243,0.0000,0.0000,0.0
21243,0.0000,0.0000,0.0
21243,0.0000,0.0000,0.0
21243,0.0000,0.0000,0.0
21243,0.0000,0.0000,0.0
21243,0.0000,0.0000,0.0
21243,0.0000,0.0000,0.0
21243,0.0000,0.0000,0.0
21243,0.0000,0.0000,0.0
21243,0.0000,0.0000,0.0
21243,0.0000,0.0000,0.0
21243,0.0000,0.0000,0.0
21243,0.0000,0.0000,0.0
21243,0.0000,0.0000,0.0
21243,0.0000,0.0000,0.0
21243,0.0000,0.0000,0.0
21243,0.0000,0.0000,0.0
21243,0.0000,0.0000,0.0
21243,0.0000,0.0000,0.0
21243,0.0000,0.0000,0.0
21243,0.0000,0.0000,0.0
21243,0.0000,0.0000,0.0
21243,0.0000,0.0000,0.0
21243,0.0000,0.0000,0.0
21243,0.0000,0.0000,0.0
21243,0.0000,0.0000,0.0
21243,0.0000,0.0000,0.0
21243,0.0000,0.0000,0.0
21243,0.0000,0.0000,0.0
21243,0.0000,0.0000,0.0
21243,0.0000,0.0000,0.0
21243,0.0000,0.0000,0.0
21243,0.0000,0.0000,0.0
21243,0.0000,0.0000,0.0
21243,0.0000,0.0000,0.0
21243,0.0000,0.0000,0.0
21243,0.0000,0.0000,0.0
21243,0.0000,0.0000,0.0
21243,0.0000,0.0000,0.0
21243,0.0000,0.0000,0.0
21243,0.0000,0.0000,0.0
21243,0.0000,0.0000,0.0
21243,0.0000,0.0000,0.0
21243,0.0000,0.0000,0.0
21243,0.0000,0.0000,0.0
21243,0.0000,0.0000,0.0
21243,0.0000,0.0000,0.0
21243,0.0000,0.0000,0.0
21243,0.0000,0.0000,0.0
21243,0.0000,0.0000,0.0
21243,0.0000,0.0000,0.0
21243,0.0000,0.0000,0.0
21243,0.0000,0.0000,0.0
21243,0.0000,0.0000,0.0
21243,0.0000,0.0000,0.0
21243,0.0000,0.0000,0.0
21243,0.0000,0.0000,0.0
21243,0.0000,0.0000,0.0
21243,0.0000,0.0000,0.0
21243,0.0000,0.0000,0.0
21243,0.0000,0.0000,0.0
21243,0.0000,0.0000,0.0
21243,0.0000,0.0000,0.0
21243,0.0000,0.0000,0.0
21243,0.0000,0.0000,0.0
21243,0.0000,0.0000,0.0
21243,0.0000,0.0000,0.0
21243,0.0000,0.0000,0.0
21243,0.0000,0.0000,0.0
21243,0.0000,0.0000,0.0
21243,0.0000,0.0000,0.0
21243,0.0000,0.0000,0.0
21243,0.0000,0.0000,0.0
21243,0.0000,0.0000,0.0
21243,0.0000,0.0000,0.0
21243,0.0000,0.0000,0.0
21243,0.0000,0.0000,0.0
21243,0.0000,0.0000,0.0
21243,0.0000,0.0000,0.0
21243,0.0000,0.0000,0.0
21243,0.0000,0.0000,0.0
21243,0.0000,0.0000,0.0
21243,0.0000,0.0000,0.0
21243,0.0000,0.0000,0.0
21243,0.0000,0.0000,0.0
21243,0.0000,0.0000,0.0
21243,0.0000,0.0000,0.0
21243,0.0000,0.0000,0.0
21243,0.0000,0.0000,0.0
21243,0.0000,0.0000,0.0
21243,0.0000,0.0000,0.0
21243,0.0000,0.0000,0.0
21243,0.0000,0.0000,0.0
21243,0.0000,0.0000,0.0
21243,0.0000,0.0000,0.0
21243,0.0000,0.0000,0.0
21243,0.0000,0.0000,0.0
21243,0.0000,0.0000,0.0
21243,0.0000,0.0000,0.0
21243,0.0000,0.0000,0.0
21243,0.0000,0.0000,0.0
21243,0.0000,0.0000,0.0
21243,0.0000,0.0000,0.0
21243,0.0000,0.0000,0.0
21243,0.0000,0.0000,0.0
21243,0.0000,0.0000,0.0
21243,0.0000,0.0000,0.0
21243,0.0000,0.0000,0.0
21243,0.0000,0.0000,0.0
21243,0.0000,0.0000,0.0
21243,0.0000,0.0000,0.0
21243,0.0000,0.0000,0.0
21243,0.0000,0.0000,0.0
21243,0.0000,0.0000,0.0
21243,0.0000,0.0000,0.0
21243,0.0000,0.0000,0.0
21243,0.0000,0.0000,0.0
21243,0.0000,0.0000,0.0
21243,0.0000,0.0000,0.0
21243,0.0000,0.0000,0.0
21243,0.0000,0.0000,0.0
21243,0.0000,0.0000,0.0
21243,0.0000,0.0000,0.0
21243,0.0000,0.0000,0.0
21243,0.0000,0.0000,0.0
21243,0.0000,0.0000,0.0
21243,0.0000,0.0000,0.0
21243,0.0000,0.0000,0.0
21243,0.0000,0.0000,0.0
21243,0.0000,0.0000,0.0
21243,0.0000,0.0000,0.0
21243,0.0000,0.0000,0.0
21243,0.0000,0.0000,0.0
21243,0.0000,0.0000,0.0
21243,0.0000,0.0000,0.0
21243,0.0000,0.0000,0.0
21243,0.0000,0.0000,0.0
21243,0.0000,0.0000,0.0
21243,0.0000,0.0000,0.0
21243,0.0000,0.0000,0.0
21243,0.0000,0.0000,0.0
21243,0.0000,0.0000,0.0
21243,0.0000,0.0000,0.0
21243,0.0000,0.0000,0.0
21243,0.0000,0.0000,0.0
21243,0.0000,0.0000,0.0
21243,0.0000,0.0000,0.0
21243,0.0000,0.0000,0.0
21243,0.0000,0.0000,0.0
21243,0.0000,0.0000,0.0
21243,0.0000,0.0000,0.0
21243,0.0000,0.0000,0.0
21243,0.0000,0.0000,0.0
21243,0.0000,0.0000,0.0
21243,0.0000,0.0000,0.0
21243,0.0000,0.0000,0.0
21243,0.0000,0.0000,0.0
21243,0.0000,0.0000,0.0
21243,0.0000,0.0000,0.0
21243,0.0000,0.0000,0.0
21243,0.0000,0.0000,0.0
21243,0.0000,0.0000,0.0
21243,0.0000,0.0000,0.0
21243,0.0000,0.0000,0.0
21243,0.0000,0.0000,0.0
21243,0.0000,0.0000,0.0
21243,0.0000,0.0000,0.0
21243,0.0000,0.0000,0.0
21243,0.0000,0.0000,0.0
21243,0.0000,0.0000,0.0
21243,0.0000,0.0000,0.0
21243,0.0000,0.0000,0.0
21243,0.0000,0.0000,0.0
21243,0.0000,0.0000,0.0
21243,0.0000,0.0000,0.0
21243,0.0000,0.0000,0.0
21243,0.0000,0.0000,0.0
21243,0.0000,0.0000,0.0
21243,0.0000,0.0000,0.0
21243,0.0000,0.0000,0.0
21243,0.0000,0.0000,0.0
21243,0.0000,0.0000,0.0
21243,0.0000,0.0000,0.0
21243,0.0000,0.0000,0.0
21243,0.0000,0.0000,0.0
21243,0.0000,0.0000,0.0
21243,0.0000,0.0000,0.0
21243,0.0000,0.0000,0.0
21243,0.0000,0.0000,0.0
21243,0.0000,0.0000,0.0
21243,0.0000,0.0000,0.0
21243,0.0000,0.0000,0.0
21243,0.0000,0.0000,0.0
21243,0.0000,0.0000,0.0
21243,0.0000,0.0000,0.0
21243,0.0000,0.0000,0.0
21243,0.0000,0.0000,0.0
21243,0.0000,0.0000,0.0
21243,0.0000,0.0000,0.0
21243,0.0000,0.0000,0.0
21243,0.0000,0.0000,0.0
21243,0.0000,0.0000,0.0
21243,0.0000,0.0000,0.0
21243,0.0000,0.0000,0.0
21243,0.0000,0.0000,0.0
21243,0.0000,0.0000,0.0
21243,0.0000,0.0000,0.0
21243,0.0000,0.0000,0.0
21243,0.0000,0.0000,0.0
21243,0.0000,0.0000,0.0
21243,0.0000,0.0000,0.0
21243,0.0000,0.0000,0.0
21243,0.0000,0.0000,0.0
21243,0.0000,0.0000,0.0
21243,0.0000,0.0000,0.0
21243,0.0000,0.0000,0.0
21243,0.0000,0.0000,0.0
21243,0.0000,0.0000,0.0
21243,0.0000,0.0000,0.0
21243,0.0000,0.0000,0.0
21243,0.0000,0.0000,0.0
21243,0.0000,0.0000,0.0
21243,0.0000,0.0000,0.0
21243,0.0000,0.0000,0.0
21243,0.0000,0.0000,0.0
21243,0.0000,0.0000,0.0
21243,0.0000,0.0000,0.0
21243,0.0000,0.0000,0.0
21243,0.0000,0.0000,0.0
21243,0.0000,0.0000,0.0
21243,0.0000,0.0000,0.0
21243,0.0000,0.0000,0.0
21243,0.0000,0.0000,0.0
21243,0.0000,0.0000,0.0
21243,0.0000,0.0000,0.0
21243,0.0000,0.0000,0.0
21243,0.0000,0.0000,0.0
21243,0.0000,0.0000,0.0
21243,0.0000,0.0000,0.0
21243,0.0000,0.0000,0.0
21243,0.0000,0.0000,0.0
21243,0.0000,0.0000,0.0
21243,0.0000,0.0000,0.0
21243,0.0000,0.0000,0.0
21243,0.0000,0.0000,0.0
21243,0.0000,0.0000,0.0
21243,0.0000,0.0000,0.0
21243,0.0000,0.0000,0.0
21243,0.0000,0.0000,0.0
21243,0.0000,0.0000,0.0
21243,0.0000,0.0000,0.0
21243,0.0000,0.0000,0.0
21243,0.0000,0.0000,0.0
21243,0.0000,0.0000,0.0
21243,0.0000,0.0000,0.0
21243,0.0000,0.0000,0.0
21243,0.0000,0.0000,0.0
21243,0.0000,0.0000,0.0
21243,0.0000,0.0000,0.0
21243,0.0000,0.0000,0.0
21243,0.0000,0.0000,0.0
21243,0.0000,0.0000,0.0
21243,0.0000,0.0000,0.0
21243,0.0000,0.0000,0.0
21243,0.0000,0.0000,0.0
21243,0.0000,0.0000,0.0
21243,0.0000,0.0000,0.0
21243,0.0000,0.0000,0.0
21243,0.0000,0.0000,0.0
21243,0.0000,0.0000,0.0
21243,0.0000,0.0000,0.0
21243,0.0000,0.0000,0.0
21243,0.0000,0.0000,0.0
21243,0.0000,0.0000,0.0
21243,0.0000,0.0000,0.0
21243,0.0000,0.0000,0.0
21243,0.0000,0.0000,0.0
21243,0.0000,0.0000,0.0
21243,0.0000,0.0000,0.0
21243,0.0000,0.0000,0.0
21243,0.0000,0.0000,0.0
21243,0.0000,0.0000,0.0
21243,0.0000,0.0000,0.0
21243,0.0000,0.0000,0.0
21243,0.0000,0.0000,0.0
21243,0.0000,0.0000,0.0
21243,0.0000,0.0000,0.0
21243,0.0000,0.0000,0.0
21243,0.0000,0.0000,0.0
21243,0.0000,0.0000,0.0
21243,0.0000,0.0000,0.0
21243,0.0000,0.0000,0.0
21243,0.0000,0.0000,0.0
21243,0.0000,0.0000,0.0
21243,0.0000,0.0000,0.0
21243,0.0000,0.0000,0.0
21243,0.0000,0.0000,0.0
21243,0.0000,0.0000,0.0
21243,0.0000,0.0000,0.0
21243,0.0000,0.0000,0.0
21243,0.0000,0.0000,0.0
21243,0.0000,0.0000,0.0
21243,0.0000,0.0000,0.0
21243,0.0000,0.0000,0.0
21243,0.0000,0.0000,0.0
21243,0.0000,0.0000,0.0
21243,0.0000,0.0000,0.0
21243,0.0000,0.0000,0.0
21243,0.0000,0.0000,0.0
21243,0.0000,0.0000,0.0
21243,0.0000,0.0000,0.0
21243,0.0000,0.0000,0.0
21243,0.0000,0.0000,0.0
21243,0.0000,0.0000,0.0
21243,0.0000,0.0000,0.0
21243,0.0000,0.0000,0.0
21243,0.0000,0.0000,0.0
21243,0.0000,0.0000,0.0
21243,0.0000,0.0000,0.0
21243,0.0000,0.0000,0.0
21243,0.0000,0.0000,0.0
21243,0.0000,0.0000,0.0
21243,0.0000,0.0000,0.0
21243,0.0000,0.0000,0.0
21243,0.0000,0.0000,0.0
21243,0.0000,0.0000,0.0
21243,0.0000,0.0000,0.0
21243,0.0000,0.0000,0.0
21243,0.0000,0.0000,0.0
21243,0.0000,0.0000,0.0
21243,0.0000,0.0000,0.0
21243,0.0000,0.0000,0.0
21243,0.0000,0.0000,0.0
21243,0.0000,0.0000,0.0
21243,0.0000,0.0000,0.0
21243,0.0000,0.0000,0.0
21243,0.0000,0.0000,0.0
21243,0.0000,0.0000,0.0
21243,0.0000,0.0000,0.0
21243,0.0000,0.0000,0.0
21243,0.0000,0.0000,0.0
21243,0.0000,0.0000,0.0
21243,0.0000,0.0000,0.0
21243,0.0000,0.0000,0.0
21243,0.0000,0.0000,0.0
21243,0.0000,0.0000,0.0
21243,0.0000,0.0000,0.0
21243,0.0000,0.0000,0.0
21243,0.0000,0.0000,0.0
21243,0.0000,0.0000,0.0
21243,0.0000,0.0000,0.0
21243,0.0000,0.0000,0.0
21243,0.0000,0.0000,0.0
21243,0.0000,0.0000,0.0
21243,0.0000,0.0000,0.0
21243,0.0000,0.0000,0.0
21243,0.0000,0.0000,0.0
21243,0.0000,0.0000,0.0
21243,0.0000,0.0000,0.0
21243,0.0000,0.0000,0.0
21243,0.0000,0.0000,0.0
21243,0.0000,0.0000,0.0
21243,0.0000,0.0000,0.0
21243,0.0000,0.0000,0.0
21243,0.0000,0.0000,0.0
21243,0.0000,0.0000,0.0
21243,0.0000,0.0000,0.0
21243,0.0000,0.0000,0.0
21243,0.0000,0.0000,0.0
21243,0.0000,0.0000,0.0
21243,0.0000,0.0000,0.0
21243,0.0000,0.0000,0.0
21243,0.0000,0.0000,0.0
21243,0.0000,0.0000,0.0
21243,0.0000,0.0000,0.0
21243,0.0000,0.0000,0.0
21243,0.0000,0.0000,0.0
21243,0.0000,0.0000,0.0
21243,0.0000,0.0000,0.0
21243,0.0000,0.0000,0.0
21243,0.0000,0.0000,0.0
21243,0.0000,0.0000,0.0
21243,0.0000,0.0000,0.0
21243,0.0000,0.0000,0.0
21243,0.0000,0.0000,0.0
21243,0.0000,0.0000,0.0
21243,0.0000,0.0000,0.0
21243,0.0000,0.0000,0.0
21243,0.0000,0.0000,0.0
21243,0.0000,0.0000,0.0
21243,0.0000,0.0000,0.0
21243,0.0000,0.0000,0.0
21243,0.0000,0.0000,0.0
21243,0.0000,0.0000,0.0
21243,0.0000,0.0000,0.0
21243,0.0000,0.0000,0.0
21243,0.0000,0.0000,0.0
21243,0.0000,0.0000,0.0
21243,0.0000,0.0000,0.0
21243,0.0000,0.0000,0.0
21243,0.0000,0.0000,0.0
21243,0.0000,0.0000,0.0
21243,0.0000,0.0000,0.0
21243,0.0000,0.0000,0.0
21243,0.0000,0.0000,0.0
21243,0.0000,0.0000,0.0
21243,0.0000,0.0000,0.0
21243,0.0000,0.0000,0.0
21243,0.0000,0.0000,0.0
21243,0.0000,0.0000,0.0
21243,0.0000,0.0000,0.0
21243,0.0000,0.0000,0.0
21243,0.0000,0.0000,0.0
21243,0.0000,0.0000,0.0
21243,0.0000,0.0000,0.0
21243,0.0000,0.0000,0.0
21243,0.0000,0.0000,0.0
21243,0.0000,0.0000,0.0
21243,0.0000,0.0000,0.0
21243,0.0000,0.0000,0.0
21243,0.0000,0.0000,0.0
21243,0.0000,0.0000,0.0
21243,0.0000,0.0000,0.0
21243,0.0000,0.0000,0.0
21243,0.0000,0.0000,0.0
21243,0.0000,0.0000,0.0
21243,0.0000,0.0000,0.0
21243,0.0000,0.0000,0.0
21243,0.0000,0.0000,0.0
21243,0.0000,0.0000,0.0
21243,0.0000,0.0000,0.0
21243,0.0000,0.0000,0.0
21243,0.0000,0.0000,0.0
21243,0.0000,0.0000,0.0
21243,0.0000,0.0000,0.0
21243,0.0000,0.0000,0.0
21243,0.0000,0.0000,0.0
21243,0.0000,0.0000,0.0
21243,0.0000,0.0000,0.0
21243,0.0000,0.0000,0.0
21243,0.0000,0.0000,0.0
21243,0.0000,0.0000,0.0
21243,0.0000,0.0000,0.0
21243,0.0000,0.0000,0.0
21243,0.0000,0.0000,0.0
21243,0.0000,0.0000,0.0
21243,0.0000,0.0000,0.0
21243,0.0000,0.0000,0.0
21243,0.0000,0.0000,0.0
21243,0.0000,0.0000,0.0
21243,0.0000,0.0000,0.0
21243,0.0000,0.0000,0.0
21243,0.0000,0.0000,0.0
21243,0.0000,0.0000,0.0
21243,0.0000,0.0000,0.0
21243,0.0000,0.0000,0.0
21243,0.0000,0.0000,0.0
21243,0.0000,0.0000,0.0
21243,0.0000,0.0000,0.0
21243,0.0000,0.0000,0.0
21243,0.0000,0.0000,0.0
21243,0.0000,0.0000,0.0
21243,0.0000,0.0000,0.0
21243,0.0000,0.0000,0.0
21243,0.0000,0.0000,0.0
21243,0.0000,0.0000,0.0
21243,0.0000,0.0000,0.0
21243,0.0000,0.0000,0.0
21243,0.0000,0.0000,0.0
21243,0.0000,0.0000,0.0
21243,0.0000,0.0000,0.0
21243,0.0000,0.0000,0.0
21243,0.0000,0.0000,0.0
21243,0.0000,0.0000,0.0
21243,0.0000,0.0000,0.0
21243,0.0000,0.0000,0.0
21243,0.0000,0.0000,0.0
21243,0.0000,0.0000,0.0
21243,0.0000,0.0000,0.0
21243,0.0000,0.0000,0.0
21243,0.0000,0.0000,0.0
21243,0.0000,0.0000,0.0
21243,0.0000,0.0000,0.0
21243,0.0000,0.0000,0.0
21243,0.0000,0.0000,0.0
21243,0.0000,0.0000,0.0
21243,0.0000,0.0000,0.0
21243,0.0000,0.0000,0.0
21243,0.0000,0.0000,0.0
21243,0.0000,0.0000,0.0
21243,0.0000,0.0000,0.0
21243,0.0000,0.0000,0.0
21243,0.0000,0.0000,0.0
21243,0.0000,0.0000,0.0
21243,0.0000,0.0000,0.0
21243,0.0000,0.0000,0.0
21243,0.0000,0.0000,0.0
21243,0.0000,0.0000,0.0
21243,0.0000,0.0000,0.0
21243,0.0000,0.0000,0.0
21243,0.0000,0.0000,0.0
21243,0.0000,0.0000,0.0
21243,0.0000,0.0000,0.0
21243,0.0000,0.0000,0.0
21243,0.0000,0.0000,0.0
21243,0.0000,0.0000,0.0
21243,0.0000,0.0000,0.0
21243,0.0000,0.0000,0.0
21243,0.0000,0.0000,0.0
21243,0.0000,0.0000,0.0
21243,0.0000,0.0000,0.0
21243,0.0000,0.0000,0.0
21243,0.0000,0.0000,0.0
21243,0.0000,0.0000,0.0
21243,0.0000,0.0000,0.0
21243,0.0000,0.0000,0.0
21243,0.0000,0.0000,0.0
21243,0.0000,0.0000,0.0
21243,0.0000,0.0000,0.0
21243,0.0000,0.0000,0.0
21243,0.0000,0.0000,0.0
21243,0.0000,0.0000,0.0
21243,0.0000,0.0000,0.0
21243,0.0000,0.0000,0.0
21243,0.0000,0.0000,0.0
21243,0.0000,0.0000,0.0
21243,0.0000,0.0000,0.0
21243,0.0000,0.0000,0.0
21243,0.0000,0.0000,0.0
21243,0.0000,0.0000,0.0
21243,0.0000,0.0000,0.0
21243,0.0000,0.0000,0.0
21243,0.0000,0.0000,0.0
21243,0.0000,0.0000,0.0
21243,0.0000,0.0000,0.0
21243,0.0000,0.0000,0.0
21243,0.0000,0.0000,0.0
21243,0.0000,0.0000,0.0
21243,0.0000,0.0000,0.0
21243,0.0000,0.0000,0.0
21243,0.0000,0.0000,0.0
21243,0.0000,0.0000,0.0
21243,0.0000,0.0000,0.0
21243,0.0000,0.0000,0.0
21243,0.0000,0.0000,0.0
21243,0.0000,0.0000,0.0
21243,0.0000,0.0000,0.0
21243,0.0000,0.0000,0.0
21243,0.0000,0.0000,0.0
21243,0.0000,0.0000,0.0
21243,0.0000,0.0000,0.0
21243,0.0000,0.0000,0.0
21243,0.0000,0.0000,0.0
21243,0.0000,0.0000,0.0
21243,0.0000,0.0000,0.0
21243,0.0000,0.0000,0.0
21243,0.0000,0.0000,0.0
21243,0.0000,0.0000,0.0
21243,0.0000,0.0000,0.0
21243,0.0000,0.0000,0.0
21243,0.0000,0.0000,0.0
21243,0.0000,0.0000,0.0
21243,0.0000,0.0000,0.0
21243,0.0000,0.0000,0.0
21243,0.0000,0.0000,0.0
21243,0.0000,0.0000,0.0
21243,0.0000,0.0000,0.0
21243,0.0000,0.0000,0.0
21243,0.0000,0.0000,0.0
21243,0.0000,0.0000,0.0
21243,0.0000,0.0000,0.0
21243,0.0000,0.0000,0.0
21243,0.0000,0.0000,0.0
21243,0.0000,0.0000,0.0
21243,0.0000,0.0000,0.0
21243,0.0000,0.0000,0.0
21243,0.0000,0.0000,0.0
21243,0.0000,0.0000,0.0
21243,0.0000,0.0000,0.0
21243,0.0000,0.0000,0.0
21243,0.0000,0.0000,0.0
21243,0.0000,0.0000,0.0
21243,0.0000,0.0000,0.0
21243,0.0000,0.0000,0.0
21243,0.0000,0.0000,0.0
21243,0.0000,0.0000,0.0
21243,0.0000,0.0000,0.0
21243,0.0000,0.0000,0.0
21243,0.0000,0.0000,0.0
21243,0.0000,0.0000,0.0
21243,0.0000,0.0000,0.0
21243,0.0000,0.0000,0.0
21243,0.0000,0.0000,0.0
21243,0.0000,0.0000,0.0
21243,0.0000,0.0000,0.0
21243,0.0000,0.0000,0.0
21243,0.0000,0.0000,0.0
21243,0.0000,0.0000,0.0
21243,0.0000,0.0000,0.0
21243,0.0000,0.0000,0.0
21243,0.0000,0.0000,0.0
21243,0.0000,0.0000,0.0
21243,0.0000,0.0000,0.0
21243,0.0000,0.0000,0.0
21243,0.0000,0.0000,0.0
21243,0.0000,0.0000,0.0
21243,0.0000,0.0000,0.0
21243,0.0000,0.0000,0.0
21243,0.0000,0.0000,0.0
21243,0.0000,0.0000,0.0
21243,0.0000,0.0000,0.0
21243,0.0000,0.0000,0.0
21243,0.0000,0.0000,0.0
21243,0.0000,0.0000,0.0
21243,0.0000,0.0000,0.0
21243,0.0000,0.0000,0.0
21243,0.0000,0.0000,0.0
21243,0.0000,0.0000,0.0
21243,0.0000,0.0000,0.0
21243,0.0000,0.0000,0.0
21243,0.0000,0.0000,0.0
21243,0.0000,0.0000,0.0
21243,0.0000,0.0000,0.0
21243,0.0000,0.0000,0.0
21243,0.0000,0.0000,0.0
21243,0.0000,0.0000,0.0
21243,0.0000,0.0000,0.0
21243,0.0000,0.0000,0.0
21243,0.0000,0.0000,0.0
21243,0.0000,0.0000,0.0
21243,0.0000,0.0000,0.0
21243,0.0000,0.0000,0.0
21243,0.0000,0.0000,0.0
21243,0.0000,0.0000,0.0
21243,0.0000,0.0000,0.0
21243,0.0000,0.0000,0.0
21243,0.0000,0.0000,0.0
21243,0.0000,0.0000,0.0
21243,0.0000,0.0000,0.0
21243,0.0000,0.0000,0.0
21243,0.0000,0.0000,0.0
21243,0.0000,0.0000,0.0
21243,0.0000,0.0000,0.0
21243,0.0000,0.0000,0.0
21243,0.0000,0.0000,0.0
21243,0.0000,0.0000,0.0
21243,0.0000,0.0000,0.0
21243,0.0000,0.0000,0.0
21243,0.0000,0.0000,0.0
21243,0.0000,0.0000,0.0
21243,0.0000,0.0000,0.0
21243,0.0000,0.0000,0.0
21243,0.0000,0.0000,0.0
21243,0.0000,0.0000,0.0
21243,0.0000,0.0000,0.0
21243,0.0000,0.0000,0.0
21243,0.0000,0.0000,0.0
21243,0.0000,0.0000,0.0
21243,0.0000,0.0000,0.0
21243,0.0000,0.0000,0.0
21243,0.0000,0.0000,0.0
21243,0.0000,0.0000,0.0
21243,0.0000,0.0000,0.0
21243,0.0000,0.0000,0.0
21243,0.0000,0.0000,0.0
21243,0.0000,0.0000,0.0
21243,0.0000,0.0000,0.0
21243,0.0000,0.0000,0.0
21243,0.0000,0.0000,0.0
21243,0.0000,0.0000,0.0
21243,0.0000,0.0000,0.0
21243,0.0000,0.0000,0.0
21243,0.0000,0.0000,0.0
21243,0.0000,0.0000,0.0
21243,0.0000,0.0000,0.0
21243,0.0000,0.0000,0.0
21243,0.0000,0.0000,0.0
21243,0.0000,0.0000,0.0
21243,0.0000,0.0000,0.0
21243,0.0000,0.0000,0.0
21243,0.0000,0.0000,0.0
21243,0.0000,0.0000,0.0
21243,0.0000,0.0000,0.0
21243,0.0000,0.0000,0.0
21243,0.0000,0.0000,0.0
21243,0.0000,0.0000,0.0
21243,0.0000,0.0000,0.0
21243,0.0000,0.0000,0.0
21243,0.0000,0.0000,0.0
21243,0.0000,0.0000,0.0
21243,0.0000,0.0000,0.0
21243,0.0000,0.0000,0.0
21243,0.0000,0.0000,0.0
21243,0.0000,0.0000,0.0
21243,0.0000,0.0000,0.0
21243,0.0000,0.0000,0.0
21243,0.0000,0.0000,0.0
21243,0.0000,0.0000,0.0
21243,0.0000,0.0000,0.0
21243,0.0000,0.0000,0.0
21243,0.0000,0.0000,0.0
21243,0.0000,0.0000,0.0
21243,0.0000,0.0000,0.0
21243,0.0000,0.0000,0.0
21243,0.0000,0.0000,0.0
21243,0.0000,0.0000,0.0
21243,0.0000,0.0000,0.0
21243,0.0000,0.0000,0.0
21243,0.0000,0.0000,0.0
21243,0.0000,0.0000,0.0
21243,0.0000,0.0000,0.0
21243,0.0000,0.0000,0.0
21243,0.0000,0.0000,0.0
21243,0.0000,0.0000,0.0
21243,0.0000,0.0000,0.0
21243,0.0000,0.0000,0.0
21243,0.0000,0.0000,0.0
21243,0.0000,0.0000,0.0
21243,0.0000,0.0000,0.0
21243,0.0000,0.0000,0.0
21243,0.0000,0.0000,0.0
21243,0.0000,0.0000,0.0
21243,0.0000,0.0000,0.0
21243,0.0000,0.0000,0.0
21243,0.0000,0.0000,0.0
21243,0.0000,0.0000,0.0
21243,0.0000,0.0000,0.0
21243,0.0000,0.0000,0.0
21243,0.0000,0.0000,0.0
21243,0.0000,0.0000,0.0
21243,0.0000,0.0000,0.0
21243,0.0000,0.0000,0.0
21243,0.0000,0.0000,0.0
21243,0.0000,0.0000,0.0
21243,0.0000,0.0000,0.0
21243,0.0000,0.0000,0.0
21243,0.0000,0.0000,0.0
21243,0.0000,0.0000,0.0
21243,0.0000,0.0000,0.0
21243,0.0000,0.0000,0.0
21243,0.0000,0.0000,0.0
21243,0.0000,0.0000,0.0
21243,0.0000,0.0000,0.0
21243,0.0000,0.0000,0.0
21243,0.0000,0.0000,0.0
21243,0.0000,0.0000,0.0
21243,0.0000,0.0000,0.0
21243,0.0000,0.0000,0.0
21243,0.0000,0.0000,0.0
21243,0.0000,0.0000,0.0
21243,0.0000,0.0000,0.0
21243,0.0000,0.0000,0.0
21243,0.0000,0.0000,0.0
21243,0.0000,0.0000,0.0
21243,0.0000,0.0000,0.0
21243,0.0000,0.0000,0.0
21243,0.0000,0.0000,0.0
21243,0.0000,0.0000,0.0
21243,0.0000,0.0000,0.0
21243,0.0000,0.0000,0.0
21243,0.0000,0.0000,0.0
21243,0.0000,0.0000,0.0
21243,0.0000,0.0000,0.0
21243,0.0000,0.0000,0.0
21243,0.0000,0.0000,0.0
21243,0.0000,0.0000,0.0
21243,0.0000,0.0000,0.0
21243,0.0000,0.0000,0.0
21243,0.0000,0.0000,0.0
21243,0.0000,0.0000,0.0
21243,0.0000,0.0000,0.0
21243,0.0000,0.0000,0.0
21243,0.0000,0.0000,0.0
21243,0.0000,0.0000,0.0
21243,0.0000,0.0000,0.0
21243,0.0000,0.0000,0.0
21243,0.0000,0.0000,0.0
21243,0.0000,0.0000,0.0
21243,0.0000,0.0000,0.0
21243,0.0000,0.0000,0.0
21243,0.0000,0.0000,0.0
21243,0.0000,0.0000,0.0
21243,0.0000,0.0000,0.0
21243,0.0000,0.0000,0.0
21243,0.0000,0.0000,0.0
21243,0.0000,0.0000,0.0
21243,0.0000,0.0000,0.0
21243,0.0000,0.0000,0.0
21243,0.0000,0.0000,0.0
21243,0.0000,0.0000,0.0
21243,0.0000,0.0000,0.0
21243,0.0000,0.0000,0.0
21243,0.0000,0.0000,0.0
21243,0.0000,0.0000,0.0
21243,0.0000,0.0000,0.0
21243,0.0000,0.0000,0.0
21243,0.0000,0.0000,0.0
21243,0.0000,0.0000,0.0
21243,0.0000,0.0000,0.0
21243,0.0000,0.0000,0.0
21243,0.0000,0.0000,0.0
21243,0.0000,0.0000,0.0
21243,0.0000,0.0000,0.0
21243,0.0000,0.0000,0.0
21243,0.0000,0.0000,0.0
21243,0.0000,0.0000,0.0
21243,0.0000,0.0000,0.0
21243,0.0000,0.0000,0.0
21243,0.0000,0.0000,0.0
21243,0.0000,0.0000,0.0
21243,0.0000,0.0000,0.0
21243,0.0000,0.0000,0.0
21243,0.0000,0.0000,0.0
21243,0.0000,0.0000,0.0
21243,0.0000,0.0000,0.0
21243,0.0000,0.0000,0.0
21243,0.0000,0.0000,0.0
21243,0.0000,0.0000,0.0
21243,0.0000,0.0000,0.0
21243,0.0000,0.0000,0.0
21243,0.0000,0.0000,0.0
21243,0.0000,0.0000,0.0
21243,0.0000,0.0000,0.0
21243,0.0000,0.0000,0.0
21243,0.0000,0.0000,0.0
21243,0.0000,0.0000,0.0
21243,0.0000,0.0000,0.0
21243,0.0000,0.0000,0.0
21243,0.0000,0.0000,0.0
21243,0.0000,0.0000,0.0
21243,0.0000,0.0000,0.0
21243,0.0000,0.0000,0.0
21243,0.0000,0.0000,0.0
21243,0.0000,0.0000,0.0
21243,0.0000,0.0000,0.0
21243,0.0000,0.0000,0.0
21243,0.0000,0.0000,0.0
21243,0.0000,0.0000,0.0
21243,0.0000,0.0000,0.0
21243,0.0000,0.0000,0.0
21243,0.0000,0.0000,0.0
21243,0.0000,0.0000,0.0
21243,0.0000,0.0000,0.0
21243,0.0000,0.0000,0.0
21243,0.0000,0.0000,0.0
21243,0.0000,0.0000,0.0
21243,0.0000,0.0000,0.0
21243,0.0000,0.0000,0.0
21243,0.0000,0.0000,0.0
21243,0.0000,0.0000,0.0
21243,0.0000,0.0000,0.0
21243,0.0000,0.0000,0.0
21243,0.0000,0.0000,0.0
21243,0.0000,0.0000,0.0
21243,0.0000,0.0000,0.0
21243,0.0000,0.0000,0.0
21243,0.0000,0.0000,0.0
21243,0.0000,0.0000,0.0
21243,0.0000,0.0000,0.0
21243,0.0000,0.0000,0.0
21243,0.0000,0.0000,0.0
21243,0.0000,0.0000,0.0
21243,0.0000,0.0000,0.0
21243,0.0000,0.0000,0.0
21243,0.0000,0.0000,0.0
21243,0.0000,0.0000,0.0
21243,0.0000,0.0000,0.0
21243,0.0000,0.0000,0.0
21243,0.0000,0.0000,0.0
21243,0.0000,0.0000,0.0
21243,0.0000,0.0000,0.0
21243,0.0000,0.0000,0.0
21243,0.0000,0.0000,0.0
21243,0.0000,0.0000,0.0
21243,0.0000,0.0000,0.0
21243,0.0000,0.0000,0.0
21243,0.0000,0.0000,0.0
21243,0.0000,0.0000,0.0
21243,0.0000,0.0000,0.0
21243,0.0000,0.0000,0.0
21243,0.0000,0.0000,0.0
21243,0.0000,0.0000,0.0
21243,0.0000,0.0000,0.0
21243,0.0000,0.0000,0.0
21243,0.0000,0.0000,0.0
21243,0.0000,0.0000,0.0
21243,0.0000,0.0000,0.0
21243,0.0000,0.0000,0.0
21243,0.0000,0.0000,0.0
21243,0.0000,0.0000,0.0
21243,0.0000,0.0000,0.0
21243,0.0000,0.0000,0.0
21243,0.0000,0.0000,0.0
21243,0.0000,0.0000,0.0
21243,0.0000,0.0000,0.0
21243,0.0000,0.0000,0.0
21243,0.0000,0.0000,0.0
21243,0.0000,0.0000,0.0
21243,0.0000,0.0000,0.0
21243,0.0000,0.0000,0.0
21243,0.0000,0.0000,0.0
21243,0.0000,0.0000,0.0
21243,0.0000,0.0000,0.0
21243,0.0000,0.0000,0.0
21243,0.0000,0.0000,0.0
21243,0.0000,0.0000,0.0
21243,0.0000,0.0000,0.0
21243,0.0000,0.0000,0.0
21243,0.0000,0.0000,0.0
21243,0.0000,0.0000,0.0
21243,0.0000,0.0000,0.0
21243,0.0000,0.0000,0.0
21243,0.0000,0.0000,0.0
21243,0.0000,0.0000,0.0
21243,0.0000,0.0000,0.0
21243,0.0000,0.0000,0.0
21243,0.0000,0.0000,0.0
21243,0.0000,0.0000,0.0
21243,0.0000,0.0000,0.0
21243,0.0000,0.0000,0.0
21243,0.0000,0.0000,0.0
21243,0.0000,0.0000,0.0
21243,0.0000,0.0000,0.0
21243,0.0000,0.0000,0.0
21243,0.0000,0.0000,0.0
21243,0.0000,0.0000,0.0
21243,0.0000,0.0000,0.0
21243,0.0000,0.0000,0.0
21243,0.0000,0.0000,0.0
21243,0.0000,0.0000,0.0
21243,0.0000,0.0000,0.0
21243,0.0000,0.0000,0.0
21243,0.0000,0.0000,0.0
21243,0.0000,0.0000,0.0
21243,0.0000,0.0000,0.0
21243,0.0000,0.0000,0.0
21243,0.0000,0.0000,0.0
21243,0.0000,0.0000,0.0
21243,0.0000,0.0000,0.0
21243,0.0000,0.0000,0.0
21243,0.0000,0.0000,0.0
21243,0.0000,0.0000,0.0
21243,0.0000,0.0000,0.0
21243,0.0000,0.0000,0.0
21243,0.0000,0.0000,0.0
21243,0.0000,0.0000,0.0
21243,0.0000,0.0000,0.0
21243,0.0000,0.0000,0.0
21243,0.0000,0.0000,0.0
21243,0.0000,0.0000,0.0
21243,0.0000,0.0000,0.0
21243,0.0000,0.0000,0.0
21243,0.0000,0.0000,0.0
21243,0.0000,0.0000,0.0
21243,0.0000,0.0000,0.0
21243,0.0000,0.0000,0.0
21243,0.0000,0.0000,0.0
21243,0.0000,0.0000,0.0
21243,0.0000,0.0000,0.0
21243,0.0000,0.0000,0.0
21243,0.0000,0.0000,0.0
21243,0.0000,0.0000,0.0
21243,0.0000,0.0000,0.0
21243,0.0000,0.0000,0.0
21243,0.0000,0.0000,0.0
21243,0.0000,0.0000,0.0
21243,0.0000,0.0000,0.0
21243,0.0000,0.0000,0.0
21243,0.0000,0.0000,0.0
21243,0.0000,0.0000,0.0
21243,0.0000,0.0000,0.0
21243,0.0000,0.0000,0.0
21243,0.0000,0.0000,0.0
21243,0.0000,0.0000,0.0
21243,0.0000,0.0000,0.0
21243,0.0000,0.0000,0.0
21243,0.0000,0.0000,0.0
21243,0.0000,0.0000,0.0
21243,0.0000,0.0000,0.0
21243,0.0000,0.0000,0.0
21243,0.0000,0.0000,0.0
21243,0.0000,0.0000,0.0
21243,0.0000,0.0000,0.0
21243,0.0000,0.0000,0.0
21243,0.0000,0.0000,0.0
21243,0.0000,0.0000,0.0
21243,0.0000,0.0000,0.0
21243,0.0000,0.0000,0.0
21243,0.0000,0.0000,0.0
21243,0.0000,0.0000,0.0
21243,0.0000,0.0000,0.0
21243,0.0000,0.0000,0.0
21243,0.0000,0.0000,0.0
21243,0.0000,0.0000,0.0
21243,0.0000,0.0000,0.0
21243,0.0000,0.0000,0.0
21243,0.0000,0.0000,0.0
21243,0.0000,0.0000,0.0
21243,0.0000,0.0000,0.0
21243,0.0000,0.0000,0.0
21243,0.0000,0.0000,0.0
21243,0.0000,0.0000,0.0
21243,0.0000,0.0000,0.0
21243,0.0000,0.0000,0.0
21243,0.0000,0.0000,0.0
21243,0.0000,0.0000,0.0
21243,0.0000,0.0000,0.0
21243,0.0000,0.0000,0.0
21243,0.0000,0.0000,0.0
21243,0.0000,0.0000,0.0
21243,0.0000,0.0000,0.0
21243,0.0000,0.0000,0.0
21243,0.0000,0.0000,0.0
21243,0.0000,0.0000,0.0
21243,0.0000,0.0000,0.0
21243,0.0000,0.0000,0.0
21243,0.0000,0.0000,0.0
21243,0.0000,0.0000,0.0
21243,0.0000,0.0000,0.0
21243,0.0000,0.0000,0.0
21243,0.0000,0.0000,0.0
21243,0.0000,0.0000,0.0
21243,0.0000,0.0000,0.0
21243,0.0000,0.0000,0.0
21243,0.0000,0.0000,0.0
21243,0.0000,0.0000,0.0
21243,0.0000,0.0000,0.0
21243,0.0000,0.0000,0.0
21243,0.0000,0.0000,0.0
21243,0.0000,0.0000,0.0
21243,0.0000,0.0000,0.0
21243,0.0000,0.0000,0.0
21243,0.0000,0.0000,0.0
21243,0.0000,0.0000,0.0
21243,0.0000,0.0000,0.0
21243,0.0000,0.0000,0.0
21243,0.0000,0.0000,0.0
21243,0.0000,0.0000,0.0
21243,0.0000,0.0000,0.0
21243,0.0000,0.0000,0.0
21243,0.0000,0.0000,0.0
21243,0.0000,0.0000,0.0
21243,0.0000,0.0000,0.0
21243,0.0000,0.0000,0.0
21243,0.0000,0.0000,0.0
21243,0.0000,0.0000,0.0
21243,0.0000,0.0000,0.0
21243,0.0000,0.0000,0.0
21243,0.0000,0.0000,0.0
21243,0.0000,0.0000,0.0
21243,0.0000,0.0000,0.0
21243,0.0000,0.0000,0.0
21243,0.0000,0.0000,0.0
21243,0.0000,0.0000,0.0
21243,0.0000,0.0000,0.0
21243,0.0000,0.0000,0.0
21243,0.0000,0.0000,0.0
21243,0.0000,0.0000,0.0
21243,0.0000,0.0000,0.0
21243,0.0000,0.0000,0.0
21243,0.0000,0.0000,0.0
21243,0.0000,0.0000,0.0
21243,0.0000,0.0000,0.0
21243,0.0000,0.0000,0.0
21243,0.0000,0.0000,0.0
21243,0.0000,0.0000,0.0
21243,0.0000,0.0000,0.0
21243,0.0000,0.0000,0.0
21243,0.0000,0.0000,0.0
21243,0.0000,0.0000,0.0
21243,0.0000,0.0000,0.0
21243,0.0000,0.0000,0.0
21243,0.0000,0.0000,0.0
21243,0.0000,0.0000,0.0
21243,0.0000,0.0000,0.0
21243,0.0000,0.0000,0.0
21243,0.0000,0.0000,0.0
21243,0.0000,0.0000,0.0
21243,0.0000,0.0000,0.0
21243,0.0000,0.0000,0.0
21243,0.0000,0.0000,0.0
21243,0.0000,0.0000,0.0
21243,0.0000,0.0000,0.0
21243,0.0000,0.0000,0.0
21243,0.0000,0.0000,0.0
21243,0.0000,0.0000,0.0
21243,0.0000,0.0000,0.0
21243,0.0000,0.0000,0.0
21243,0.0000,0.0000,0.0
21243,0.0000,0.0000,0.0
21243,0.0000,0.0000,0.0
21243,0.0000,0.0000,0.0
21243,0.0000,0.0000,0.0
21243,0.0000,0.0000,0.0
21243,0.0000,0.0000,0.0
21243,0.0000,0.0000,0.0
21243,0.0000,0.0000,0.0
21243,0.0000,0.0000,0.0
21243,0.0000,0.0000,0.0
21243,0.0000,0.0000,0.0
21243,0.0000,0.0000,0.0
21243,0.0000,0.0000,0.0
21243,0.0000,0.0000,0.0
21243,0.0000,0.0000,0.0
21243,0.0000,0.0000,0.0
21243,0.0000,0.0000,0.0
21243,0.0000,0.0000,0.0
21243,0.0000,0.0000,0.0
21243,0.0000,0.0000,0.0
21243,0.0000,0.0000,0.0
21243,0.0000,0.0000,0.0
21243,0.0000,0.0000,0.0
21243,0.0000,0.0000,0.0
21243,0.0000,0.0000,0.0
21243,0.0000,0.0000,0.0
21243,0.0000,0.0000,0.0
21243,0.0000,0.0000,0.0
21243,0.0000,0.0000,0.0
21243,0.0000,0.0000,0.0
21243,0.0000,0.0000,0.0
21243,0.0000,0.0000,0.0
21243,0.0000,0.0000,0.0
21243,0.0000,0.0000,0.0
21243,0.0000,0.0000,0.0
21243,0.0000,0.0000,0.0
21243,0.0000,0.0000,0.0
21243,0.0000,0.0000,0.0
21243,0.0000,0.0000,0.0
21243,0.0000,0.0000,0.0
21243,0.0000,0.0000,0.0
21243,0.0000,0.0000,0.0
21243,0.0000,0.0000,0.0
21243,0.0000,0.0000,0.0
21243,0.0000,0.0000,0.0
21243,0.0000,0.0000,0.0
21243,0.0000,0.0000,0.0
21243,0.0000,0.0000,0.0
21243,0.0000,0.0000,0.0
21243,0.0000,0.0000,0.0
21243,0.0000,0.0000,0.0
21243,0.0000,0.0000,0.0
21243,0.0000,0.0000,0.0
21243,0.0000,0.0000,0.0
21243,0.0000,0.0000,0.0
21243,0.0000,0.0000,0.0
21243,0.0000,0.0000,0.0
21243,0.0000,0.0000,0.0
21243,0.0000,0.0000,0.0
21243,0.0000,0.0000,0.0
21243,0.0000,0.0000,0.0
21243,0.0000,0.0000,0.0
21243,0.0000,0.0000,0.0
21243,0.0000,0.0000,0.0
21243,0.0000,0.0000,0.0
21243,0.0000,0.0000,0.0
21243,0.0000,0.0000,0.0
21243,0.0000,0.0000,0.0
21243,0.0000,0.0000,0.0
21243,0.0000,0.0000,0.0
21243,0.0000,0.0000,0.0
21243,0.0000,0.0000,0.0
21243,0.0000,0.0000,0.0
21243,0.0000,0.0000,0.0
21243,0.0000,0.0000,0.0
21243,0.0000,0.0000,0.0
21243,0.0000,0.0000,0.0
21243,0.0000,0.0000,0.0
21243,0.0000,0.0000,0.0
21243,0.0000,0.0000,0.0
21243,0.0000,0.0000,0.0
21243,0.0000,0.0000,0.0
21243,0.0000,0.0000,0.0
21243,0.0000,0.0000,0.0
21243,0.0000,0.0000,0.0
21243,0.0000,0.0000,0.0
21243,0.0000,0.0000,0.0
21243,0.0000,0.0000,0.0
21243,0.0000,0.0000,0.0
21243,0.0000,0.0000,0.0
21243,0.0000,0.0000,0.0
21243,0.0000,0.0000,0.0
21243,0.0000,0.0000,0.0
21243,0.0000,0.0000,0.0
21243,0.0000,0.0000,0.0
21243,0.0000,0.0000,0.0
21243,0.0000,0.0000,0.0
21243,0.0000,0.0000,0.0
21243,0.0000,0.0000,0.0
21243,0.0000,0.0000,0.0
21243,0.0000,0.0000,0.0
21243,0.0000,0.0000,0.0
21243,0.0000,0.0000,0.0
21243,0.0000,0.0000,0.0
21243,0.0000,0.0000,0.0
21243,0.0000,0.0000,0.0
21243,0.0000,0.0000,0.0
21243,0.0000,0.0000,0.0
21243,0.0000,0.0000,0.0
21243,0.0000,0.0000,0.0
21243,0.0000,0.0000,0.0
21243,0.0000,0.0000,0.0
21243,0.0000,0.0000,0.0
21243,0.0000,0.0000,0.0
21243,0.0000,0.0000,0.0
21243,0.0000,0.0000,0.0
21243,0.0000,0.0000,0.0
21243,0.0000,0.0000,0.0
21243,0.0000,0.0000,0.0
21243,0.0000,0.0000,0.0
21243,0.0000,0.0000,0.0
21243,0.0000,0.0000,0.0
21243,0.0000,0.0000,0.0
21243,0.0000,0.0000,0.0
21243,0.0000,0.0000,0.0
21243,0.0000,0.0000,0.0
21243,0.0000,0.0000,0.0
21243,0.0000,0.0000,0.0
21243,0.0000,0.0000,0.0
21243,0.0000,0.0000,0.0
21243,0.0000,0.0000,0.0
21243,0.0000,0.0000,0.0
21243,0.0000,0.0000,0.0
21243,0.0000,0.0000,0.0
21243,0.0000,0.0000,0.0
21243,0.0000,0.0000,0.0
21243,0.0000,0.0000,0.0
21243,0.0000,0.0000,0.0
21243,0.0000,0.0000,0.0
21243,0.0000,0.0000,0.0
21243,0.0000,0.0000,0.0
21243,0.0000,0.0000,0.0
21243,0.0000,0.0000,0.0
21243,0.0000,0.0000,0.0
21243,0.0000,0.0000,0.0
21243,0.0000,0.0000,0.0
21243,0.0000,0.0000,0.0
21243,0.0000,0.0000,0.0
21243,0.0000,0.0000,0.0
21243,0.0000,0.0000,0.0
21243,0.0000,0.0000,0.0
21243,0.0000,0.0000,0.0
21243,0.0000,0.0000,0.0
21243,0.0000,0.0000,0.0
21243,0.0000,0.0000,0.0
21243,0.0000,0.0000,0.0
21243,0.0000,0.0000,0.0
21243,0.0000,0.0000,0.0
21243,0.0000,0.0000,0.0
21243,0.0000,0.0000,0.0
21243,0.0000,0.0000,0.0
21243,0.0000,0.0000,0.0
21243,0.0000,0.0000,0.0
21243,0.0000,0.0000,0.0
21243,0.0000,0.0000,0.0
21243,0.0000,0.0000,0.0
21243,0.0000,0.0000,0.0
21243,0.0000,0.0000,0.0
21243,0.0000,0.0000,0.0
21243,0.0000,0.0000,0.0
21243,0.0000,0.0000,0.0
21243,0.0000,0.0000,0.0
21243,0.0000,0.0000,0.0
21243,0.0000,0.0000,0.0
21243,0.0000,0.0000,0.0
21243,0.0000,0.0000,0.0
21243,0.0000,0.0000,0.0
21243,0.0000,0.0000,0.0
21243,0.0000,0.0000,0.0
21243,0.0000,0.0000,0.0
21243,0.0000,0.0000,0.0
21243,0.0000,0.0000,0.0
21243,0.0000,0.0000,0.0
21243,0.0000,0.0000,0.0
21243,0.0000,0.0000,0.0
21243,0.0000,0.0000,0.0
21243,0.0000,0.0000,0.0
21243,0.0000,0.0000,0.0
21243,0.0000,0.0000,0.0
21243,0.0000,0.0000,0.0
21243,0.0000,0.0000,0.0
21243,0.0000,0.0000,0.0
21243,0.0000,0.0000,0.0
21243,0.0000,0.0000,0.0
21243,0.0000,0.0000,0.0
21243,0.0000,0.0000,0.0
21243,0.0000,0.0000,0.0
21243,0.0000,0.0000,0.0
21243,0.0000,0.0000,0.0
21243,0.0000,0.0000,0.0
21243,0.0000,0.0000,0.0
21243,0.0000,0.0000,0.0
21243,0.0000,0.0000,0.0
21243,0.0000,0.0000,0.0
21243,0.0000,0.0000,0.0
21243,0.0000,0.0000,0.0
21243,0.0000,0.0000,0.0
21243,0.0000,0.0000,0.0
21243,0.0000,0.0000,0.0
21243,0.0000,0.0000,0.0
21243,0.0000,0.0000,0.0
21243,0.0000,0.0000,0.0
21243,0.0000,0.0000,0.0
21243,0.0000,0.0000,0.0
21243,0.0000,0.0000,0.0
21243,0.0000,0.0000,0.0
21243,0.0000,0.0000,0.0
21243,0.0000,0.0000,0.0
21243,0.0000,0.0000,0.0
21243,0.0000,0.0000,0.0
21243,0.0000,0.0000,0.0
21243,0.0000,0.0000,0.0
21243,0.0000,0.0000,0.0
21243,0.0000,0.0000,0.0
21243,0.0000,0.0000,0.0
21243,0.0000,0.0000,0.0
21243,0.0000,0.0000,0.0
21243,0.0000,0.0000,0.0
21243,0.0000,0.0000,0.0
21243,0.0000,0.0000,0.0
21243,0.0000,0.0000,0.0
21243,0.0000,0.0000,0.0
21243,0.0000,0.0000,0.0
21243,0.0000,0.0000,0.0
21243,0.0000,0.0000,0.0
21243,0.0000,0.0000,0.0
21243,0.0000,0.0000,0.0
21243,0.0000,0.0000,0.0
21243,0.0000,0.0000,0.0
21243,0.0000,0.0000,0.0
21243,0.0000,0.0000,0.0
21243,0.0000,0.0000,0.0
21243,0.0000,0.0000,0.0
21243,0.0000,0.0000,0.0
21243,0.0000,0.0000,0.0
21243,0.0000,0.0000,0.0
21243,0.0000,0.0000,0.0
21243,0.0000,0.0000,0.0
21243,0.0000,0.0000,0.0
21243,0.0000,0.0000,0.0
21243,0.0000,0.0000,0.0
21243,0.0000,0.0000,0.0
21243,0.0000,0.0000,0.0
21243,0.0000,0.0000,0.0
21243,0.0000,0.0000,0.0
21243,0.0000,0.0000,0.0
21243,0.0000,0.0000,0.0
21243,0.0000,0.0000,0.0
21243,0.0000,0.0000,0.0
21243,0.0000,0.0000,0.0
21243,0.0000,0.0000,0.0
21243,0.0000,0.0000,0.0
21243,0.0000,0.0000,0.0
21243,0.0000,0.0000,0.0
21243,0.0000,0.0000,0.0
21243,0.0000,0.0000,0.0
21243,0.0000,0.0000,0.0
21243,0.0000,0.0000,0.0
21243,0.0000,0.0000,0.0
21243,0.0000,0.0000,0.0
21243,0.0000,0.0000,0.0
21243,0.0000,0.0000,0.0
21243,0.0000,0.0000,0.0
21243,0.0000,0.0000,0.0
21243,0.0000,0.0000,0.0
21243,0.0000,0.0000,0.0
21243,0.0000,0.0000,0.0
21243,0.0000,0.0000,0.0
21243,0.0000,0.0000,0.0
21243,0.0000,0.0000,0.0
21243,0.0000,0.0000,0.0
21243,0.0000,0.0000,0.0
21243,0.0000,0.0000,0.0
21243,0.0000,0.0000,0.0
21243,0.0000,0.0000,0.0
21243,0.0000,0.0000,0.0
21243,0.0000,0.0000,0.0
21243,0.0000,0.0000,0.0
21243,0.0000,0.0000,0.0
21243,0.0000,0.0000,0.0
21243,0.0000,0.0000,0.0
21243,0.0000,0.0000,0.0
21243,0.0000,0.0000,0.0
21243,0.0000,0.0000,0.0
21243,0.0000,0.0000,0.0
21243,0.0000,0.0000,0.0
21243,0.0000,0.0000,0.0
21243,0.0000,0.0000,0.0
21243,0.0000,0.0000,0.0
21243,0.0000,0.0000,0.0
21243,0.0000,0.0000,0.0
21243,0.0000,0.0000,0.0
21243,0.0000,0.0000,0.0
21243,0.0000,0.0000,0.0
21243,0.0000,0.0000,0.0
21243,0.0000,0.0000,0.0
21243,0.0000,0.0000,0.0
21243,0.0000,0.0000,0.0
21243,0.0000,0.0000,0.0
21243,0.0000,0.0000,0.0
21243,0.0000,0.0000,0.0
21243,0.0000,0.0000,0.0
21243,0.0000,0.0000,0.0
21243,0.0000,0.0000,0.0
21243,0.0000,0.0000,0.0
21243,0.0000,0.0000,0.0
21243,0.0000,0.0000,0.0
21243,0.0000,0.0000,0.0
21243,0.0000,0.0000,0.0
21243,0.0000,0.0000,0.0
21243,0.0000,0.0000,0.0
21243,0.0000,0.0000,0.0
21243,0.0000,0.0000,0.0
21243,0.0000,0.0000,0.0
21243,0.0000,0.0000,0.0
21243,0.0000,0.0000,0.0
21243,0.0000,0.0000,0.0
21243,0.0000,0.0000,0.0
21243,0.0000,0.0000,0.0
21243,0.0000,0.0000,0.0
21243,0.0000,0.0000,0.0
21243,0.0000,0.0000,0.0
21243,0.0000,0.0000,0.0
21243,0.0000,0.0000,0.0
21243,0.0000,0.0000,0.0
21243,0.0000,0.0000,0.0
21243,0.0000,0.0000,0.0
21243,0.0000,0.0000,0.0
21243,0.0000,0.0000,0.0
21243,0.0000,0.0000,0.0
21243,0.0000,0.0000,0.0
21243,0.0000,0.0000,0.0
21243,0.0000,0.0000,0.0
21243,0.0000,0.0000,0.0
21243,0.0000,0.0000,0.0
21243,0.0000,0.0000,0.0
21243,0.0000,0.0000,0.0
21243,0.0000,0.0000,0.0
21243,0.0000,0.0000,0.0
21243,0.0000,0.0000,0.0
21243,0.0000,0.0000,0.0
21243,0.0000,0.0000,0.0
21243,0.0000,0.0000,0.0
21243,0.0000,0.0000,0.0
21243,0.0000,0.0000,0.0
21243,0.0000,0.0000,0.0
21243,0.0000,0.0000,0.0
21243,0.0000,0.0000,0.0
21243,0.0000,0.0000,0.0
21243,0.0000,0.0000,0.0
21243,0.0000,0.0000,0.0
21243,0.0000,0.0000,0.0
21243,0.0000,0.0000,0.0
21243,0.0000,0.0000,0.0
21243,0.0000,0.0000,0.0
21243,0.0000,0.0000,0.0
21243,0.0000,0.0000,0.0
21243,0.0000,0.0000,0.0
21243,0.0000,0.0000,0.0
21243,0.0000,0.0000,0.0
21243,0.0000,0.0000,0.0
21243,0.0000,0.0000,0.0
21243,0.0000,0.0000,0.0
21243,0.0000,0.0000,0.0
21243,0.0000,0.0000,0.0
21243,0.0000,0.0000,0.0
21243,0.0000,0.0000,0.0
21243,0.0000,0.0000,0.0
21243,0.0000,0.0000,0.0
21243,0.0000,0.0000,0.0
21243,0.0000,0.0000,0.0
21243,0.0000,0.0000,0.0
21243,0.0000,0.0000,0.0
21243,0.0000,0.0000,0.0
21243,0.0000,0.0000,0.0
21243,0.0000,0.0000,0.0
21243,0.0000,0.0000,0.0
21243,0.0000,0.0000,0.0
21243,0.0000,0.0000,0.0
21243,0.0000,0.0000,0.0
21243,0.0000,0.0000,0.0
21243,0.0000,0.0000,0.0
21243,0.0000,0.0000,0.0
21243,0.0000,0.0000,0.0
21243,0.0000,0.0000,0.0
21243,0.0000,0.0000,0.0
21243,0.0000,0.0000,0.0
21243,0.0000,0.0000,0.0
21243,0.0000,0.0000,0.0
21243,0.0000,0.0000,0.0
21243,0.0000,0.0000,0.0
21243,0.0000,0.0000,0.0
21243,0.0000,0.0000,0.0
21243,0.0000,0.0000,0.0
21243,0.0000,0.0000,0.0
21243,0.0000,0.0000,0.0
21243,0.0000,0.0000,0.0
21243,0.0000,0.0000,0.0
21243,0.0000,0.0000,0.0
21243,0.0000,0.0000,0.0
21243,0.0000,0.0000,0.0
21243,0.0000,0.0000,0.0
21243,0.0000,0.0000,0.0
21243,0.0000,0.0000,0.0
21243,0.0000,0.0000,0.0
21243,0.0000,0.0000,0.0
21243,0.0000,0.0000,0.0
21243,0.0000,0.0000,0.0
21243,0.0000,0.0000,0.0
21243,0.0000,0.0000,0.0
21243,0.0000,0.0000,0.0
21243,0.0000,0.0000,0.0
21243,0.0000,0.0000,0.0
21243,0.0000,0.0000,0.0
21243,0.0000,0.0000,0.0
21243,0.0000,0.0000,0.0
21243,0.0000,0.0000,0.0
21243,0.0000,0.0000,0.0
21243,0.0000,0.0000,0.0
21243,0.0000,0.0000,0.0
21243,0.0000,0.0000,0.0
21243,0.0000,0.0000,0.0
21243,0.0000,0.0000,0.0
21243,0.0000,0.0000,0.0
21243,0.0000,0.0000,0.0
21243,0.0000,0.0000,0.0
21243,0.0000,0.0000,0.0
21243,0.0000,0.0000,0.0
21243,0.0000,0.0000,0.0
21243,0.0000,0.0000,0.0
21243,0.0000,0.0000,0.0
21243,0.0000,0.0000,0.0
21243,0.0000,0.0000,0.0
21243,0.0000,0.0000,0.0
21243,0.0000,0.0000,0.0
21243,0.0000,0.0000,0.0
21243,0.0000,0.0000,0.0
21243,0.0000,0.0000,0.0
21243,0.0000,0.0000,0.0
21243,0.0000,0.0000,0.0
21243,0.0000,0.0000,0.0
21243,0.0000,0.0000,0.0
21243,0.0000,0.0000,0.0
21243,0.0000,0.0000,0.0
21243,0.0000,0.0000,0.0
21243,0.0000,0.0000,0.0
21243,0.0000,0.0000,0.0
21243,0.0000,0.0000,0.0
21243,0.0000,0.0000,0.0
21243,0.0000,0.0000,0.0
21243,0.0000,0.0000,0.0
21243,0.0000,0.0000,0.0
21243,0.0000,0.0000,0.0
21243,0.0000,0.0000,0.0
21243,0.0000,0.0000,0.0
21243,0.0000,0.0000,0.0
21243,0.0000,0.0000,0.0
21243,0.0000,0.0000,0.0
21243,0.0000,0.0000,0.0
21243,0.0000,0.0000,0.0
21243,0.0000,0.0000,0.0
21243,0.0000,0.0000,0.0
21243,0.0000,0.0000,0.0
21243,0.0000,0.0000,0.0
21243,0.0000,0.0000,0.0
21243,0.0000,0.0000,0.0
21243,0.0000,0.0000,0.0
21243,0.0000,0.0000,0.0
21243,0.0000,0.0000,0.0
21243,0.0000,0.0000,0.0
21243,0.0000,0.0000,0.0
21243,0.0000,0.0000,0.0
21243,0.0000,0.0000,0.0
21243,0.0000,0.0000,0.0
21243,0.0000,0.0000,0.0
21243,0.0000,0.0000,0.0
21243,0.0000,0.0000,0.0
21243,0.0000,0.0000,0.0
21243,0.0000,0.0000,0.0
21243,0.0000,0.0000,0.0
21243,0.0000,0.0000,0.0
21243,0.0000,0.0000,0.0
21243,0.0000,0.0000,0.0
21243,0.0000,0.0000,0.0
21243,0.0000,0.0000,0.0
21243,0.0000,0.0000,0.0
21243,0.0000,0.0000,0.0
21243,0.0000,0.0000,0.0
21243,0.0000,0.0000,0.0
21243,0.0000,0.0000,0.0
21243,0.0000,0.0000,0.0
21243,0.0000,0.0000,0.0
21243,0.0000,0.0000,0.0
21243,0.0000,0.0000,0.0
21243,0.0000,0.0000,0.0
21243,0.0000,0.0000,0.0
21243,0.0000,0.0000,0.0
21243,0.0000,0.0000,0.0
21243,0.0000,0.0000,0.0
21243,0.0000,0.0000,0.0
21243,0.0000,0.0000,0.0
21243,0.0000,0.0000,0.0
21243,0.0000,0.0000,0.0
21243,0.0000,0.0000,0.0
21243,0.0000,0.0000,0.0
21243,0.0000,0.0000,0.0
21243,0.0000,0.0000,0.0
21243,0.0000,0.0000,0.0
21243,0.0000,0.0000,0.0
21243,0.0000,0.0000,0.0
21243,0.0000,0.0000,0.0
21243,0.0000,0.0000,0.0
21243,0.0000,0.0000,0.0
21243,0.0000,0.0000,0.0
21243,0.0000,0.0000,0.0
21243,0.0000,0.0000,0.0
21243,0.0000,0.0000,0.0
21243,0.0000,0.0000,0.0
21243,0.0000,0.0000,0.0
21243,0.0000,0.0000,0.0
21243,0.0000,0.0000,0.0
21243,0.0000,0.0000,0.0
21243,0.0000,0.0000,0.0
21243,0.0000,0.0000,0.0
21243,0.0000,0.0000,0.0
21243,0.0000,0.0000,0.0
21243,0.0000,0.0000,0.0
21243,0.0000,0.0000,0.0
21243,0.0000,0.0000,0.0
21243,0.0000,0.0000,0.0
21243,0.0000,0.0000,0.0
21243,0.0000,0.0000,0.0
21243,0.0000,0.0000,0.0
21243,0.0000,0.0000,0.0
21243,0.0000,0.0000,0.0
21243,0.0000,0.0000,0.0
21243,0.0000,0.0000,0.0
21243,0.0000,0.0000,0.0
21243,0.0000,0.0000,0.0
21243,0.0000,0.0000,0.0
21243,0.0000,0.0000,0.0
21243,0.0000,0.0000,0.0
21243,0.0000,0.0000,0.0
21243,0.0000,0.0000,0.0
21243,0.0000,0.0000,0.0
21243,0.0000,0.0000,0.0
21243,0.0000,0.0000,0.0
21243,0.0000,0.0000,0.0
21243,0.0000,0.0000,0.0
21243,0.0000,0.0000,0.0
21243,0.0000,0.0000,0.0
21243,0.0000,0.0000,0.0
21243,0.0000,0.0000,0.0
21243,0.0000,0.0000,0.0
21243,0.0000,0.0000,0.0
21243,0.0000,0.0000,0.0
21243,0.0000,0.0000,0.0
21243,0.0000,0.0000,0.0
21243,0.0000,0.0000,0.0
21243,0.0000,0.0000,0.0
21243,0.0000,0.0000,0.0
21243,0.0000,0.0000,0.0
21243,0.0000,0.0000,0.0
21243,0.0000,0.0000,0.0
21243,0.0000,0.0000,0.0
21243,0.0000,0.0000,0.0
21243,0.0000,0.0000,0.0
21243,0.0000,0.0000,0.0
21243,0.0000,0.0000,0.0
21243,0.0000,0.0000,0.0
21243,0.0000,0.0000,0.0
21243,0.0000,0.0000,0.0
21243,0.0000,0.0000,0.0
21243,0.0000,0.0000,0.0
21243,0.0000,0.0000,0.0
21243,0.0000,0.0000,0.0
21243,0.0000,0.0000,0.0
21243,0.0000,0.0000,0.0
21243,0.0000,0.0000,0.0
21243,0.0000,0.0000,0.0
21243,0.0000,0.0000,0.0
21243,0.0000,0.0000,0.0
21243,0.0000,0.0000,0.0
21243,0.0000,0.0000,0.0
21243,0.0000,0.0000,0.0
21243,0.0000,0.0000,0.0
21243,0.0000,0.0000,0.0
21243,0.0000,0.0000,0.0
21243,0.0000,0.0000,0.0
21243,0.0000,0.0000,0.0
21243,0.0000,0.0000,0.0
21243,0.0000,0.0000,0.0
21243,0.0000,0.0000,0.0
21243,0.0000,0.0000,0.0
21243,0.0000,0.0000,0.0
21243,0.0000,0.0000,0.0
21243,0.0000,0.0000,0.0
21243,0.0000,0.0000,0.0
21243,0.0000,0.0000,0.0
21243,0.0000,0.0000,0.0
21243,0.0000,0.0000,0.0
21243,0.0000,0.0000,0.0
21243,0.0000,0.0000,0.0
21243,0.0000,0.0000,0.0
21243,0.0000,0.0000,0.0
21243,0.0000,0.0000,0.0
21243,0.0000,0.0000,0.0
21243,0.0000,0.0000,0.0
21243,0.0000,0.0000,0.0
21243,0.0000,0.0000,0.0
21243,0.0000,0.0000,0.0
21243,0.0000,0.0000,0.0
21243,0.0000,0.0000,0.0
21243,0.0000,0.0000,0.0
21243,0.0000,0.0000,0.0
21243,0.0000,0.0000,0.0
21243,0.0000,0.0000,0.0
21243,0.0000,0.0000,0.0
21243,0.0000,0.0000,0.0
21243,0.0000,0.0000,0.0
21243,0.0000,0.0000,0.0
21243,0.0000,0.0000,0.0
21243,0.0000,0.0000,0.0
21243,0.0000,0.0000,0.0
21243,0.0000,0.0000,0.0
21243,0.0000,0.0000,0.0
21243,0.0000,0.0000,0.0
21243,0.0000,0.0000,0.0
21243,0.0000,0.0000,0.0
21243,0.0000,0.0000,0.0
21243,0.0000,0.0000,0.0
21243,0.0000,0.0000,0.0
21243,0.0000,0.0000,0.0
21243,0.0000,0.0000,0.0
21243,0.0000,0.0000,0.0
21243,0.0000,0.0000,0.0
21243,0.0000,0.0000,0.0
21243,0.0000,0.0000,0.0
21243,0.0000,0.0000,0.0
21243,0.0000,0.0000,0.0
21243,0.0000,0.0000,0.0
21243,0.0000,0.0000,0.0
21243,0.0000,0.0000,0.0
21243,0.0000,0.0000,0.0
21243,0.0000,0.0000,0.0
21243,0.0000,0.0000,0.0
21243,0.0000,0.0000,0.0
21243,0.0000,0.0000,0.0
21243,0.0000,0.0000,0.0
21243,0.0000,0.0000,0.0
21243,0.0000,0.0000,0.0
21243,0.0000,0.0000,0.0
21243,0.0000,0.0000,0.0
21243,0.0000,0.0000,0.0
21243,0.0000,0.0000,0.0
21243,0.0000,0.0000,0.0
21243,0.0000,0.0000,0.0
21243,0.0000,0.0000,0.0
21243,0.0000,0.0000,0.0
21243,0.0000,0.0000,0.0
21243,0.0000,0.0000,0.0
21243,0.0000,0.0000,0.0
21243,0.0000,0.0000,0.0
21243,0.0000,0.0000,0.0
21243,0.0000,0.0000,0.0
21243,0.0000,0.0000,0.0
21243,0.0000,0.0000,0.0
21243,0.0000,0.0000,0.0
21243,0.0000,0.0000,0.0
21243,0.0000,0.0000,0.0
21243,0.0000,0.0000,0.0
21243,0.0000,0.0000,0.0
21243,0.0000,0.0000,0.0
21243,0.0000,0.0000,0.0
21243,0.0000,0.0000,0.0
21243,0.0000,0.0000,0.0
21243,0.0000,0.0000,0.0
21243,0.0000,0.0000,0.0
21243,0.0000,0.0000,0.0
21243,0.0000,0.0000,0.0
21243,0.0000,0.0000,0.0
21243,0.0000,0.0000,0.0
21243,0.0000,0.0000,0.0
21243,0.0000,0.0000,0.0
21243,0.0000,0.0000,0.0
21243,0.0000,0.0000,0.0
21243,0.0000,0.0000,0.0
21243,0.0000,0.0000,0.0
21243,0.0000,0.0000,0.0
21243,0.0000,0.0000,0.0
21243,0.0000,0.0000,0.0
21243,0.0000,0.0000,0.0
21243,0.0000,0.0000,0.0
21243,0.0000,0.0000,0.0
21243,0.0000,0.0000,0.0
21243,0.0000,0.0000,0.0
21243,0.0000,0.0000,0.0
21243,0.0000,0.0000,0.0
21243,0.0000,0.0000,0.0
21243,0.0000,0.0000,0.0
21243,0.0000,0.0000,0.0
21243,0.0000,0.0000,0.0
21243,0.0000,0.0000,0.0
21243,0.0000,0.0000,0.0
21243,0.0000,0.0000,0.0
21243,0.0000,0.0000,0.0
21243,0.0000,0.0000,0.0
21243,0.0000,0.0000,0.0
21243,0.0000,0.0000,0.0
21243,0.0000,0.0000,0.0
21243,0.0000,0.0000,0.0
21243,0.0000,0.0000,0.0
21243,0.0000,0.0000,0.0
21243,0.0000,0.0000,0.0
21243,0.0000,0.0000,0.0
21243,0.0000,0.0000,0.0
21243,0.0000,0.0000,0.0
21243,0.0000,0.0000,0.0
21243,0.0000,0.0000,0.0
21243,0.0000,0.0000,0.0
21243,0.0000,0.0000,0.0
21243,0.0000,0.0000,0.0
21243,0.0000,0.0000,0.0
21243,0.0000,0.0000,0.0
21243,0.0000,0.0000,0.0
21243,0.0000,0.0000,0.0
21243,0.0000,0.0000,0.0
21243,0.0000,0.0000,0.0
21243,0.0000,0.0000,0.0
21243,0.0000,0.0000,0.0
21243,0.0000,0.0000,0.0
21243,0.0000,0.0000,0.0
21243,0.0000,0.0000,0.0
21243,0.0000,0.0000,0.0
21243,0.0000,0.0000,0.0
21243,0.0000,0.0000,0.0
21243,0.0000,0.0000,0.0
21243,0.0000,0.0000,0.0
21243,0.0000,0.0000,0.0
21243,0.0000,0.0000,0.0
21243,0.0000,0.0000,0.0
21243,0.0000,0.0000,0.0
21243,0.0000,0.0000,0.0
21243,0.0000,0.0000,0.0
21243,0.0000,0.0000,0.0
21243,0.0000,0.0000,0.0
21243,0.0000,0.0000,0.0
21243,0.0000,0.0000,0.0
21243,0.0000,0.0000,0.0
21243,0.0000,0.0000,0.0
21243,0.0000,0.0000,0.0
21243,0.0000,0.0000,0.0
21243,0.0000,0.0000,0.0
21243,0.0000,0.0000,0.0
21243,0.0000,0.0000,0.0
21243,0.0000,0.0000,0.0
21243,0.0000,0.0000,0.0
21243,0.0000,0.0000,0.0
21243,0.0000,0.0000,0.0
21243,0.0000,0.0000,0.0
21243,0.0000,0.0000,0.0
21243,0.0000,0.0000,0.0
21243,0.0000,0.0000,0.0
21243,0.0000,0.0000,0.0
21243,0.0000,0.0000,0.0
21243,0.0000,0.0000,0.0
21243,0.0000,0.0000,0.0
21243,0.0000,0.0000,0.0
21243,0.0000,0.0000,0.0
21243,0.0000,0.0000,0.0
21243,0.0000,0.0000,0.0
21243,0.0000,0.0000,0.0
21243,0.0000,0.0000,0.0
21243,0.0000,0.0000,0.0
21243,0.0000,0.0000,0.0
21243,0.0000,0.0000,0.0
21243,0.0000,0.0000,0.0
21243,0.0000,0.0000,0.0
21243,0.0000,0.0000,0.0
21243,0.0000,0.0000,0.0
21243,0.0000,0.0000,0.0
21243,0.0000,0.0000,0.0
21243,0.0000,0.0000,0.0
21243,0.0000,0.0000,0.0
21243,0.0000,0.0000,0.0
21243,0.0000,0.0000,0.0
21243,0.0000,0.0000,0.0
21243,0.0000,0.0000,0.0
21243,0.0000,0.0000,0.0
21243,0.0000,0.0000,0.0
21243,0.0000,0.0000,0.0
21243,0.0000,0.0000,0.0
21243,0.0000,0.0000,0.0
21243,0.0000,0.0000,0.0
21243,0.0000,0.0000,0.0
21243,0.0000,0.0000,0.0
21243,0.0000,0.0000,0.0
21243,0.0000,0.0000,0.0
21243,0.0000,0.0000,0.0
21243,0.0000,0.0000,0.0
21243,0.0000,0.0000,0.0
21243,0.0000,0.0000,0.0
21243,0.0000,0.0000,0.0
21243,0.0000,0.0000,0.0
21243,0.0000,0.0000,0.0
21243,0.0000,0.0000,0.0
21243,0.0000,0.0000,0.0
21243,0.0000,0.0000,0.0
21243,0.0000,0.0000,0.0
21243,0.0000,0.0000,0.0
21243,0.0000,0.0000,0.0
21243,0.0000,0.0000,0.0
21243,0.0000,0.0000,0.0
21243,0.0000,0.0000,0.0
21243,0.0000,0.0000,0.0
21243,0.0000,0.0000,0.0
21243,0.0000,0.0000,0.0
21243,0.0000,0.0000,0.0
21243,0.0000,0.0000,0.0
21243,0.0000,0.0000,0.0
21243,0.0000,0.0000,0.0
21243,0.0000,0.0000,0.0
21243,0.0000,0.0000,0.0
21243,0.0000,0.0000,0.0
21243,0.0000,0.0000,0.0
21243,0.0000,0.0000,0.0
21243,0.0000,0.0000,0.0
21243,0.0000,0.0000,0.0
21243,0.0000,0.0000,0.0
21243,0.0000,0.0000,0.0
21243,0.0000,0.0000,0.0
21243,0.0000,0.0000,0.0
21243,0.0000,0.0000,0.0
21243,0.0000,0.0000,0.0
21243,0.0000,0.0000,0.0
21243,0.0000,0.0000,0.0
21243,0.0000,0.0000,0.0
21243,0.0000,0.0000,0.0
21243,0.0000,0.0000,0.0
21243,0.0000,0.0000,0.0
21243,0.0000,0.0000,0.0
21243,0.0000,0.0000,0.0
21243,0.0000,0.0000,0.0
21243,0.0000,0.0000,0.0
21243,0.0000,0.0000,0.0
21243,0.0000,0.0000,0.0
21243,0.0000,0.0000,0.0
21243,0.0000,0.0000,0.0
21243,0.0000,0.0000,0.0
21243,0.0000,0.0000,0.0
21243,0.0000,0.0000,0.0
21243,0.0000,0.0000,0.0
21243,0.0000,0.0000,0.0
21243,0.0000,0.0000,0.0
21243,0.0000,0.0000,0.0
21243,0.0000,0.0000,0.0
21243,0.0000,0.0000,0.0
21243,0.0000,0.0000,0.0
21243,0.0000,0.0000,0.0
21243,0.0000,0.0000,0.0
21243,0.0000,0.0000,0.0
21243,0.0000,0.0000,0.0
21243,0.0000,0.0000,0.0
21243,0.0000,0.0000,0.0
21243,0.0000,0.0000,0.0
21243,0.0000,0.0000,0.0
21243,0.0000,0.0000,0.0
21243,0.0000,0.0000,0.0
21243,0.0000,0.0000,0.0
21243,0.0000,0.0000,0.0
21243,0.0000,0.0000,0.0
21243,0.0000,0.0000,0.0
21243,0.0000,0.0000,0.0
21243,0.0000,0.0000,0.0
21243,0.0000,0.0000,0.0
21243,0.0000,0.0000,0.0
21243,0.0000,0.0000,0.0
21243,0.0000,0.0000,0.0
21243,0.0000,0.0000,0.0
21243,0.0000,0.0000,0.0
21243,0.0000,0.0000,0.0
21243,0.0000,0.0000,0.0
21243,0.0000,0.0000,0.0
21243,0.0000,0.0000,0.0
21243,0.0000,0.0000,0.0
21243,0.0000,0.0000,0.0
21243,0.0000,0.0000,0.0
21243,0.0000,0.0000,0.0
21243,0.0000,0.0000,0.0
21243,0.0000,0.0000,0.0
21243,0.0000,0.0000,0.0
21243,0.0000,0.0000,0.0
21243,0.0000,0.0000,0.0
21243,0.0000,0.0000,0.0
21243,0.0000,0.0000,0.0
21243,0.0000,0.0000,0.0
21243,0.0000,0.0000,0.0
21243,0.0000,0.0000,0.0
21243,0.0000,0.0000,0.0
21243,0.0000,0.0000,0.0
21243,0.0000,0.0000,0.0
21243,0.0000,0.0000,0.0
21243,0.0000,0.0000,0.0
21243,0.0000,0.0000,0.0
21243,0.0000,0.0000,0.0
21243,0.0000,0.0000,0.0
21243,0.0000,0.0000,0.0
21243,0.0000,0.0000,0.0
21243,0.0000,0.0000,0.0
21243,0.0000,0.0000,0.0
21243,0.0000,0.0000,0.0
21243,0.0000,0.0000,0.0
21243,0.0000,0.0000,0.0
21243,0.0000,0.0000,0.0
21243,0.0000,0.0000,0.0
21243,0.0000,0.0000,0.0
21243,0.0000,0.0000,0.0
21243,0.0000,0.0000,0.0
21243,0.0000,0.0000,0.0
21243,0.0000,0.0000,0.0
21243,0.0000,0.0000,0.0
21243,0.0000,0.0000,0.0
21243,0.0000,0.0000,0.0
21243,0.0000,0.0000,0.0
21243,0.0000,0.0000,0.0
21243,0.0000,0.0000,0.0
21243,0.0000,0.0000,0.0
21243,0.0000,0.0000,0.0
21243,0.0000,0.0000,0.0
21243,0.0000,0.0000,0.0
21243,0.0000,0.0000,0.0
21243,0.0000,0.0000,0.0
21243,0.0000,0.0000,0.0
21243,0.0000,0.0000,0.0
21243,0.0000,0.0000,0.0
21243,0.0000,0.0000,0.0
21243,0.0000,0.0000,0.0
21243,0.0000,0.0000,0.0
21243,0.0000,0.0000,0.0
21243,0.0000,0.0000,0.0
21243,0.0000,0.0000,0.0
21243,0.0000,0.0000,0.0
21243,0.0000,0.0000,0.0
21243,0.0000,0.0000,0.0
21243,0.0000,0.0000,0.0
21243,0.0000,0.0000,0.0
21243,0.0000,0.0000,0.0
21243,0.0000,0.0000,0.0
21243,0.0000,0.0000,0.0
21243,0.0000,0.0000,0.0
21243,0.0000,0.0000,0.0
21243,0.0000,0.0000,0.0
21243,0.0000,0.0000,0.0
21243,0.0000,0.0000,0.0
21243,0.0000,0.0000,0.0
21243,0.0000,0.0000,0.0
21243,0.0000,0.0000,0.0
21243,0.0000,0.0000,0.0
21243,0.0000,0.0000,0.0
21243,0.0000,0.0000,0.0
21243,0.0000,0.0000,0.0
21243,0.0000,0.0000,0.0
21243,0.0000,0.0000,0.0
21243,0.0000,0.0000,0.0
21243,0.0000,0.0000,0.0
21243,0.0000,0.0000,0.0
21243,0.0000,0.0000,0.0
21243,0.0000,0.0000,0.0
21243,0.0000,0.0000,0.0
21243,0.0000,0.0000,0.0
21243,0.0000,0.0000,0.0
21243,0.0000,0.0000,0.0
21243,0.0000,0.0000,0.0
21243,0.0000,0.0000,0.0
21243,0.0000,0.0000,0.0
21243,0.0000,0.0000,0.0
21243,0.0000,0.0000,0.0
21243,0.0000,0.0000,0.0
21243,0.0000,0.0000,0.0
21243,0.0000,0.0000,0.0
21243,0.0000,0.0000,0.0
21243,0.0000,0.0000,0.0
21243,0.0000,0.0000,0.0
21243,0.0000,0.0000,0.0
21243,0.0000,0.0000,0.0
21243,0.0000,0.0000,0.0
21243,0.0000,0.0000,0.0
21243,0.0000,0.0000,0.0
21243,0.0000,0.0000,0.0
21243,0.0000,0.0000,0.0
21243,0.0000,0.0000,0.0
21243,0.0000,0.0000,0.0
21243,0.0000,0.0000,0.0
21243,0.0000,0.0000,0.0
21243,0.0000,0.0000,0.0
21243,0.0000,0.0000,0.0
21243,0.0000,0.0000,0.0
21243,0.0000,0.0000,0.0
21243,0.0000,0.0000,0.0
21243,0.0000,0.0000,0.0
21243,0.0000,0.0000,0.0
21243,0.0000,0.0000,0.0
21243,0.0000,0.0000,0.0
21243,0.0000,0.0000,0.0
21243,0.0000,0.0000,0.0
21243,0.0000,0.0000,0.0
21243,0.0000,0.0000,0.0
21243,0.0000,0.0000,0.0
21243,0.0000,0.0000,0.0
21243,0.0000,0.0000,0.0
21243,0.0000,0.0000,0.0
21243,0.0000,0.0000,0.0
21243,0.0000,0.0000,0.0
21243,0.0000,0.0000,0.0
21243,0.0000,0.0000,0.0
21243,0.0000,0.0000,0.0
21243,0.0000,0.0000,0.0
21243,0.0000,0.0000,0.0
21243,0.0000,0.0000,0.0
21243,0.0000,0.0000,0.0
21243,0.0000,0.0000,0.0
21243,0.0000,0.0000,0.0
21243,0.0000,0.0000,0.0
21243,0.0000,0.0000,0.0
21243,0.0000,0.0000,0.0
21243,0.0000,0.0000,0.0
21243,0.0000,0.0000,0.0
21243,0.0000,0.0000,0.0
21243,0.0000,0.0000,0.0
21243,0.0000,0.0000,0.0
21243,0.0000,0.0000,0.0
21243,0.0000,0.0000,0.0
21243,0.0000,0.0000,0.0
21243,0.0000,0.0000,0.0
21243,0.0000,0.0000,0.0
21243,0.0000,0.0000,0.0
21243,0.0000,0.0000,0.0
21243,0.0000,0.0000,0.0
21243,0.0000,0.0000,0.0
21243,0.0000,0.0000,0.0
21243,0.0000,0.0000,0.0
21243,0.0000,0.0000,0.0
21243,0.0000,0.0000,0.0
21243,0.0000,0.0000,0.0
21243,0.0000,0.0000,0.0
21243,0.0000,0.0000,0.0
21243,0.0000,0.0000,0.0
21243,0.0000,0.0000,0.0
21243,0.0000,0.0000,0.0
21243,0.0000,0.0000,0.0
21243,0.0000,0.0000,0.0
21243,0.0000,0.0000,0.0
21243,0.0000,0.0000,0.0
21243,0.0000,0.0000,0.0
21243,0.0000,0.0000,0.0
21243,0.0000,0.0000,0.0
21243,0.0000,0.0000,0.0
21243,0.0000,0.0000,0.0
21243,0.0000,0.0000,0.0
21243,0.0000,0.0000,0.0
21243,0.0000,0.0000,0.0
21243,0.0000,0.0000,0.0
21243,0.0000,0.0000,0.0
21243,0.0000,0.0000,0.0
21243,0.0000,0.0000,0.0
21243,0.0000,0.0000,0.0
21243,0.0000,0.0000,0.0
21243,0.0000,0.0000,0.0
21243,0.0000,0.0000,0.0
21243,0.0000,0.0000,0.0
21243,0.0000,0.0000,0.0
21243,0.0000,0.0000,0.0
21243,0.0000,0.0000,0.0
21243,0.0000,0.0000,0.0
21243,0.0000,0.0000,0.0
21243,0.0000,0.0000,0.0
21243,0.0000,0.0000,0.0
21243,0.0000,0.0000,0.0
21243,0.0000,0.0000,0.0
21243,0.0000,0.0000,0.0
21243,0.0000,0.0000,0.0
21243,0.0000,0.0000,0.0
21243,0.0000,0.0000,0.0
21243,0.0000,0.0000,0.0
21243,0.0000,0.0000,0.0
21243,0.0000,0.0000,0.0
21243,0.0000,0.0000,0.0
21243,0.0000,0.0000,0.0
21243,0.0000,0.0000,0.0
21243,0.0000,0.0000,0.0
21243,0.0000,0.0000,0.0
21243,0.0000,0.0000,0.0
21243,0.0000,0.0000,0.0
21243,0.0000,0.0000,0.0
21243,0.0000,0.0000,0.0
21243,0.0000,0.0000,0.0
21243,0.0000,0.0000,0.0
21243,0.0000,0.0000,0.0
21243,0.0000,0.0000,0.0
21243,0.0000,0.0000,0.0
21243,0.0000,0.0000,0.0
21243,0.0000,0.0000,0.0
21243,0.0000,0.0000,0.0
21243,0.0000,0.0000,0.0
21243,0.0000,0.0000,0.0
21243,0.0000,0.0000,0.0
21243,0.0000,0.0000,0.0
21243,0.0000,0.0000,0.0
21243,0.0000,0.0000,0.0
21243,0.0000,0.0000,0.0
21243,0.0000,0.0000,0.0
21243,0.0000,0.0000,0.0
21243,0.0000,0.0000,0.0
21243,0.0000,0.0000,0.0
21243,0.0000,0.0000,0.0
21243,0.0000,0.0000,0.0
21243,0.0000,0.0000,0.0
21243,0.0000,0.0000,0.0
21243,0.0000,0.0000,0.0
21243,0.0000,0.0000,0.0
21243,0.0000,0.0000,0.0
21243,0.0000,0.0000,0.0
21243,0.0000,0.0000,0.0
21243,0.0000,0.0000,0.0
21243,0.0000,0.0000,0.0
21243,0.0000,0.0000,0.0
21243,0.0000,0.0000,0.0
21243,0.0000,0.0000,0.0
21243,0.0000,0.0000,0.0
21243,0.0000,0.0000,0.0
21243,0.0000,0.0000,0.0
21243,0.0000,0.0000,0.0
21243,0.0000,0.0000,0.0
21243,0.0000,0.0000,0.0
21243,0.0000,0.0000,0.0
21243,0.0000,0.0000,0.0
21243,0.0000,0.0000,0.0
21243,0.0000,0.0000,0.0
21243,0.0000,0.0000,0.0
21243,0.0000,0.0000,0.0
21243,0.0000,0.0000,0.0
21243,0.0000,0.0000,0.0
21243,0.0000,0.0000,0.0
21243,0.0000,0.0000,0.0
21243,0.0000,0.0000,0.0
21243,0.0000,0.0000,0.0
21243,0.0000,0.0000,0.0
21243,0.0000,0.0000,0.0
21243,0.0000,0.0000,0.0
21243,0.0000,0.0000,0.0
21243,0.0000,0.0000,0.0
21243,0.0000,0.0000,0.0
21243,0.0000,0.0000,0.0
21243,0.0000,0.0000,0.0
21243,0.0000,0.0000,0.0
21243,0.0000,0.0000,0.0
21243,0.0000,0.0000,0.0
21243,0.0000,0.0000,0.0
21243,0.0000,0.0000,0.0
21243,0.0000,0.0000,0.0
21243,0.0000,0.0000,0.0
21243,0.0000,0.0000,0.0
21243,0.0000,0.0000,0.0
21243,0.0000,0.0000,0.0
21243,0.0000,0.0000,0.0
21243,0.0000,0.0000,0.0
21243,0.0000,0.0000,0.0
21243,0.0000,0.0000,0.0
21243,0.0000,0.0000,0.0
21243,0.0000,0.0000,0.0
21243,0.0000,0.0000,0.0
21243,0.0000,0.0000,0.0
21243,0.0000,0.0000,0.0
21243,0.0000,0.0000,0.0
21243,0.0000,0.0000,0.0
21243,0.0000,0.0000,0.0
21243,0.0000,0.0000,0.0
21243,0.0000,0.0000,0.0
21243,0.0000,0.0000,0.0
21243,0.0000,0.0000,0.0
21243,0.0000,0.0000,0.0
21243,0.0000,0.0000,0.0
21243,0.0000,0.0000,0.0
21243,0.0000,0.0000,0.0
21243,0.0000,0.0000,0.0
21243,0.0000,0.0000,0.0
21243,0.0000,0.0000,0.0
21243,0.0000,0.0000,0.0
21243,0.0000,0.0000,0.0
21243,0.0000,0.0000,0.0
21243,0.0000,0.0000,0.0
21243,0.0000,0.0000,0.0
21243,0.0000,0.0000,0.0
21243,0.0000,0.0000,0.0
21243,0.0000,0.0000,0.0
21243,0.0000,0.0000,0.0
21243,0.0000,0.0000,0.0
21243,0.0000,0.0000,0.0
21243,0.0000,0.0000,0.0
21243,0.0000,0.0000,0.0
21243,0.0000,0.0000,0.0
21243,0.0000,0.0000,0.0
21243,0.0000,0.0000,0.0
21243,0.0000,0.0000,0.0
21243,0.0000,0.0000,0.0
21243,0.0000,0.0000,0.0
21243,0.0000,0.0000,0.0
21243,0.0000,0.0000,0.0
21243,0.0000,0.0000,0.0
21243,0.0000,0.0000,0.0
21243,0.0000,0.0000,0.0
21243,0.0000,0.0000,0.0
21243,0.0000,0.0000,0.0
21243,0.0000,0.0000,0.0
21243,0.0000,0.0000,0.0
21243,0.0000,0.0000,0.0
21243,0.0000,0.0000,0.0
21243,0.0000,0.0000,0.0
21243,0.0000,0.0000,0.0
21243,0.0000,0.0000,0.0
21243,0.0000,0.0000,0.0
21243,0.0000,0.0000,0.0
21243,0.0000,0.0000,0.0
21243,0.0000,0.0000,0.0
21243,0.0000,0.0000,0.0
21243,0.0000,0.0000,0.0
21243,0.0000,0.0000,0.0
21243,0.0000,0.0000,0.0
21243,0.0000,0.0000,0.0
21243,0.0000,0.0000,0.0
21243,0.0000,0.0000,0.0
21243,0.0000,0.0000,0.0
21243,0.0000,0.0000,0.0
21243,0.0000,0.0000,0.0
21243,0.0000,0.0000,0.0
21243,0.0000,0.0000,0.0
21243,0.0000,0.0000,0.0
21243,0.0000,0.0000,0.0
21243,0.0000,0.0000,0.0
21243,0.0000,0.0000,0.0
21243,0.0000,0.0000,0.0
21243,0.0000,0.0000,0.0
21243,0.0000,0.0000,0.0
21243,0.0000,0.0000,0.0
21243,0.0000,0.0000,0.0
21243,0.0000,0.0000,0.0
21243,0.0000,0.0000,0.0
21243,0.0000,0.0000,0.0
21243,0.0000,0.0000,0.0
21243,0.0000,0.0000,0.0
21243,0.0000,0.0000,0.0
21243,0.0000,0.0000,0.0
21243,0.0000,0.0000,0.0
21243,0.0000,0.0000,0.0
21243,0.0000,0.0000,0.0
21243,0.0000,0.0000,0.0
21243,0.0000,0.0000,0.0
21243,0.0000,0.0000,0.0
21243,0.0000,0.0000,0.0
21243,0.0000,0.0000,0.0
21243,0.0000,0.0000,0.0
21243,0.0000,0.0000,0.0
21243,0.0000,0.0000,0.0
21243,0.0000,0.0000,0.0
21243,0.0000,0.0000,0.0
21243,0.0000,0.0000,0.0
21243,0.0000,0.0000,0.0
21243,0.0000,0.0000,0.0
21243,0.0000,0.0000,0.0
21243,0.0000,0.0000,0.0
21243,0.0000,0.0000,0.0
21243,0.0000,0.0000,0.0
21243,0.0000,0.0000,0.0
21243,0.0000,0.0000,0.0
21243,0.0000,0.0000,0.0
21243,0.0000,0.0000,0.0
21243,0.0000,0.0000,0.0
21243,0.0000,0.0000,0.0
21243,0.0000,0.0000,0.0
21243,0.0000,0.0000,0.0
21243,0.0000,0.0000,0.0
21243,0.0000,0.0000,0.0
21243,0.0000,0.0000,0.0
21243,0.0000,0.0000,0.0
21243,0.0000,0.0000,0.0
21243,0.0000,0.0000,0.0
21243,0.0000,0.0000,0.0
21243,0.0000,0.0000,0.0
21243,0.0000,0.0000,0.0
21243,0.0000,0.0000,0.0
21243,0.0000,0.0000,0.0
21243,0.0000,0.0000,0.0
21243,0.0000,0.0000,0.0
21243,0.0000,0.0000,0.0
21243,0.0000,0.0000,0.0
21243,0.0000,0.0000,0.0
21243,0.0000,0.0000,0.0
21243,0.0000,0.0000,0.0
21243,0.0000,0.0000,0.0
21243,0.0000,0.0000,0.0
21243,0.0000,0.0000,0.0
21243,0.0000,0.0000,0.0
21243,0.0000,0.0000,0.0
21243,0.0000,0.0000,0.0
21243,0.0000,0.0000,0.0
21243,0.0000,0.0000,0.0
21243,0.0000,0.0000,0.0
21243,0.0000,0.0000,0.0
21243,0.0000,0.0000,0.0
21243,0.0000,0.0000,0.0
21243,0.0000,0.0000,0.0
21243,0.0000,0.0000,0.0
21243,0.0000,0.0000,0.0
21243,0.0000,0.0000,0.0
21243,0.0000,0.0000,0.0
21243,0.0000,0.0000,0.0
21243,0.0000,0.0000,0.0
21243,0.0000,0.0000,0.0
21243,0.0000,0.0000,0.0
21243,0.0000,0.0000,0.0
21243,0.0000,0.0000,0.0
21243,0.0000,0.0000,0.0
21243,0.0000,0.0000,0.0
21243,0.0000,0.0000,0.0
21243,0.0000,0.0000,0.0
21243,0.0000,0.0000,0.0
21243,0.0000,0.0000,0.0
21243,0.0000,0.0000,0.0
21243,0.0000,0.0000,0.0
21243,0.0000,0.0000,0.0
21243,0.0000,0.0000,0.0
21243,0.0000,0.0000,0.0
21243,0.0000,0.0000,0.0
21243,0.0000,0.0000,0.0
21243,0.0000,0.0000,0.0
21243,0.0000,0.0000,0.0
21243,0.0000,0.0000,0.0
21243,0.0000,0.0000,0.0
21243,0.0000,0.0000,0.0
21243,0.0000,0.0000,0.0
21243,0.0000,0.0000,0.0
21243,0.0000,0.0000,0.0
21243,0.0000,0.0000,0.0
21243,0.0000,0.0000,0.0
21243,0.0000,0.0000,0.0
21243,0.0000,0.0000,0.0
21243,0.0000,0.0000,0.0
21243,0.0000,0.0000,0.0
21243,0.0000,0.0000,0.0
21243,0.0000,0.0000,0.0
21243,0.0000,0.0000,0.0
21243,0.0000,0.0000,0.0
21243,0.0000,0.0000,0.0
21243,0.0000,0.0000,0.0
21243,0.0000,0.0000,0.0
21243,0.0000,0.0000,0.0
21243,0.0000,0.0000,0.0
21243,0.0000,0.0000,0.0
21243,0.0000,0.0000,0.0
21243,0.0000,0.0000,0.0
21243,0.0000,0.0000,0.0
21243,0.0000,0.0000,0.0
21243,0.0000,0.0000,0.0
21243,0.0000,0.0000,0.0
21243,0.0000,0.0000,0.0
21243,0.0000,0.0000,0.0
21243,0.0000,0.0000,0.0
21243,0.0000,0.0000,0.0
21243,0.0000,0.0000,0.0
21243,0.0000,0.0000,0.0
21243,0.0000,0.0000,0.0
21243,0.0000,0.0000,0.0
21243,0.0000,0.0000,0.0
21243,0.0000,0.0000,0.0
21243,0.0000,0.0000,0.0
21243,0.0000,0.0000,0.0
21243,0.0000,0.0000,0.0
21243,0.0000,0.0000,0.0
21243,0.0000,0.0000,0.0
21243,0.0000,0.0000,0.0
21243,0.0000,0.0000,0.0
21243,0.0000,0.0000,0.0
21243,0.0000,0.0000,0.0
21243,0.0000,0.0000,0.0
21243,0.0000,0.0000,0.0
21243,0.0000,0.0000,0.0
21243,0.0000,0.0000,0.0
21243,0.0000,0.0000,0.0
21243,0.0000,0.0000,0.0
21243,0.0000,0.0000,0.0
21243,0.0000,0.0000,0.0
21243,0.0000,0.0000,0.0
21243,0.0000,0.0000,0.0
21243,0.0000,0.0000,0.0
21243,0.0000,0.0000,0.0
21243,0.0000,0.0000,0.0
21243,0.0000,0.0000,0.0
21243,0.0000,0.0000,0.0
21243,0.0000,0.0000,0.0
21243,0.0000,0.0000,0.0
21243,0.0000,0.0000,0.0
21243,0.0000,0.0000,0.0
21243,0.0000,0.0000,0.0
21243,0.0000,0.0000,0.0
21243,0.0000,0.0000,0.0
21243,0.0000,0.0000,0.0
21243,0.0000,0.0000,0.0
21243,0.0000,0.0000,0.0
21243,0.0000,0.0000,0.0
21243,0.0000,0.0000,0.0
21243,0.0000,0.0000,0.0
21243,0.0000,0.0000,0.0
21243,0.0000,0.0000,0.0
21243,0.0000,0.0000,0.0
21243,0.0000,0.0000,0.0
21243,0.0000,0.0000,0.0
21243,0.0000,0.0000,0.0
21243,0.0000,0.0000,0.0
21243,0.0000,0.0000,0.0
21243,0.0000,0.0000,0.0
21243,0.0000,0.0000,0.0
21243,0.0000,0.0000,0.0
21243,0.0000,0.0000,0.0
21243,0.0000,0.0000,0.0
21243,0.0000,0.0000,0.0
21243,0.0000,0.0000,0.0
21243,0.0000,0.0000,0.0
21243,0.0000,0.0000,0.0
21243,0.0000,0.0000,0.0
21243,0.0000,0.0000,0.0
21243,0.0000,0.0000,0.0
21243,0.0000,0.0000,0.0
21243,0.0000,0.0000,0.0
21243,0.0000,0.0000,0.0
21243,0.0000,0.0000,0.0
21243,0.0000,0.0000,0.0
21243,0.0000,0.0000,0.0
21243,0.0000,0.0000,0.0
21243,0.0000,0.0000,0.0
21243,0.0000,0.0000,0.0
21243,0.0000,0.0000,0.0
21243,0.0000,0.0000,0.0
21243,0.0000,0.0000,0.0
21243,0.0000,0.0000,0.0
21243,0.0000,0.0000,0.0
21243,0.0000,0.0000,0.0
21243,0.0000,0.0000,0.0
21243,0.0000,0.0000,0.0
21243,0.0000,0.0000,0.0
21243,0.0000,0.0000,0.0
21243,0.0000,0.0000,0.0
21243,0.0000,0.0000,0.0
21243,0.0000,0.0000,0.0
21243,0.0000,0.0000,0.0
21243,0.0000,0.0000,0.0
21243,0.0000,0.0000,0.0
21243,0.0000,0.0000,0.0
21243,0.0000,0.0000,0.0
21243,0.0000,0.0000,0.0
21243,0.0000,0.0000,0.0
21243,0.0000,0.0000,0.0
21243,0.0000,0.0000,0.0
21243,0.0000,0.0000,0.0
21243,0.0000,0.0000,0.0
21243,0.0000,0.0000,0.0
21243,0.0000,0.0000,0.0
21243,0.0000,0.0000,0.0
21243,0.0000,0.0000,0.0
21243,0.0000,0.0000,0.0
21243,0.0000,0.0000,0.0
21243,0.0000,0.0000,0.0
21243,0.0000,0.0000,0.0
21243,0.0000,0.0000,0.0
21243,0.0000,0.0000,0.0
21243,0.0000,0.0000,0.0
21243,0.0000,0.0000,0.0
21243,0.0000,0.0000,0.0
21243,0.0000,0.0000,0.0
21243,0.0000,0.0000,0.0
21243,0.0000,0.0000,0.0
21243,0.0000,0.0000,0.0
21243,0.0000,0.0000,0.0
21243,0.0000,0.0000,0.0
21243,0.0000,0.0000,0.0
21243,0.0000,0.0000,0.0
21243,0.0000,0.0000,0.0
21243,0.0000,0.0000,0.0
21243,0.0000,0.0000,0.0
21243,0.0000,0.0000,0.0
21243,0.0000,0.0000,0.0
21243,0.0000,0.0000,0.0
21243,0.0000,0.0000,0.0
21243,0.0000,0.0000,0.0
21243,0.0000,0.0000,0.0
21243,0.0000,0.0000,0.0
21243,0.0000,0.0000,0.0
21243,0.0000,0.0000,0.0
21243,0.0000,0.0000,0.0
21243,0.0000,0.0000,0.0
21243,0.0000,0.0000,0.0
21243,0.0000,0.0000,0.0
21243,0.0000,0.0000,0.0
21243,0.0000,0.0000,0.0
21243,0.0000,0.0000,0.0
21243,0.0000,0.0000,0.0
21243,0.0000,0.0000,0.0
21243,0.0000,0.0000,0.0
21243,0.0000,0.0000,0.0
21243,0.0000,0.0000,0.0
21243,0.0000,0.0000,0.0
21243,0.0000,0.0000,0.0
21243,0.0000,0.0000,0.0
21243,0.0000,0.0000,0.0
21243,0.0000,0.0000,0.0
21243,0.0000,0.0000,0.0
21243,0.0000,0.0000,0.0
21243,0.0000,0.0000,0.0
21243,0.0000,0.0000,0.0
21243,0.0000,0.0000,0.0
21243,0.0000,0.0000,0.0
21243,0.0000,0.0000,0.0
21243,0.0000,0.0000,0.0
21243,0.0000,0.0000,0.0
21243,0.0000,0.0000,0.0
21243,0.0000,0.0000,0.0
21243,0.0000,0.0000,0.0
21243,0.0000,0.0000,0.0
21243,0.0000,0.0000,0.0
21243,0.0000,0.0000,0.0
21243,0.0000,0.0000,0.0
21243,0.0000,0.0000,0.0
21243,0.0000,0.0000,0.0
21243,0.0000,0.0000,0.0
21243,0.0000,0.0000,0.0
21243,0.0000,0.0000,0.0
21243,0.0000,0.0000,0.0
21243,0.0000,0.0000,0.0
21243,0.0000,0.0000,0.0
21243,0.0000,0.0000,0.0
21243,0.0000,0.0000,0.0
21243,0.0000,0.0000,0.0
21243,0.0000,0.0000,0.0
21243,0.0000,0.0000,0.0
21243,0.0000,0.0000,0.0
21243,0.0000,0.0000,0.0
21243,0.0000,0.0000,0.0
21243,0.0000,0.0000,0.0
21243,0.0000,0.0000,0.0
21243,0.0000,0.0000,0.0
21243,0.0000,0.0000,0.0
21243,0.0000,0.0000,0.0
21243,0.0000,0.0000,0.0
21243,0.0000,0.0000,0.0
21243,0.0000,0.0000,0.0
21243,0.0000,0.0000,0.0
21243,0.0000,0.0000,0.0
21243,0.0000,0.0000,0.0
21243,0.0000,0.0000,0.0
21243,0.0000,0.0000,0.0
21243,0.0000,0.0000,0.0
21243,0.0000,0.0000,0.0
21243,0.0000,0.0000,0.0
21243,0.0000,0.0000,0.0
21243,0.0000,0.0000,0.0
21243,0.0000,0.0000,0.0
21243,0.0000,0.0000,0.0
21243,0.0000,0.0000,0.0
21243,0.0000,0.0000,0.0
21243,0.0000,0.0000,0.0
21243,0.0000,0.0000,0.0
21243,0.0000,0.0000,0.0
21243,0.0000,0.0000,0.0
21243,0.0000,0.0000,0.0
21243,0.0000,0.0000,0.0
21243,0.0000,0.0000,0.0
21243,0.0000,0.0000,0.0
21243,0.0000,0.0000,0.0
21243,0.0000,0.0000,0.0
21243,0.0000,0.0000,0.0
21243,0.0000,0.0000,0.0
21243,0.0000,0.0000,0.0
21243,0.0000,0.0000,0.0
21243,0.0000,0.0000,0.0
21243,0.0000,0.0000,0.0
21243,0.0000,0.0000,0.0
21243,0.0000,0.0000,0.0
21243,0.0000,0.0000,0.0
21243,0.0000,0.0000,0.0
21243,0.0000,0.0000,0.0
21243,0.0000,0.0000,0.0
21243,0.0000,0.0000,0.0
21243,0.0000,0.0000,0.0
21243,0.0000,0.0000,0.0
21243,0.0000,0.0000,0.0
21243,0.0000,0.0000,0.0
21243,0.0000,0.0000,0.0
21243,0.0000,0.0000,0.0
21243,0.0000,0.0000,0.0
21243,0.0000,0.0000,0.0
21243,0.0000,0.0000,0.0
21243,0.0000,0.0000,0.0
21243,0.0000,0.0000,0.0
21243,0.0000,0.0000,0.0
21243,0.0000,0.0000,0.0
21243,0.0000,0.0000,0.0
21243,0.0000,0.0000,0.0
21243,0.0000,0.0000,0.0
21243,0.0000,0.0000,0.0
21243,0.0000,0.0000,0.0
21243,0.0000,0.0000,0.0
21243,0.0000,0.0000,0.0
21243,0.0000,0.0000,0.0
21243,0.0000,0.0000,0.0
21243,0.0000,0.0000,0.0
21243,0.0000,0.0000,0.0
21243,0.0000,0.0000,0.0
21243,0.0000,0.0000,0.0
21243,0.0000,0.0000,0.0
21243,0.0000,0.0000,0.0
21243,0.0000,0.0000,0.0
21243,0.0000,0.0000,0.0
21243,0.0000,0.0000,0.0
21243,0.0000,0.0000,0.0
21243,0.0000,0.0000,0.0
21243,0.0000,0.0000,0.0
21243,0.0000,0.0000,0.0
21243,0.0000,0.0000,0.0
21243,0.0000,0.0000,0.0
21243,0.0000,0.0000,0.0
21243,0.0000,0.0000,0.0
21243,0.0000,0.0000,0.0
21243,0.0000,0.0000,0.0
21243,0.0000,0.0000,0.0
21243,0.0000,0.0000,0.0
21243,0.0000,0.0000,0.0
21243,0.0000,0.0000,0.0
21243,0.0000,0.0000,0.0
21243,0.0000,0.0000,0.0
21243,0.0000,0.0000,0.0
21243,0.0000,0.0000,0.0
21243,0.0000,0.0000,0.0
21243,0.0000,0.0000,0.0
21243,0.0000,0.0000,0.0
21243,0.0000,0.0000,0.0
21243,0.0000,0.0000,0.0
21243,0.0000,0.0000,0.0
21243,0.0000,0.0000,0.0
21243,0.0000,0.0000,0.0
21243,0.0000,0.0000,0.0
21243,0.0000,0.0000,0.0
21243,0.0000,0.0000,0.0
21243,0.0000,0.0000,0.0
21243,0.0000,0.0000,0.0
21243,0.0000,0.0000,0.0
21243,0.0000,0.0000,0.0
21243,0.0000,0.0000,0.0
21243,0.0000,0.0000,0.0
21243,0.0000,0.0000,0.0
21243,0.0000,0.0000,0.0
21243,0.0000,0.0000,0.0
21243,0.0000,0.0000,0.0
21243,0.0000,0.0000,0.0
21243,0.0000,0.0000,0.0
21243,0.0000,0.0000,0.0
21243,0.0000,0.0000,0.0
21243,0.0000,0.0000,0.0
21243,0.0000,0.0000,0.0
21243,0.0000,0.0000,0.0
21243,0.0000,0.0000,0.0
21243,0.0000,0.0000,0.0
21243,0.0000,0.0000,0.0
21243,0.0000,0.0000,0.0
21243,0.0000,0.0000,0.0
21243,0.0000,0.0000,0.0
21243,0.0000,0.0000,0.0
21243,0.0000,0.0000,0.0
21243,0.0000,0.0000,0.0
21243,0.0000,0.0000,0.0
21243,0.0000,0.0000,0.0
21243,0.0000,0.0000,0.0
21243,0.0000,0.0000,0.0
21243,0.0000,0.0000,0.0
21243,0.0000,0.0000,0.0
21243,0.0000,0.0000,0.0
21243,0.0000,0.0000,0.0
21243,0.0000,0.0000,0.0
21243,0.0000,0.0000,0.0
21243,0.0000,0.0000,0.0
21243,0.0000,0.0000,0.0
21243,0.0000,0.0000,0.0
21243,0.0000,0.0000,0.0
21243,0.0000,0.0000,0.0
21243,0.0000,0.0000,0.0
21243,0.0000,0.0000,0.0
21243,0.0000,0.0000,0.0
21243,0.0000,0.0000,0.0
21243,0.0000,0.0000,0.0
21243,0.0000,0.0000,0.0
21243,0.0000,0.0000,0.0
21243,0.0000,0.0000,0.0
21243,0.0000,0.0000,0.0
21243,0.0000,0.0000,0.0
21243,0.0000,0.0000,0.0
21243,0.0000,0.0000,0.0
21243,0.0000,0.0000,0.0
21243,0.0000,0.0000,0.0
21243,0.0000,0.0000,0.0
21243,0.0000,0.0000,0.0
21243,0.0000,0.0000,0.0
21243,0.0000,0.0000,0.0
21243,0.0000,0.0000,0.0
21243,0.0000,0.0000,0.0
21243,0.0000,0.0000,0.0
21243,0.0000,0.0000,0.0
21243,0.0000,0.0000,0.0
21243,0.0000,0.0000,0.0
21243,0.0000,0.0000,0.0
21243,0.0000,0.0000,0.0
21243,0.0000,0.0000,0.0
21243,0.0000,0.0000,0.0
21243,0.0000,0.0000,0.0
21243,0.0000,0.0000,0.0
21243,0.0000,0.0000,0.0
21243,0.0000,0.0000,0.0
21243,0.0000,0.0000,0.0
21243,0.0000,0.0000,0.0
21243,0.0000,0.0000,0.0
21243,0.0000,0.0000,0.0
21243,0.0000,0.0000,0.0
21243,0.0000,0.0000,0.0
21243,0.0000,0.0000,0.0
21243,0.0000,0.0000,0.0
21243,0.0000,0.0000,0.0
21243,0.0000,0.0000,0.0
21243,0.0000,0.0000,0.0
21243,0.0000,0.0000,0.0
21243,0.0000,0.0000,0.0
21243,0.0000,0.0000,0.0
21243,0.0000,0.0000,0.0
21243,0.0000,0.0000,0.0
21243,0.0000,0.0000,0.0
21243,0.0000,0.0000,0.0
21243,0.0000,0.0000,0.0
21243,0.0000,0.0000,0.0
21243,0.0000,0.0000,0.0
21243,0.0000,0.0000,0.0
21243,0.0000,0.0000,0.0
21243,0.0000,0.0000,0.0
21243,0.0000,0.0000,0.0
21243,0.0000,0.0000,0.0
21243,0.0000,0.0000,0.0
21243,0.0000,0.0000,0.0
21243,0.0000,0.0000,0.0
21243,0.0000,0.0000,0.0
21243,0.0000,0.0000,0.0
21243,0.0000,0.0000,0.0
21243,0.0000,0.0000,0.0
21243,0.0000,0.0000,0.0
21243,0.0000,0.0000,0.0
21243,0.0000,0.0000,0.0
21243,0.0000,0.0000,0.0
21243,0.0000,0.0000,0.0
21243,0.0000,0.0000,0.0
21243,0.0000,0.0000,0.0
21243,0.0000,0.0000,0.0
21243,0.0000,0.0000,0.0
21243,0.0000,0.0000,0.0
21243,0.0000,0.0000,0.0
21243,0.0000,0.0000,0.0
21243,0.0000,0.0000,0.0
21243,0.0000,0.0000,0.0
21243,0.0000,0.0000,0.0
21243,0.0000,0.0000,0.0
21243,0.0000,0.0000,0.0
21243,0.0000,0.0000,0.0
21243,0.0000,0.0000,0.0
21243,0.0000,0.0000,0.0
21243,0.0000,0.0000,0.0
21243,0.0000,0.0000,0.0
21243,0.0000,0.0000,0.0
21243,0.0000,0.0000,0.0
21243,0.0000,0.0000,0.0
21243,0.0000,0.0000,0.0
21243,0.0000,0.0000,0.0
21243,0.0000,0.0000,0.0
21243,0.0000,0.0000,0.0
21243,0.0000,0.0000,0.0
21243,0.0000,0.0000,0.0
21243,0.0000,0.0000,0.0
21243,0.0000,0.0000,0.0
21243,0.0000,0.0000,0.0
21243,0.0000,0.0000,0.0
21243,0.0000,0.0000,0.0
21243,0.0000,0.0000,0.0
21243,0.0000,0.0000,0.0
21243,0.0000,0.0000,0.0
21243,0.0000,0.0000,0.0
21243,0.0000,0.0000,0.0
21243,0.0000,0.0000,0.0
21243,0.0000,0.0000,0.0
21243,0.0000,0.0000,0.0
21243,0.0000,0.0000,0.0
21243,0.0000,0.0000,0.0
21243,0.0000,0.0000,0.0
21243,0.0000,0.0000,0.0
21243,0.0000,0.0000,0.0
21243,0.0000,0.0000,0.0
21243,0.0000,0.0000,0.0
21243,0.0000,0.0000,0.0
21243,0.0000,0.0000,0.0
21243,0.0000,0.0000,0.0
21243,0.0000,0.0000,0.0
21243,0.0000,0.0000,0.0
21243,0.0000,0.0000,0.0
21243,0.0000,0.0000,0.0
21243,0.0000,0.0000,0.0
21243,0.0000,0.0000,0.0
21243,0.0000,0.0000,0.0
21243,0.0000,0.0000,0.0
21243,0.0000,0.0000,0.0
21243,0.0000,0.0000,0.0
21243,0.0000,0.0000,0.0
21243,0.0000,0.0000,0.0
21243,0.0000,0.0000,0.0
21243,0.0000,0.0000,0.0
21243,0.0000,0.0000,0.0
21243,0.0000,0.0000,0.0
21243,0.0000,0.0000,0.0
21243,0.0000,0.0000,0.0
21243,0.0000,0.0000,0.0
21243,0.0000,0.0000,0.0
21243,0.0000,0.0000,0.0
21243,0.0000,0.0000,0.0
21243,0.0000,0.0000,0.0
21243,0.0000,0.0000,0.0
21243,0.0000,0.0000,0.0
21243,0.0000,0.0000,0.0
21243,0.0000,0.0000,0.0
21243,0.0000,0.0000,0.0
21243,0.0000,0.0000,0.0
21243,0.0000,0.0000,0.0
21243,0.0000,0.0000,0.0
21243,0.0000,0.0000,0.0
21243,0.0000,0.0000,0.0
21243,0.0000,0.0000,0.0
21243,0.0000,0.0000,0.0
21243,0.0000,0.0000,0.0
21243,0.0000,0.0000,0.0
21243,0.0000,0.0000,0.0
21243,0.0000,0.0000,0.0
21243,0.0000,0.0000,0.0
21243,0.0000,0.0000,0.0
21243,0.0000,0.0000,0.0
21243,0.0000,0.0000,0.0
21243,0.0000,0.0000,0.0
21243,0.0000,0.0000,0.0
21243,0.0000,0.0000,0.0
21243,0.0000,0.0000,0.0
21243,0.0000,0.0000,0.0
21243,0.0000,0.0000,0.0
21243,0.0000,0.0000,0.0
21243,0.0000,0.0000,0.0
21243,0.0000,0.0000,0.0
21243,0.0000,0.0000,0.0
21243,0.0000,0.0000,0.0
21243,0.0000,0.0000,0.0
21243,0.0000,0.0000,0.0
21243,0.0000,0.0000,0.0
21243,0.0000,0.0000,0.0
21243,0.0000,0.0000,0.0
21243,0.0000,0.0000,0.0
21243,0.0000,0.0000,0.0
21243,0.0000,0.0000,0.0
21243,0.0000,0.0000,0.0
21243,0.0000,0.0000,0.0
21243,0.0000,0.0000,0.0
21243,0.0000,0.0000,0.0
21243,0.0000,0.0000,0.0
21243,0.0000,0.0000,0.0
21243,0.0000,0.0000,0.0
21243,0.0000,0.0000,0.0
21243,0.0000,0.0000,0.0
21243,0.0000,0.0000,0.0
21243,0.0000,0.0000,0.0
21243,0.0000,0.0000,0.0
21243,0.0000,0.0000,0.0
21243,0.0000,0.0000,0.0
21243,0.0000,0.0000,0.0
21243,0.0000,0.0000,0.0
21243,0.0000,0.0000,0.0
21243,0.0000,0.0000,0.0
21243,0.0000,0.0000,0.0
21243,0.0000,0.0000,0.0
21243,0.0000,0.0000,0.0
21243,0.0000,0.0000,0.0
21243,0.0000,0.0000,0.0
21243,0.0000,0.0000,0.0
21243,0.0000,0.0000,0.0
21243,0.0000,0.0000,0.0
21243,0.0000,0.0000,0.0
21243,0.0000,0.0000,0.0
21243,0.0000,0.0000,0.0
21243,0.0000,0.0000,0.0
21243,0.0000,0.0000,0.0
21243,0.0000,0.0000,0.0
21243,0.0000,0.0000,0.0
21243,0.0000,0.0000,0.0
21243,0.0000,0.0000,0.0
21243,0.0000,0.0000,0.0
21243,0.0000,0.0000,0.0
21243,0.0000,0.0000,0.0
21243,0.0000,0.0000,0.0
21243,0.0000,0.0000,0.0
21243,0.0000,0.0000,0.0
21243,0.0000,0.0000,0.0
21243,0.0000,0.0000,0.0
21243,0.0000,0.0000,0.0
21243,0.0000,0.0000,0.0
21243,0.0000,0.0000,0.0
21243,0.0000,0.0000,0.0
21243,0.0000,0.0000,0.0
21243,0.0000,0.0000,0.0
21243,0.0000,0.0000,0.0
21243,0.0000,0.0000,0.0
21243,0.0000,0.0000,0.0
21243,0.0000,0.0000,0.0
21243,0.0000,0.0000,0.0
21243,0.0000,0.0000,0.0
21243,0.0000,0.0000,0.0
21243,0.0000,0.0000,0.0
21243,0.0000,0.0000,0.0
21243,0.0000,0.0000,0.0
21243,0.0000,0.0000,0.0
21243,0.0000,0.0000,0.0
21243,0.0000,0.0000,0.0
21243,0.0000,0.0000,0.0
21243,0.0000,0.0000,0.0
21243,0.0000,0.0000,0.0
21243,0.0000,0.0000,0.0
21243,0.0000,0.0000,0.0
21243,0.0000,0.0000,0.0
21243,0.0000,0.0000,0.0
21243,0.0000,0.0000,0.0
21243,0.0000,0.0000,0.0
21243,0.0000,0.0000,0.0
21243,0.0000,0.0000,0.0
21243,0.0000,0.0000,0.0
21243,0.0000,0.0000,0.0
21243,0.0000,0.0000,0.0
21243,0.0000,0.0000,0.0
21243,0.0000,0.0000,0.0
21243,0.0000,0.0000,0.0
21243,0.0000,0.0000,0.0
21243,0.0000,0.0000,0.0
21243,0.0000,0.0000,0.0
21243,0.0000,0.0000,0.0
21243,0.0000,0.0000,0.0
21243,0.0000,0.0000,0.0
21243,0.0000,0.0000,0.0
21243,0.0000,0.0000,0.0
21243,0.0000,0.0000,0.0
21243,0.0000,0.0000,0.0
21243,0.0000,0.0000,0.0
21243,0.0000,0.0000,0.0
21243,0.0000,0.0000,0.0
21243,0.0000,0.0000,0.0
21243,0.0000,0.0000,0.0
21243,0.0000,0.0000,0.0
21243,0.0000,0.0000,0.0
21243,0.0000,0.0000,0.0
21243,0.0000,0.0000,0.0
21243,0.0000,0.0000,0.0
21243,0.0000,0.0000,0.0
21243,0.0000,0.0000,0.0
21243,0.0000,0.0000,0.0
21243,0.0000,0.0000,0.0
21243,0.0000,0.0000,0.0
21243,0.0000,0.0000,0.0
21243,0.0000,0.0000,0.0
21243,0.0000,0.0000,0.0
21243,0.0000,0.0000,0.0
21243,0.0000,0.0000,0.0
21243,0.0000,0.0000,0.0
21243,0.0000,0.0000,0.0
21243,0.0000,0.0000,0.0
21243,0.0000,0.0000,0.0
21243,0.0000,0.0000,0.0
21243,0.0000,0.0000,0.0
21243,0.0000,0.0000,0.0
21243,0.0000,0.0000,0.0
21243,0.0000,0.0000,0.0
21243,0.0000,0.0000,0.0
21243,0.0000,0.0000,0.0
21243,0.0000,0.0000,0.0
21243,0.0000,0.0000,0.0
21243,0.0000,0.0000,0.0
21243,0.0000,0.0000,0.0
21243,0.0000,0.0000,0.0
21243,0.0000,0.0000,0.0
21243,0.0000,0.0000,0.0
21243,0.0000,0.0000,0.0
21243,0.0000,0.0000,0.0
21243,0.0000,0.0000,0.0
21243,0.0000,0.0000,0.0
21243,0.0000,0.0000,0.0
21243,0.0000,0.0000,0.0
21243,0.0000,0.0000,0.0
21243,0.0000,0.0000,0.0
21243,0.0000,0.0000,0.0
21243,0.0000,0.0000,0.0
21243,0.0000,0.0000,0.0
21243,0.0000,0.0000,0.0
21243,0.0000,0.0000,0.0
21243,0.0000,0.0000,0.0
21243,0.0000,0.0000,0.0
21243,0.0000,0.0000,0.0
21243,0.0000,0.0000,0.0
21243,0.0000,0.0000,0.0
21243,0.0000,0.0000,0.0
21243,0.0000,0.0000,0.0
21243,0.0000,0.0000,0.0
21243,0.0000,0.0000,0.0
21243,0.0000,0.0000,0.0
21243,0.0000,0.0000,0.0
21243,0.0000,0.0000,0.0
21243,0.0000,0.0000,0.0
21243,0.0000,0.0000,0.0
21243,0.0000,0.0000,0.0
21243,0.0000,0.0000,0.0
21243,0.0000,0.0000,0.0
21243,0.0000,0.0000,0.0
21243,0.0000,0.0000,0.0
21243,0.0000,0.0000,0.0
21243,0.0000,0.0000,0.0
21243,0.0000,0.0000,0.0
21243,0.0000,0.0000,0.0
21243,0.0000,0.0000,0.0
21243,0.0000,0.0000,0.0
21243,0.0000,0.0000,0.0
21243,0.0000,0.0000,0.0
21243,0.0000,0.0000,0.0
21243,0.0000,0.0000,0.0
21243,0.0000,0.0000,0.0
21243,0.0000,0.0000,0.0
21243,0.0000,0.0000,0.0
21243,0.0000,0.0000,0.0
21243,0.0000,0.0000,0.0
21243,0.0000,0.0000,0.0
21243,0.0000,0.0000,0.0
21243,0.0000,0.0000,0.0
21243,0.0000,0.0000,0.0
21243,0.0000,0.0000,0.0
21243,0.0000,0.0000,0.0
21243,0.0000,0.0000,0.0
21243,0.0000,0.0000,0.0
21243,0.0000,0.0000,0.0
21243,0.0000,0.0000,0.0
21243,0.0000,0.0000,0.0
21243,0.0000,0.0000,0.0
21243,0.0000,0.0000,0.0
21243,0.0000,0.0000,0.0
21243,0.0000,0.0000,0.0
21243,0.0000,0.0000,0.0
21243,0.0000,0.0000,0.0
21243,0.0000,0.0000,0.0
21243,0.0000,0.0000,0.0
21243,0.0000,0.0000,0.0
21243,0.0000,0.0000,0.0
21243,0.0000,0.0000,0.0
21243,0.0000,0.0000,0.0
21243,0.0000,0.0000,0.0
21243,0.0000,0.0000,0.0
21243,0.0000,0.0000,0.0
21243,0.0000,0.0000,0.0
21243,0.0000,0.0000,0.0
21243,0.0000,0.0000,0.0
21243,0.0000,0.0000,0.0
21243,0.0000,0.0000,0.0
21243,0.0000,0.0000,0.0
21243,0.0000,0.0000,0.0
21243,0.0000,0.0000,0.0
21243,0.0000,0.0000,0.0
21243,0.0000,0.0000,0.0
21243,0.0000,0.0000,0.0
21243,0.0000,0.0000,0.0
21243,0.0000,0.0000,0.0
21243,0.0000,0.0000,0.0
21243,0.0000,0.0000,0.0
21243,0.0000,0.0000,0.0
21243,0.0000,0.0000,0.0
21243,0.0000,0.0000,0.0
21243,0.0000,0.0000,0.0
21243,0.0000,0.0000,0.0
21243,0.0000,0.0000,0.0
21243,0.0000,0.0000,0.0
21243,0.0000,0.0000,0.0
21243,0.0000,0.0000,0.0
21243,0.0000,0.0000,0.0
21243,0.0000,0.0000,0.0
21243,0.0000,0.0000,0.0
21243,0.0000,0.0000,0.0
21243,0.0000,0.0000,0.0
21243,0.0000,0.0000,0.0
21243,0.0000,0.0000,0.0
21243,0.0000,0.0000,0.0
21243,0.0000,0.0000,0.0
21243,0.0000,0.0000,0.0
21243,0.0000,0.0000,0.0
21243,0.0000,0.0000,0.0
21243,0.0000,0.0000,0.0
21243,0.0000,0.0000,0.0
21243,0.0000,0.0000,0.0
21243,0.0000,0.0000,0.0
21243,0.0000,0.0000,0.0
21243,0.0000,0.0000,0.0
21243,0.0000,0.0000,0.0
21243,0.0000,0.0000,0.0
21243,0.0000,0.0000,0.0
21243,0.0000,0.0000,0.0
21243,0.0000,0.0000,0.0
21243,0.0000,0.0000,0.0
21243,0.0000,0.0000,0.0
21243,0.0000,0.0000,0.0
21243,0.0000,0.0000,0.0
21243,0.0000,0.0000,0.0
21243,0.0000,0.0000,0.0
21243,0.0000,0.0000,0.0
21243,0.0000,0.0000,0.0
21243,0.0000,0.0000,0.0
21243,0.0000,0.0000,0.0
21243,0.0000,0.0000,0.0
21243,0.0000,0.0000,0.0
21243,0.0000,0.0000,0.0
21243,0.0000,0.0000,0.0
21243,0.0000,0.0000,0.0
21243,0.0000,0.0000,0.0
21243,0.0000,0.0000,0.0
21243,0.0000,0.0000,0.0
21243,0.0000,0.0000,0.0
21243,0.0000,0.0000,0.0
21243,0.0000,0.0000,0.0
21243,0.0000,0.0000,0.0
21243,0.0000,0.0000,0.0
21243,0.0000,0.0000,0.0
21243,0.0000,0.0000,0.0
21243,0.0000,0.0000,0.0
21243,0.0000,0.0000,0.0
21243,0.0000,0.0000,0.0
21243,0.0000,0.0000,0.0
21243,0.0000,0.0000,0.0
21243,0.0000,0.0000,0.0
21243,0.0000,0.0000,0.0
21243,0.0000,0.0000,0.0
21243,0.0000,0.0000,0.0
21243,0.0000,0.0000,0.0
21243,0.0000,0.0000,0.0
21243,0.0000,0.0000,0.0
21243,0.0000,0.0000,0.0
21243,0.0000,0.0000,0.0
21243,0.0000,0.0000,0.0
21243,0.0000,0.0000,0.0
21243,0.0000,0.0000,0.0
21243,0.0000,0.0000,0.0
21243,0.0000,0.0000,0.0
21243,0.0000,0.0000,0.0
21243,0.0000,0.0000,0.0
21243,0.0000,0.0000,0.0
21243,0.0000,0.0000,0.0
21243,0.0000,0.0000,0.0
21243,0.0000,0.0000,0.0
21243,0.0000,0.0000,0.0
21243,0.0000,0.0000,0.0
21243,0.0000,0.0000,0.0
21243,0.0000,0.0000,0.0
21243,0.0000,0.0000,0.0
21243,0.0000,0.0000,0.0
21243,0.0000,0.0000,0.0
21243,0.0000,0.0000,0.0
21243,0.0000,0.0000,0.0
21243,0.0000,0.0000,0.0
21243,0.0000,0.0000,0.0
21243,0.0000,0.0000,0.0
21243,0.0000,0.0000,0.0
21243,0.0000,0.0000,0.0
21243,0.0000,0.0000,0.0
21243,0.0000,0.0000,0.0
21243,0.0000,0.0000,0.0
21243,0.0000,0.0000,0.0
21243,0.0000,0.0000,0.0
21243,0.0000,0.0000,0.0
21243,0.0000,0.0000,0.0
21243,0.0000,0.0000,0.0
21243,0.0000,0.0000,0.0
21243,0.0000,0.0000,0.0
21243,0.0000,0.0000,0.0
21243,0.0000,0.0000,0.0
21243,0.0000,0.0000,0.0
21243,0.0000,0.0000,0.0
21243,0.0000,0.0000,0.0
21243,0.0000,0.0000,0.0
21243,0.0000,0.0000,0.0
21243,0.0000,0.0000,0.0
21243,0.0000,0.0000,0.0
21243,0.0000,0.0000,0.0
21243,0.0000,0.0000,0.0
21243,0.0000,0.0000,0.0
21243,0.0000,0.0000,0.0
21243,0.0000,0.0000,0.0
21243,0.0000,0.0000,0.0
21243,0.0000,0.0000,0.0
21243,0.0000,0.0000,0.0
21243,0.0000,0.0000,0.0
21243,0.0000,0.0000,0.0
21243,0.0000,0.0000,0.0
21243,0.0000,0.0000,0.0
21243,0.0000,0.0000,0.0
21243,0.0000,0.0000,0.0
21243,0.0000,0.0000,0.0
21243,0.0000,0.0000,0.0
21243,0.0000,0.0000,0.0
21243,0.0000,0.0000,0.0
21243,0.0000,0.0000,0.0
21243,0.0000,0.0000,0.0
21243,0.0000,0.0000,0.0
21243,0.0000,0.0000,0.0
21243,0.0000,0.0000,0.0
21243,0.0000,0.0000,0.0
21243,0.0000,0.0000,0.0
21243,0.0000,0.0000,0.0
21243,0.0000,0.0000,0.0
21243,0.0000,0.0000,0.0
21243,0.0000,0.0000,0.0
21243,0.0000,0.0000,0.0
21243,0.0000,0.0000,0.0
21243,0.0000,0.0000,0.0
21243,0.0000,0.0000,0.0
21243,0.0000,0.0000,0.0
21243,0.0000,0.0000,0.0
21243,0.0000,0.0000,0.0
21243,0.0000,0.0000,0.0
21243,0.0000,0.0000,0.0
21243,0.0000,0.0000,0.0
21243,0.0000,0.0000,0.0
21243,0.0000,0.0000,0.0
21243,0.0000,0.0000,0.0
21243,0.0000,0.0000,0.0
21243,0.0000,0.0000,0.0
21243,0.0000,0.0000,0.0
21243,0.0000,0.0000,0.0
21243,0.0000,0.0000,0.0
21243,0.0000,0.0000,0.0
21243,0.0000,0.0000,0.0
21243,0.0000,0.0000,0.0
21243,0.0000,0.0000,0.0
21243,0.0000,0.0000,0.0
21243,0.0000,0.0000,0.0
21243,0.0000,0.0000,0.0
21243,0.0000,0.0000,0.0
21243,0.0000,0.0000,0.0
21243,0.0000,0.0000,0.0
21243,0.0000,0.0000,0.0
21243,0.0000,0.0000,0.0
21243,0.0000,0.0000,0.0
21243,0.0000,0.0000,0.0
21243,0.0000,0.0000,0.0
21243,0.0000,0.0000,0.0
21243,0.0000,0.0000,0.0
21243,0.0000,0.0000,0.0
21243,0.0000,0.0000,0.0
21243,0.0000,0.0000,0.0
21243,0.0000,0.0000,0.0
21243,0.0000,0.0000,0.0
21243,0.0000,0.0000,0.0
21243,0.0000,0.0000,0.0
21243,0.0000,0.0000,0.0
21243,0.0000,0.0000,0.0
21243,0.0000,0.0000,0.0
21243,0.0000,0.0000,0.0
21243,0.0000,0.0000,0.0
21243,0.0000,0.0000,0.0
21243,0.0000,0.0000,0.0
21243,0.0000,0.0000,0.0
21243,0.0000,0.0000,0.0
21243,0.0000,0.0000,0.0
21243,0.0000,0.0000,0.0
21243,0.0000,0.0000,0.0
21243,0.0000,0.0000,0.0
21243,0.0000,0.0000,0.0
21243,0.0000,0.0000,0.0
21243,0.0000,0.0000,0.0
21243,0.0000,0.0000,0.0
21243,0.0000,0.0000,0.0
21243,0.0000,0.0000,0.0
21243,0.0000,0.0000,0.0
21243,0.0000,0.0000,0.0
21243,0.0000,0.0000,0.0
21243,0.0000,0.0000,0.0
21243,0.0000,0.0000,0.0
21243,0.0000,0.0000,0.0
21243,0.0000,0.0000,0.0
21243,0.0000,0.0000,0.0
21243,0.0000,0.0000,0.0
21243,0.0000,0.0000,0.0
21243,0.0000,0.0000,0.0
21243,0.0000,0.0000,0.0
21243,0.0000,0.0000,0.0
21243,0.0000,0.0000,0.0
21243,0.0000,0.0000,0.0
21243,0.0000,0.0000,0.0
21243,0.0000,0.0000,0.0
21243,0.0000,0.0000,0.0
21243,0.0000,0.0000,0.0
21243,0.0000,0.0000,0.0
21243,0.0000,0.0000,0.0
21243,0.0000,0.0000,0.0
21243,0.0000,0.0000,0.0
21243,0.0000,0.0000,0.0
21243,0.0000,0.0000,0.0
21243,0.0000,0.0000,0.0
21243,0.0000,0.0000,0.0
21243,0.0000,0.0000,0.0
21243,0.0000,0.0000,0.0
21243,0.0000,0.0000,0.0
21243,0.0000,0.0000,0.0
21243,0.0000,0.0000,0.0
21243,0.0000,0.0000,0.0
21243,0.0000,0.0000,0.0
21243,0.0000,0.0000,0.0
21243,0.0000,0.0000,0.0
21243,0.0000,0.0000,0.0
21243,0.0000,0.0000,0.0
21243,0.0000,0.0000,0.0
21243,0.0000,0.0000,0.0
21243,0.0000,0.0000,0.0
21243,0.0000,0.0000,0.0
21243,0.0000,0.0000,0.0
21243,0.0000,0.0000,0.0
21243,0.0000,0.0000,0.0
21243,0.0000,0.0000,0.0
21243,0.0000,0.0000,0.0
21243,0.0000,0.0000,0.0
21243,0.0000,0.0000,0.0
21243,0.0000,0.0000,0.0
21243,0.0000,0.0000,0.0
21243,0.0000,0.0000,0.0
21243,0.0000,0.0000,0.0
21243,0.0000,0.0000,0.0
21243,0.0000,0.0000,0.0
21243,0.0000,0.0000,0.0
21243,0.0000,0.0000,0.0
21243,0.0000,0.0000,0.0
21243,0.0000,0.0000,0.0
21243,0.0000,0.0000,0.0
21243,0.0000,0.0000,0.0
21243,0.0000,0.0000,0.0
21243,0.0000,0.0000,0.0
21243,0.0000,0.0000,0.0
21243,0.0000,0.0000,0.0
21243,0.0000,0.0000,0.0
21243,0.0000,0.0000,0.0
21243,0.0000,0.0000,0.0
21243,0.0000,0.0000,0.0
21243,0.0000,0.0000,0.0
21243,0.0000,0.0000,0.0
21243,0.0000,0.0000,0.0
21243,0.0000,0.0000,0.0
21243,0.0000,0.0000,0.0
21243,0.0000,0.0000,0.0
21243,0.0000,0.0000,0.0
21243,0.0000,0.0000,0.0
21243,0.0000,0.0000,0.0
21243,0.0000,0.0000,0.0
21243,0.0000,0.0000,0.0
21243,0.0000,0.0000,0.0
21243,0.0000,0.0000,0.0
21243,0.0000,0.0000,0.0
21243,0.0000,0.0000,0.0
21243,0.0000,0.0000,0.0
21243,0.0000,0.0000,0.0
21243,0.0000,0.0000,0.0
21243,0.0000,0.0000,0.0
21243,0.0000,0.0000,0.0
21243,0.0000,0.0000,0.0
21243,0.0000,0.0000,0.0
21243,0.0000,0.0000,0.0
21243,0.0000,0.0000,0.0
21243,0.0000,0.0000,0.0
21243,0.0000,0.0000,0.0
21243,0.0000,0.0000,0.0
21243,0.0000,0.0000,0.0
21243,0.0000,0.0000,0.0
21243,0.0000,0.0000,0.0
21243,0.0000,0.0000,0.0
21243,0.0000,0.0000,0.0
21243,0.0000,0.0000,0.0
21243,0.0000,0.0000,0.0
21243,0.0000,0.0000,0.0
21243,0.0000,0.0000,0.0
21243,0.0000,0.0000,0.0
21243,0.0000,0.0000,0.0
21243,0.0000,0.0000,0.0
21243,0.0000,0.0000,0.0
21243,0.0000,0.0000,0.0
21243,0.0000,0.0000,0.0
21243,0.0000,0.0000,0.0
21243,0.0000,0.0000,0.0
21243,0.0000,0.0000,0.0
21243,0.0000,0.0000,0.0
21243,0.0000,0.0000,0.0
21243,0.0000,0.0000,0.0
21243,0.0000,0.0000,0.0
21243,0.0000,0.0000,0.0
21243,0.0000,0.0000,0.0
21243,0.0000,0.0000,0.0
21243,0.0000,0.0000,0.0
21243,0.0000,0.0000,0.0
21243,0.0000,0.0000,0.0
21243,0.0000,0.0000,0.0
21243,0.0000,0.0000,0.0
21243,0.0000,0.0000,0.0
21243,0.0000,0.0000,0.0
21243,0.0000,0.0000,0.0
21243,0.0000,0.0000,0.0
21243,0.0000,0.0000,0.0
21243,0.0000,0.0000,0.0
21243,0.0000,0.0000,0.0
21243,0.0000,0.0000,0.0
21243,0.0000,0.0000,0.0
21243,0.0000,0.0000,0.0
21243,0.0000,0.0000,0.0
21243,0.0000,0.0000,0.0
21243,0.0000,0.0000,0.0
21243,0.0000,0.0000,0.0
21243,0.0000,0.0000,0.0
21243,0.0000,0.0000,0.0
21243,0.0000,0.0000,0.0
21243,0.0000,0.0000,0.0
21243,0.0000,0.0000,0.0
21243,0.0000,0.0000,0.0
21243,0.0000,0.0000,0.0
21243,0.0000,0.0000,0.0
21243,0.0000,0.0000,0.0
21243,0.0000,0.0000,0.0
21243,0.0000,0.0000,0.0
21243,0.0000,0.0000,0.0
21243,0.0000,0.0000,0.0
21243,0.0000,0.0000,0.0
21243,0.0000,0.0000,0.0
21243,0.0000,0.0000,0.0
21243,0.0000,0.0000,0.0
21243,0.0000,0.0000,0.0
21243,0.0000,0.0000,0.0
21243,0.0000,0.0000,0.0
21243,0.0000,0.0000,0.0
21243,0.0000,0.0000,0.0
21243,0.0000,0.0000,0.0
21243,0.0000,0.0000,0.0
21243,0.0000,0.0000,0.0
21243,0.0000,0.0000,0.0
21243,0.0000,0.0000,0.0
21243,0.0000,0.0000,0.0
21243,0.0000,0.0000,0.0
21243,0.0000,0.0000,0.0
21243,0.0000,0.0000,0.0
21243,0.0000,0.0000,0.0
21243,0.0000,0.0000,0.0
21243,0.0000,0.0000,0.0
21243,0.0000,0.0000,0.0
21243,0.0000,0.0000,0.0
21243,0.0000,0.0000,0.0
21243,0.0000,0.0000,0.0
21243,0.0000,0.0000,0.0
21243,0.0000,0.0000,0.0
21243,0.0000,0.0000,0.0
21243,0.0000,0.0000,0.0
21243,0.0000,0.0000,0.0
21243,0.0000,0.0000,0.0
21243,0.0000,0.0000,0.0
21243,0.0000,0.0000,0.0
21243,0.0000,0.0000,0.0
21243,0.0000,0.0000,0.0
21243,0.0000,0.0000,0.0
21243,0.0000,0.0000,0.0
21243,0.0000,0.0000,0.0
21243,0.0000,0.0000,0.0
21243,0.0000,0.0000,0.0
21243,0.0000,0.0000,0.0
21243,0.0000,0.0000,0.0
21243,0.0000,0.0000,0.0
21243,0.0000,0.0000,0.0
21243,0.0000,0.0000,0.0
21243,0.0000,0.0000,0.0
21243,0.0000,0.0000,0.0
21243,0.0000,0.0000,0.0
21243,0.0000,0.0000,0.0
21243,0.0000,0.0000,0.0
21243,0.0000,0.0000,0.0
21243,0.0000,0.0000,0.0
21243,0.0000,0.0000,0.0
21243,0.0000,0.0000,0.0
21243,0.0000,0.0000,0.0
21243,0.0000,0.0000,0.0
21243,0.0000,0.0000,0.0
21243,0.0000,0.0000,0.0
21243,0.0000,0.0000,0.0
21243,0.0000,0.0000,0.0
21243,0.0000,0.0000,0.0
21243,0.0000,0.0000,0.0
21243,0.0000,0.0000,0.0
21243,0.0000,0.0000,0.0
21243,0.0000,0.0000,0.0
21243,0.0000,0.0000,0.0
21243,0.0000,0.0000,0.0
21243,0.0000,0.0000,0.0
21243,0.0000,0.0000,0.0
21243,0.0000,0.0000,0.0
21243,0.0000,0.0000,0.0
21243,0.0000,0.0000,0.0
21243,0.0000,0.0000,0.0
21243,0.0000,0.0000,0.0
21243,0.0000,0.0000,0.0
21243,0.0000,0.0000,0.0
21243,0.0000,0.0000,0.0
21243,0.0000,0.0000,0.0
21243,0.0000,0.0000,0.0
21243,0.0000,0.0000,0.0
21243,0.0000,0.0000,0.0
21243,0.0000,0.0000,0.0
21243,0.0000,0.0000,0.0
21243,0.0000,0.0000,0.0
21243,0.0000,0.0000,0.0
21243,0.0000,0.0000,0.0
21243,0.0000,0.0000,0.0
21243,0.0000,0.0000,0.0
21243,0.0000,0.0000,0.0
21243,0.0000,0.0000,0.0
21243,0.0000,0.0000,0.0
21243,0.0000,0.0000,0.0
21243,0.0000,0.0000,0.0
21243,0.0000,0.0000,0.0
21243,0.0000,0.0000,0.0
21243,0.0000,0.0000,0.0
21243,0.0000,0.0000,0.0
21243,0.0000,0.0000,0.0
21243,0.0000,0.0000,0.0
21243,0.0000,0.0000,0.0
21243,0.0000,0.0000,0.0
21243,0.0000,0.0000,0.0
21243,0.0000,0.0000,0.0
21243,0.0000,0.0000,0.0
21243,0.0000,0.0000,0.0
21243,0.0000,0.0000,0.0
21243,0.0000,0.0000,0.0
21243,0.0000,0.0000,0.0
21243,0.0000,0.0000,0.0
21243,0.0000,0.0000,0.0
21243,0.0000,0.0000,0.0
21243,0.0000,0.0000,0.0
21243,0.0000,0.0000,0.0
21243,0.0000,0.0000,0.0
21243,0.0000,0.0000,0.0
21243,0.0000,0.0000,0.0
21243,0.0000,0.0000,0.0
21243,0.0000,0.0000,0.0
21243,0.0000,0.0000,0.0
21243,0.0000,0.0000,0.0
21243,0.0000,0.0000,0.0
21243,0.0000,0.0000,0.0
21243,0.0000,0.0000,0.0
21243,0.0000,0.0000,0.0
21243,0.0000,0.0000,0.0
21243,0.0000,0.0000,0.0
21243,0.0000,0.0000,0.0
21243,0.0000,0.0000,0.0
21243,0.0000,0.0000,0.0
21243,0.0000,0.0000,0.0
21243,0.0000,0.0000,0.0
21243,0.0000,0.0000,0.0
21243,0.0000,0.0000,0.0
21243,0.0000,0.0000,0.0
21243,0.0000,0.0000,0.0
21243,0.0000,0.0000,0.0
21243,0.0000,0.0000,0.0
21243,0.0000,0.0000,0.0
21243,0.0000,0.0000,0.0
21243,0.0000,0.0000,0.0
21243,0.0000,0.0000,0.0
21243,0.0000,0.0000,0.0
21243,0.0000,0.0000,0.0
21243,0.0000,0.0000,0.0
21243,0.0000,0.0000,0.0
21243,0.0000,0.0000,0.0
21243,0.0000,0.0000,0.0
21243,0.0000,0.0000,0.0
21243,0.0000,0.0000,0.0
21243,0.0000,0.0000,0.0
21243,0.0000,0.0000,0.0
21243,0.0000,0.0000,0.0
21243,0.0000,0.0000,0.0
21243,0.0000,0.0000,0.0
21243,0.0000,0.0000,0.0
21243,0.0000,0.0000,0.0
21243,0.0000,0.0000,0.0
21243,0.0000,0.0000,0.0
21243,0.0000,0.0000,0.0
21243,0.0000,0.0000,0.0
21243,0.0000,0.0000,0.0
21243,0.0000,0.0000,0.0
21243,0.0000,0.0000,0.0
21243,0.0000,0.0000,0.0
21243,0.0000,0.0000,0.0
21243,0.0000,0.0000,0.0
21243,0.0000,0.0000,0.0
21243,0.0000,0.0000,0.0
21243,0.0000,0.0000,0.0
21243,0.0000,0.0000,0.0
21243,0.0000,0.0000,0.0
21243,0.0000,0.0000,0.0
21243,0.0000,0.0000,0.0
21243,0.0000,0.0000,0.0
21243,0.0000,0.0000,0.0
21243,0.0000,0.0000,0.0
21243,0.0000,0.0000,0.0
21243,0.0000,0.0000,0.0
21243,0.0000,0.0000,0.0
21243,0.0000,0.0000,0.0
21243,0.0000,0.0000,0.0
21243,0.0000,0.0000,0.0
21243,0.0000,0.0000,0.0
21243,0.0000,0.0000,0.0
21243,0.0000,0.0000,0.0
21243,0.0000,0.0000,0.0
21243,0.0000,0.0000,0.0
21243,0.0000,0.0000,0.0
21243,0.0000,0.0000,0.0
21243,0.0000,0.0000,0.0
21243,0.0000,0.0000,0.0
21243,0.0000,0.0000,0.0
21243,0.0000,0.0000,0.0
21243,0.0000,0.0000,0.0
21243,0.0000,0.0000,0.0
21243,0.0000,0.0000,0.0
21243,0.0000,0.0000,0.0
21243,0.0000,0.0000,0.0
21243,0.0000,0.0000,0.0
21243,0.0000,0.0000,0.0
21243,0.0000,0.0000,0.0
21243,0.0000,0.0000,0.0
21243,0.0000,0.0000,0.0
21243,0.0000,0.0000,0.0
21243,0.0000,0.0000,0.0
21243,0.0000,0.0000,0.0
21243,0.0000,0.0000,0.0
21243,0.0000,0.0000,0.0
21243,0.0000,0.0000,0.0
21243,0.0000,0.0000,0.0
21243,0.0000,0.0000,0.0
21243,0.0000,0.0000,0.0
21243,0.0000,0.0000,0.0
21243,0.0000,0.0000,0.0
21243,0.0000,0.0000,0.0
21243,0.0000,0.0000,0.0
21243,0.0000,0.0000,0.0
21243,0.0000,0.0000,0.0
21243,0.0000,0.0000,0.0
21243,0.0000,0.0000,0.0
21243,0.0000,0.0000,0.0
21243,0.0000,0.0000,0.0
21243,0.0000,0.0000,0.0
21243,0.0000,0.0000,0.0
21243,0.0000,0.0000,0.0
21243,0.0000,0.0000,0.0
21243,0.0000,0.0000,0.0
21243,0.0000,0.0000,0.0
21243,0.0000,0.0000,0.0
21243,0.0000,0.0000,0.0
21243,0.0000,0.0000,0.0
21243,0.0000,0.0000,0.0
21243,0.0000,0.0000,0.0
21243,0.0000,0.0000,0.0
21243,0.0000,0.0000,0.0
21243,0.0000,0.0000,0.0
21243,0.0000,0.0000,0.0
21243,0.0000,0.0000,0.0
21243,0.0000,0.0000,0.0
21243,0.0000,0.0000,0.0
21243,0.0000,0.0000,0.0
21243,0.0000,0.0000,0.0
21243,0.0000,0.0000,0.0
21243,0.0000,0.0000,0.0
21243,0.0000,0.0000,0.0
21243,0.0000,0.0000,0.0
21243,0.0000,0.0000,0.0
21243,0.0000,0.0000,0.0
21243,0.0000,0.0000,0.0
21243,0.0000,0.0000,0.0
21243,0.0000,0.0000,0.0
21243,0.0000,0.0000,0.0
21243,0.0000,0.0000,0.0
21243,0.0000,0.0000,0.0
21243,0.0000,0.0000,0.0
21243,0.0000,0.0000,0.0
21243,0.0000,0.0000,0.0
21243,0.0000,0.0000,0.0
21243,0.0000,0.0000,0.0
21243,0.0000,0.0000,0.0
21243,0.0000,0.0000,0.0
21243,0.0000,0.0000,0.0
21243,0.0000,0.0000,0.0
21243,0.0000,0.0000,0.0
21243,0.0000,0.0000,0.0
21243,0.0000,0.0000,0.0
21243,0.0000,0.0000,0.0
21243,0.0000,0.0000,0.0
21243,0.0000,0.0000,0.0
21243,0.0000,0.0000,0.0
21243,0.0000,0.0000,0.0
21243,0.0000,0.0000,0.0
21243,0.0000,0.0000,0.0
21243,0.0000,0.0000,0.0
21243,0.0000,0.0000,0.0
21243,0.0000,0.0000,0.0
21243,0.0000,0.0000,0.0
21243,0.0000,0.0000,0.0
21243,0.0000,0.0000,0.0
21243,0.0000,0.0000,0.0
21243,0.0000,0.0000,0.0
21243,0.0000,0.0000,0.0
21243,0.0000,0.0000,0.0
21243,0.0000,0.0000,0.0
21243,0.0000,0.0000,0.0
21243,0.0000,0.0000,0.0
21243,0.0000,0.0000,0.0
21243,0.0000,0.0000,0.0
21243,0.0000,0.0000,0.0
21243,0.0000,0.0000,0.0
21243,0.0000,0.0000,0.0
21243,0.0000,0.0000,0.0
21243,0.0000,0.0000,0.0
21243,0.0000,0.0000,0.0
21243,0.0000,0.0000,0.0
21243,0.0000,0.0000,0.0
21243,0.0000,0.0000,0.0
21243,0.0000,0.0000,0.0
21243,0.0000,0.0000,0.0
21243,0.0000,0.0000,0.0
21243,0.0000,0.0000,0.0
21243,0.0000,0.0000,0.0
21243,0.0000,0.0000,0.0
21243,0.0000,0.0000,0.0
21243,0.0000,0.0000,0.0
21243,0.0000,0.0000,0.0
21243,0.0000,0.0000,0.0
21243,0.0000,0.0000,0.0
21243,0.0000,0.0000,0.0
21243,0.0000,0.0000,0.0
21243,0.0000,0.0000,0.0
21243,0.0000,0.0000,0.0
21243,0.0000,0.0000,0.0
21243,0.0000,0.0000,0.0
21243,0.0000,0.0000,0.0
21243,0.0000,0.0000,0.0
21243,0.0000,0.0000,0.0
21243,0.0000,0.0000,0.0
21243,0.0000,0.0000,0.0
21243,0.0000,0.0000,0.0
21243,0.0000,0.0000,0.0
21243,0.0000,0.0000,0.0
21243,0.0000,0.0000,0.0
21243,0.0000,0.0000,0.0
21243,0.0000,0.0000,0.0
21243,0.0000,0.0000,0.0
21243,0.0000,0.0000,0.0
21243,0.0000,0.0000,0.0
21243,0.0000,0.0000,0.0
21243,0.0000,0.0000,0.0
21243,0.0000,0.0000,0.0
21243,0.0000,0.0000,0.0
21243,0.0000,0.0000,0.0
21243,0.0000,0.0000,0.0
21243,0.0000,0.0000,0.0
21243,0.0000,0.0000,0.0
21243,0.0000,0.0000,0.0
21243,0.0000,0.0000,0.0
21243,0.0000,0.0000,0.0
21243,0.0000,0.0000,0.0
21243,0.0000,0.0000,0.0
21243,0.0000,0.0000,0.0
21243,0.0000,0.0000,0.0
21243,0.0000,0.0000,0.0
21243,0.0000,0.0000,0.0
21243,0.0000,0.0000,0.0
21243,0.0000,0.0000,0.0
21243,0.0000,0.0000,0.0
21243,0.0000,0.0000,0.0
21243,0.0000,0.0000,0.0
21243,0.0000,0.0000,0.0
21243,0.0000,0.0000,0.0
21243,0.0000,0.0000,0.0
21243,0.0000,0.0000,0.0
21243,0.0000,0.0000,0.0
21243,0.0000,0.0000,0.0
21243,0.0000,0.0000,0.0
21243,0.0000,0.0000,0.0
21243,0.0000,0.0000,0.0
21243,0.0000,0.0000,0.0
21243,0.0000,0.0000,0.0
21243,0.0000,0.0000,0.0
21243,0.0000,0.0000,0.0
21243,0.0000,0.0000,0.0
21243,0.0000,0.0000,0.0
21243,0.0000,0.0000,0.0
21243,0.0000,0.0000,0.0
21243,0.0000,0.0000,0.0
21243,0.0000,0.0000,0.0
21243,0.0000,0.0000,0.0
21243,0.0000,0.0000,0.0
21243,0.0000,0.0000,0.0
21243,0.0000,0.0000,0.0
21243,0.0000,0.0000,0.0
21243,0.0000,0.0000,0.0
21243,0.0000,0.0000,0.0
21243,0.0000,0.0000,0.0
21243,0.0000,0.0000,0.0
21243,0.0000,0.0000,0.0
21243,0.0000,0.0000,0.0
21243,0.0000,0.0000,0.0
21243,0.0000,0.0000,0.0
21243,0.0000,0.0000,0.0
21243,0.0000,0.0000,0.0
21243,0.0000,0.0000,0.0
21243,0.0000,0.0000,0.0
21243,0.0000,0.0000,0.0
21243,0.0000,0.0000,0.0
21243,0.0000,0.0000,0.0
21243,0.0000,0.0000,0.0
21243,0.0000,0.0000,0.0
21243,0.0000,0.0000,0.0
21243,0.0000,0.0000,0.0
21243,0.0000,0.0000,0.0
21243,0.0000,0.0000,0.0
21243,0.0000,0.0000,0.0
21243,0.0000,0.0000,0.0
21243,0.0000,0.0000,0.0
21243,0.0000,0.0000,0.0
21243,0.0000,0.0000,0.0
21243,0.0000,0.0000,0.0
21243,0.0000,0.0000,0.0
21243,0.0000,0.0000,0.0
21243,0.0000,0.0000,0.0
21243,0.0000,0.0000,0.0
21243,0.0000,0.0000,0.0
21243,0.0000,0.0000,0.0
21243,0.0000,0.0000,0.0
21243,0.0000,0.0000,0.0
21243,0.0000,0.0000,0.0
21243,0.0000,0.0000,0.0
21243,0.0000,0.0000,0.0
21243,0.0000,0.0000,0.0
21243,0.0000,0.0000,0.0
21243,0.0000,0.0000,0.0
21243,0.0000,0.0000,0.0
21243,0.0000,0.0000,0.0
21243,0.0000,0.0000,0.0
21243,0.0000,0.0000,0.0
21243,0.0000,0.0000,0.0
21243,0.0000,0.0000,0.0
21243,0.0000,0.0000,0.0
21243,0.0000,0.0000,0.0
21243,0.0000,0.0000,0.0
21243,0.0000,0.0000,0.0
21243,0.0000,0.0000,0.0
21243,0.0000,0.0000,0.0
21243,0.0000,0.0000,0.0
21243,0.0000,0.0000,0.0
21243,0.0000,0.0000,0.0
21243,0.0000,0.0000,0.0
21243,0.0000,0.0000,0.0
21243,0.0000,0.0000,0.0
21243,0.0000,0.0000,0.0
21243,0.0000,0.0000,0.0
21243,0.0000,0.0000,0.0
21243,0.0000,0.0000,0.0
21243,0.0000,0.0000,0.0
21243,0.0000,0.0000,0.0
21243,0.0000,0.0000,0.0
21243,0.0000,0.0000,0.0
21243,0.0000,0.0000,0.0
21243,0.0000,0.0000,0.0
21243,0.0000,0.0000,0.0
21243,0.0000,0.0000,0.0
21243,0.0000,0.0000,0.0
21243,0.0000,0.0000,0.0
21243,0.0000,0.0000,0.0
21243,0.0000,0.0000,0.0
21243,0.0000,0.0000,0.0
21243,0.0000,0.0000,0.0
21243,0.0000,0.0000,0.0
21243,0.0000,0.0000,0.0
21243,0.0000,0.0000,0.0
21243,0.0000,0.0000,0.0
21243,0.0000,0.0000,0.0
21243,0.0000,0.0000,0.0
21243,0.0000,0.0000,0.0
21243,0.0000,0.0000,0.0
21243,0.0000,0.0000,0.0
21243,0.0000,0.0000,0.0
21243,0.0000,0.0000,0.0
21243,0.0000,0.0000,0.0
21243,0.0000,0.0000,0.0
21243,0.0000,0.0000,0.0
21243,0.0000,0.0000,0.0
21243,0.0000,0.0000,0.0
21243,0.0000,0.0000,0.0
21243,0.0000,0.0000,0.0
21243,0.0000,0.0000,0.0
21243,0.0000,0.0000,0.0
21243,0.0000,0.0000,0.0
21243,0.0000,0.0000,0.0
21243,0.0000,0.0000,0.0
21243,0.0000,0.0000,0.0
21243,0.0000,0.0000,0.0
21243,0.0000,0.0000,0.0
21243,0.0000,0.0000,0.0
21243,0.0000,0.0000,0.0
21243,0.0000,0.0000,0.0
21243,0.0000,0.0000,0.0
21243,0.0000,0.0000,0.0
21243,0.0000,0.0000,0.0
21243,0.0000,0.0000,0.0
21243,0.0000,0.0000,0.0
21243,0.0000,0.0000,0.0
21243,0.0000,0.0000,0.0
21243,0.0000,0.0000,0.0
21243,0.0000,0.0000,0.0
21243,0.0000,0.0000,0.0
21243,0.0000,0.0000,0.0
21243,0.0000,0.0000,0.0
21243,0.0000,0.0000,0.0
21243,0.0000,0.0000,0.0
21243,0.0000,0.0000,0.0
21243,0.0000,0.0000,0.0
21243,0.0000,0.0000,0.0
21243,0.0000,0.0000,0.0
21243,0.0000,0.0000,0.0
21243,0.0000,0.0000,0.0
21243,0.0000,0.0000,0.0
21243,0.0000,0.0000,0.0
21243,0.0000,0.0000,0.0
21243,0.0000,0.0000,0.0
21243,0.0000,0.0000,0.0
21243,0.0000,0.0000,0.0
21243,0.0000,0.0000,0.0
21243,0.0000,0.0000,0.0
21243,0.0000,0.0000,0.0
21243,0.0000,0.0000,0.0
21243,0.0000,0.0000,0.0
21243,0.0000,0.0000,0.0
21243,0.0000,0.0000,0.0
21243,0.0000,0.0000,0.0
21243,0.0000,0.0000,0.0
21243,0.0000,0.0000,0.0
21243,0.0000,0.0000,0.0
21243,0.0000,0.0000,0.0
21243,0.0000,0.0000,0.0
21243,0.0000,0.0000,0.0
21243,0.0000,0.0000,0.0
21243,0.0000,0.0000,0.0
21243,0.0000,0.0000,0.0
21243,0.0000,0.0000,0.0
21243,0.0000,0.0000,0.0
21243,0.0000,0.0000,0.0
21243,0.0000,0.0000,0.0
21243,0.0000,0.0000,0.0
21243,0.0000,0.0000,0.0
21243,0.0000,0.0000,0.0
21243,0.0000,0.0000,0.0
21243,0.0000,0.0000,0.0
21243,0.0000,0.0000,0.0
21243,0.0000,0.0000,0.0
21243,0.0000,0.0000,0.0
21243,0.0000,0.0000,0.0
21243,0.0000,0.0000,0.0
21243,0.0000,0.0000,0.0
21243,0.0000,0.0000,0.0
21243,0.0000,0.0000,0.0
21243,0.0000,0.0000,0.0
21243,0.0000,0.0000,0.0
21243,0.0000,0.0000,0.0
21243,0.0000,0.0000,0.0
21243,0.0000,0.0000,0.0
21243,0.0000,0.0000,0.0
21243,0.0000,0.0000,0.0
21243,0.0000,0.0000,0.0
21243,0.0000,0.0000,0.0
21243,0.0000,0.0000,0.0
21243,0.0000,0.0000,0.0
21243,0.0000,0.0000,0.0
21243,0.0000,0.0000,0.0
21243,0.0000,0.0000,0.0
21243,0.0000,0.0000,0.0
21243,0.0000,0.0000,0.0
21243,0.0000,0.0000,0.0
21243,0.0000,0.0000,0.0
21243,0.0000,0.0000,0.0
21243,0.0000,0.0000,0.0
21243,0.0000,0.0000,0.0
21243,0.0000,0.0000,0.0
21243,0.0000,0.0000,0.0
21243,0.0000,0.0000,0.0
21243,0.0000,0.0000,0.0
21243,0.0000,0.0000,0.0
21243,0.0000,0.0000,0.0
21243,0.0000,0.0000,0.0
21243,0.0000,0.0000,0.0
21243,0.0000,0.0000,0.0
21243,0.0000,0.0000,0.0
21243,0.0000,0.0000,0.0
21243,0.0000,0.0000,0.0
21243,0.0000,0.0000,0.0
21243,0.0000,0.0000,0.0
21243,0.0000,0.0000,0.0
21243,0.0000,0.0000,0.0
21243,0.0000,0.0000,0.0
21243,0.0000,0.0000,0.0
21243,0.0000,0.0000,0.0
21243,0.0000,0.0000,0.0
21243,0.0000,0.0000,0.0
21243,0.0000,0.0000,0.0
21243,0.0000,0.0000,0.0
21243,0.0000,0.0000,0.0
21243,0.0000,0.0000,0.0
21243,0.0000,0.0000,0.0
21243,0.0000,0.0000,0.0
21243,0.0000,0.0000,0.0
21243,0.0000,0.0000,0.0
21243,0.0000,0.0000,0.0
21243,0.0000,0.0000,0.0
21243,0.0000,0.0000,0.0
21243,0.0000,0.0000,0.0
21243,0.0000,0.0000,0.0
21243,0.0000,0.0000,0.0
21243,0.0000,0.0000,0.0
21243,0.0000,0.0000,0.0
21243,0.0000,0.0000,0.0
21243,0.0000,0.0000,0.0
21243,0.0000,0.0000,0.0
21243,0.0000,0.0000,0.0
21243,0.0000,0.0000,0.0
21243,0.0000,0.0000,0.0
21243,0.0000,0.0000,0.0
21243,0.0000,0.0000,0.0
21243,0.0000,0.0000,0.0
21243,0.0000,0.0000,0.0
21243,0.0000,0.0000,0.0
21243,0.0000,0.0000,0.0
21243,0.0000,0.0000,0.0
21243,0.0000,0.0000,0.0
21243,0.0000,0.0000,0.0
21243,0.0000,0.0000,0.0
21243,0.0000,0.0000,0.0
21243,0.0000,0.0000,0.0
21243,0.0000,0.0000,0.0
21243,0.0000,0.0000,0.0
21243,0.0000,0.0000,0.0
21243,0.0000,0.0000,0.0
21243,0.0000,0.0000,0.0
21243,0.0000,0.0000,0.0
21243,0.0000,0.0000,0.0
21243,0.0000,0.0000,0.0
21243,0.0000,0.0000,0.0
21243,0.0000,0.0000,0.0
21243,0.0000,0.0000,0.0
21243,0.0000,0.0000,0.0
21243,0.0000,0.0000,0.0
21243,0.0000,0.0000,0.0
21243,0.0000,0.0000,0.0
21243,0.0000,0.0000,0.0
21243,0.0000,0.0000,0.0
21243,0.0000,0.0000,0.0
21243,0.0000,0.0000,0.0
21243,0.0000,0.0000,0.0
21243,0.0000,0.0000,0.0
21243,0.0000,0.0000,0.0
21243,0.0000,0.0000,0.0
21243,0.0000,0.0000,0.0
21243,0.0000,0.0000,0.0
21243,0.0000,0.0000,0.0
21243,0.0000,0.0000,0.0
21243,0.0000,0.0000,0.0
21243,0.0000,0.0000,0.0
21243,0.0000,0.0000,0.0
21243,0.0000,0.0000,0.0
21243,0.0000,0.0000,0.0
21243,0.0000,0.0000,0.0
21243,0.0000,0.0000,0.0
21243,0.0000,0.0000,0.0
21243,0.0000,0.0000,0.0
21243,0.0000,0.0000,0.0
21243,0.0000,0.0000,0.0
21243,0.0000,0.0000,0.0
21243,0.0000,0.0000,0.0
21243,0.0000,0.0000,0.0
21243,0.0000,0.0000,0.0
21243,0.0000,0.0000,0.0
21243,0.0000,0.0000,0.0
21243,0.0000,0.0000,0.0
21243,0.0000,0.0000,0.0
21243,0.0000,0.0000,0.0
21243,0.0000,0.0000,0.0
21243,0.0000,0.0000,0.0
21243,0.0000,0.0000,0.0
21243,0.0000,0.0000,0.0
21243,0.0000,0.0000,0.0
21243,0.0000,0.0000,0.0
21243,0.0000,0.0000,0.0
21243,0.0000,0.0000,0.0
21243,0.0000,0.0000,0.0
21243,0.0000,0.0000,0.0
21243,0.0000,0.0000,0.0
21243,0.0000,0.0000,0.0
21243,0.0000,0.0000,0.0
21243,0.0000,0.0000,0.0
21243,0.0000,0.0000,0.0
21243,0.0000,0.0000,0.0
21243,0.0000,0.0000,0.0
21243,0.0000,0.0000,0.0
21243,0.0000,0.0000,0.0
21243,0.0000,0.0000,0.0
21243,0.0000,0.0000,0.0
21243,0.0000,0.0000,0.0
21243,0.0000,0.0000,0.0
21243,0.0000,0.0000,0.0
21243,0.0000,0.0000,0.0
21243,0.0000,0.0000,0.0
21243,0.0000,0.0000,0.0
21243,0.0000,0.0000,0.0
21243,0.0000,0.0000,0.0
21243,0.0000,0.0000,0.0
21243,0.0000,0.0000,0.0
21243,0.0000,0.0000,0.0
21243,0.0000,0.0000,0.0
21243,0.0000,0.0000,0.0
21243,0.0000,0.0000,0.0
21243,0.0000,0.0000,0.0
21243,0.0000,0.0000,0.0
21243,0.0000,0.0000,0.0
21243,0.0000,0.0000,0.0
21243,0.0000,0.0000,0.0
21243,0.0000,0.0000,0.0
21243,0.0000,0.0000,0.0
21243,0.0000,0.0000,0.0
21243,0.0000,0.0000,0.0
21243,0.0000,0.0000,0.0
21243,0.0000,0.0000,0.0
21243,0.0000,0.0000,0.0
21243,0.0000,0.0000,0.0
21243,0.0000,0.0000,0.0
21243,0.0000,0.0000,0.0
21243,0.0000,0.0000,0.0
21243,0.0000,0.0000,0.0
21243,0.0000,0.0000,0.0
21243,0.0000,0.0000,0.0
21243,0.0000,0.0000,0.0
21243,0.0000,0.0000,0.0
21243,0.0000,0.0000,0.0
21243,0.0000,0.0000,0.0
21243,0.0000,0.0000,0.0
21243,0.0000,0.0000,0.0
21243,0.0000,0.0000,0.0
21243,0.0000,0.0000,0.0
21243,0.0000,0.0000,0.0
21243,0.0000,0.0000,0.0
21243,0.0000,0.0000,0.0
21243,0.0000,0.0000,0.0
21243,0.0000,0.0000,0.0
21243,0.0000,0.0000,0.0
21243,0.0000,0.0000,0.0
21243,0.0000,0.0000,0.0
21243,0.0000,0.0000,0.0
21243,0.0000,0.0000,0.0
21243,0.0000,0.0000,0.0
21243,0.0000,0.0000,0.0
21243,0.0000,0.0000,0.0
21243,0.0000,0.0000,0.0
21243,0.0000,0.0000,0.0
21243,0.0000,0.0000,0.0
21243,0.0000,0.0000,0.0
21243,0.0000,0.0000,0.0
21243,0.0000,0.0000,0.0
21243,0.0000,0.0000,0.0
21243,0.0000,0.0000,0.0
21243,0.0000,0.0000,0.0
21243,0.0000,0.0000,0.0
21243,0.0000,0.0000,0.0
21243,0.0000,0.0000,0.0
21243,0.0000,0.0000,0.0
21243,0.0000,0.0000,0.0
21243,0.0000,0.0000,0.0
21243,0.0000,0.0000,0.0
21243,0.0000,0.0000,0.0
21243,0.0000,0.0000,0.0
21243,0.0000,0.0000,0.0
21243,0.0000,0.0000,0.0
21243,0.0000,0.0000,0.0
21243,0.0000,0.0000,0.0
21243,0.0000,0.0000,0.0
21243,0.0000,0.0000,0.0
21243,0.0000,0.0000,0.0
21243,0.0000,0.0000,0.0
21243,0.0000,0.0000,0.0
21243,0.0000,0.0000,0.0
21243,0.0000,0.0000,0.0
21243,0.0000,0.0000,0.0
21243,0.0000,0.0000,0.0
21243,0.0000,0.0000,0.0
21243,0.0000,0.0000,0.0
21243,0.0000,0.0000,0.0
21243,0.0000,0.0000,0.0
21243,0.0000,0.0000,0.0
21243,0.0000,0.0000,0.0
21243,0.0000,0.0000,0.0
21243,0.0000,0.0000,0.0
21243,0.0000,0.0000,0.0
21243,0.0000,0.0000,0.0
21243,0.0000,0.0000,0.0
21243,0.0000,0.0000,0.0
21243,0.0000,0.0000,0.0
21243,0.0000,0.0000,0.0
21243,0.0000,0.0000,0.0
21243,0.0000,0.0000,0.0
21243,0.0000,0.0000,0.0
21243,0.0000,0.0000,0.0
21243,0.0000,0.0000,0.0
21243,0.0000,0.0000,0.0
21243,0.0000,0.0000,0.0
21243,0.0000,0.0000,0.0
21243,0.0000,0.0000,0.0
21243,0.0000,0.0000,0.0
21243,0.0000,0.0000,0.0
21243,0.0000,0.0000,0.0
21243,0.0000,0.0000,0.0
21243,0.0000,0.0000,0.0
21243,0.0000,0.0000,0.0
21243,0.0000,0.0000,0.0
21243,0.0000,0.0000,0.0
21243,0.0000,0.0000,0.0
21243,0.0000,0.0000,0.0
21243,0.0000,0.0000,0.0
21243,0.0000,0.0000,0.0
21243,0.0000,0.0000,0.0
21243,0.0000,0.0000,0.0
21243,0.0000,0.0000,0.0
21243,0.0000,0.0000,0.0
21243,0.0000,0.0000,0.0
21243,0.0000,0.0000,0.0
21243,0.0000,0.0000,0.0
21243,0.0000,0.0000,0.0
21243,0.0000,0.0000,0.0
21243,0.0000,0.0000,0.0
21243,0.0000,0.0000,0.0
21243,0.0000,0.0000,0.0
21243,0.0000,0.0000,0.0
21243,0.0000,0.0000,0.0
21243,0.0000,0.0000,0.0
21243,0.0000,0.0000,0.0
21243,0.0000,0.0000,0.0
21243,0.0000,0.0000,0.0
21243,0.0000,0.0000,0.0
21243,0.0000,0.0000,0.0
21243,0.0000,0.0000,0.0
21243,0.0000,0.0000,0.0
21243,0.0000,0.0000,0.0
21243,0.0000,0.0000,0.0
21243,0.0000,0.0000,0.0
21243,0.0000,0.0000,0.0
21243,0.0000,0.0000,0.0
21243,0.0000,0.0000,0.0
21243,0.0000,0.0000,0.0
21243,0.0000,0.0000,0.0
21243,0.0000,0.0000,0.0
21243,0.0000,0.0000,0.0
21243,0.0000,0.0000,0.0
21243,0.0000,0.0000,0.0
21243,0.0000,0.0000,0.0
21243,0.0000,0.0000,0.0
21243,0.0000,0.0000,0.0
21243,0.0000,0.0000,0.0
21243,0.0000,0.0000,0.0
21243,0.0000,0.0000,0.0
21243,0.0000,0.0000,0.0
21243,0.0000,0.0000,0.0
21243,0.0000,0.0000,0.0
21243,0.0000,0.0000,0.0
21243,0.0000,0.0000,0.0
21243,0.0000,0.0000,0.0
21243,0.0000,0.0000,0.0
21243,0.0000,0.0000,0.0
21243,0.0000,0.0000,0.0
21243,0.0000,0.0000,0.0
21243,0.0000,0.0000,0.0
21243,0.0000,0.0000,0.0
21243,0.0000,0.0000,0.0
21243,0.0000,0.0000,0.0
21243,0.0000,0.0000,0.0
21243,0.0000,0.0000,0.0
21243,0.0000,0.0000,0.0
21243,0.0000,0.0000,0.0
21243,0.0000,0.0000,0.0
21243,0.0000,0.0000,0.0
21243,0.0000,0.0000,0.0
21243,0.0000,0.0000,0.0
21243,0.0000,0.0000,0.0
21243,0.0000,0.0000,0.0
21243,0.0000,0.0000,0.0
21243,0.0000,0.0000,0.0
21243,0.0000,0.0000,0.0
21243,0.0000,0.0000,0.0
21243,0.0000,0.0000,0.0
21243,0.0000,0.0000,0.0
21243,0.0000,0.0000,0.0
21243,0.0000,0.0000,0.0
21243,0.0000,0.0000,0.0
21243,0.0000,0.0000,0.0
21243,0.0000,0.0000,0.0
21243,0.0000,0.0000,0.0
21243,0.0000,0.0000,0.0
21243,0.0000,0.0000,0.0
21243,0.0000,0.0000,0.0
21243,0.0000,0.0000,0.0
21243,0.0000,0.0000,0.0
21243,0.0000,0.0000,0.0
21243,0.0000,0.0000,0.0
21243,0.0000,0.0000,0.0
21243,0.0000,0.0000,0.0
21243,0.0000,0.0000,0.0
21243,0.0000,0.0000,0.0
21243,0.0000,0.0000,0.0
21243,0.0000,0.0000,0.0
21243,0.0000,0.0000,0.0
21243,0.0000,0.0000,0.0
21243,0.0000,0.0000,0.0
21243,0.0000,0.0000,0.0
21243,0.0000,0.0000,0.0
21243,0.0000,0.0000,0.0
21243,0.0000,0.0000,0.0
21243,0.0000,0.0000,0.0
21243,0.0000,0.0000,0.0
21243,0.0000,0.0000,0.0
21243,0.0000,0.0000,0.0
21243,0.0000,0.0000,0.0
21243,0.0000,0.0000,0.0
21243,0.0000,0.0000,0.0
21243,0.0000,0.0000,0.0
21243,0.0000,0.0000,0.0
21243,0.0000,0.0000,0.0
21243,0.0000,0.0000,0.0
21243,0.0000,0.0000,0.0
21243,0.0000,0.0000,0.0
21243,0.0000,0.0000,0.0
21243,0.0000,0.0000,0.0
21243,0.0000,0.0000,0.0
21243,0.0000,0.0000,0.0
21243,0.0000,0.0000,0.0
21243,0.0000,0.0000,0.0
21243,0.0000,0.0000,0.0
21243,0.0000,0.0000,0.0
21243,0.0000,0.0000,0.0
21243,0.0000,0.0000,0.0
21243,0.0000,0.0000,0.0
21243,0.0000,0.0000,0.0
21243,0.0000,0.0000,0.0
21243,0.0000,0.0000,0.0
21243,0.0000,0.0000,0.0
21243,0.0000,0.0000,0.0
21243,0.0000,0.0000,0.0
21243,0.0000,0.0000,0.0
21243,0.0000,0.0000,0.0
21243,0.0000,0.0000,0.0
21243,0.0000,0.0000,0.0
21243,0.0000,0.0000,0.0
21243,0.0000,0.0000,0.0
21243,0.0000,0.0000,0.0
21243,0.0000,0.0000,0.0
21243,0.0000,0.0000,0.0
21243,0.0000,0.0000,0.0
21243,0.0000,0.0000,0.0
21243,0.0000,0.0000,0.0
21243,0.0000,0.0000,0.0
21243,0.0000,0.0000,0.0
21243,0.0000,0.0000,0.0
21243,0.0000,0.0000,0.0
21243,0.0000,0.0000,0.0
21243,0.0000,0.0000,0.0
21243,0.0000,0.0000,0.0
21243,0.0000,0.0000,0.0
21243,0.0000,0.0000,0.0
21243,0.0000,0.0000,0.0
21243,0.0000,0.0000,0.0
21243,0.0000,0.0000,0.0
21243,0.0000,0.0000,0.0
21243,0.0000,0.0000,0.0
21243,0.0000,0.0000,0.0
21243,0.0000,0.0000,0.0
21243,0.0000,0.0000,0.0
21243,0.0000,0.0000,0.0
21243,0.0000,0.0000,0.0
21243,0.0000,0.0000,0.0
21243,0.0000,0.0000,0.0
21243,0.0000,0.0000,0.0
21243,0.0000,0.0000,0.0
21243,0.0000,0.0000,0.0
21243,0.0000,0.0000,0.0
21243,0.0000,0.0000,0.0
21243,0.0000,0.0000,0.0
21243,0.0000,0.0000,0.0
21243,0.0000,0.0000,0.0
21243,0.0000,0.0000,0.0
21243,0.0000,0.0000,0.0
21243,0.0000,0.0000,0.0
21243,0.0000,0.0000,0.0
21243,0.0000,0.0000,0.0
21243,0.0000,0.0000,0.0
21243,0.0000,0.0000,0.0
21243,0.0000,0.0000,0.0
21243,0.0000,0.0000,0.0
21243,0.0000,0.0000,0.0
21243,0.0000,0.0000,0.0
21243,0.0000,0.0000,0.0
21243,0.0000,0.0000,0.0
21243,0.0000,0.0000,0.0
21243,0.0000,0.0000,0.0
21243,0.0000,0.0000,0.0
21243,0.0000,0.0000,0.0
21243,0.0000,0.0000,0.0
21243,0.0000,0.0000,0.0
21243,0.0000,0.0000,0.0
21243,0.0000,0.0000,0.0
21243,0.0000,0.0000,0.0
21243,0.0000,0.0000,0.0
21243,0.0000,0.0000,0.0
21243,0.0000,0.0000,0.0
21243,0.0000,0.0000,0.0
21243,0.0000,0.0000,0.0
21243,0.0000,0.0000,0.0
21243,0.0000,0.0000,0.0
21243,0.0000,0.0000,0.0
21243,0.0000,0.0000,0.0
21243,0.0000,0.0000,0.0
21243,0.0000,0.0000,0.0
21243,0.0000,0.0000,0.0
21243,0.0000,0.0000,0.0
21243,0.0000,0.0000,0.0
21243,0.0000,0.0000,0.0
21243,0.0000,0.0000,0.0
21243,0.0000,0.0000,0.0
21243,0.0000,0.0000,0.0
21243,0.0000,0.0000,0.0
21243,0.0000,0.0000,0.0
21243,0.0000,0.0000,0.0
21243,0.0000,0.0000,0.0
21243,0.0000,0.0000,0.0
21243,0.0000,0.0000,0.0
21243,0.0000,0.0000,0.0
21243,0.0000,0.0000,0.0
21243,0.0000,0.0000,0.0
21243,0.0000,0.0000,0.0
21243,0.0000,0.0000,0.0
21243,0.0000,0.0000,0.0
21243,0.0000,0.0000,0.0
21243,0.0000,0.0000,0.0
21243,0.0000,0.0000,0.0
21243,0.0000,0.0000,0.0
21243,0.0000,0.0000,0.0
21243,0.0000,0.0000,0.0
21243,0.0000,0.0000,0.0
21243,0.0000,0.0000,0.0
21243,0.0000,0.0000,0.0
21243,0.0000,0.0000,0.0
21243,0.0000,0.0000,0.0
21243,0.0000,0.0000,0.0
21243,0.0000,0.0000,0.0
21243,0.0000,0.0000,0.0
21243,0.0000,0.0000,0.0
21243,0.0000,0.0000,0.0
21243,0.0000,0.0000,0.0
21243,0.0000,0.0000,0.0
21243,0.0000,0.0000,0.0
21243,0.0000,0.0000,0.0
21243,0.0000,0.0000,0.0
21243,0.0000,0.0000,0.0
21243,0.0000,0.0000,0.0
21243,0.0000,0.0000,0.0
21243,0.0000,0.0000,0.0
21243,0.0000,0.0000,0.0
21243,0.0000,0.0000,0.0
21243,0.0000,0.0000,0.0
21243,0.0000,0.0000,0.0
21243,0.0000,0.0000,0.0
21243,0.0000,0.0000,0.0
21243,0.0000,0.0000,0.0
21243,0.0000,0.0000,0.0
21243,0.0000,0.0000,0.0
21243,0.0000,0.0000,0.0
21243,0.0000,0.0000,0.0
21243,0.0000,0.0000,0.0
21243,0.0000,0.0000,0.0
21243,0.0000,0.0000,0.0
21243,0.0000,0.0000,0.0
21243,0.0000,0.0000,0.0
21243,0.0000,0.0000,0.0
21243,0.0000,0.0000,0.0
21243,0.0000,0.0000,0.0
21243,0.0000,0.0000,0.0
21243,0.0000,0.0000,0.0
21243,0.0000,0.0000,0.0
21243,0.0000,0.0000,0.0
21243,0.0000,0.0000,0.0
21243,0.0000,0.0000,0.0
21243,0.0000,0.0000,0.0
21243,0.0000,0.0000,0.0
21243,0.0000,0.0000,0.0
21243,0.0000,0.0000,0.0
21243,0.0000,0.0000,0.0
21243,0.0000,0.0000,0.0
21243,0.0000,0.0000,0.0
21243,0.0000,0.0000,0.0
21243,0.0000,0.0000,0.0
21243,0.0000,0.0000,0.0
21243,0.0000,0.0000,0.0
21243,0.0000,0.0000,0.0
21243,0.0000,0.0000,0.0
21243,0.0000,0.0000,0.0
21243,0.0000,0.0000,0.0
21243,0.0000,0.0000,0.0
21243,0.0000,0.0000,0.0
21243,0.0000,0.0000,0.0
21243,0.0000,0.0000,0.0
21243,0.0000,0.0000,0.0
21243,0.0000,0.0000,0.0
21243,0.0000,0.0000,0.0
21243,0.0000,0.0000,0.0
21243,0.0000,0.0000,0.0
21243,0.0000,0.0000,0.0
21243,0.0000,0.0000,0.0
21243,0.0000,0.0000,0.0
21243,0.0000,0.0000,0.0
21243,0.0000,0.0000,0.0
21243,0.0000,0.0000,0.0
21243,0.0000,0.0000,0.0
21243,0.0000,0.0000,0.0
21243,0.0000,0.0000,0.0
21243,0.0000,0.0000,0.0
21243,0.0000,0.0000,0.0
21243,0.0000,0.0000,0.0
21243,0.0000,0.0000,0.0
21243,0.0000,0.0000,0.0
21243,0.0000,0.0000,0.0
21243,0.0000,0.0000,0.0
21243,0.0000,0.0000,0.0
21243,0.0000,0.0000,0.0
21243,0.0000,0.0000,0.0
21243,0.0000,0.0000,0.0
21243,0.0000,0.0000,0.0
21243,0.0000,0.0000,0.0
21243,0.0000,0.0000,0.0
21243,0.0000,0.0000,0.0
21243,0.0000,0.0000,0.0
21243,0.0000,0.0000,0.0
21243,0.0000,0.0000,0.0
21243,0.0000,0.0000,0.0
21243,0.0000,0.0000,0.0
21243,0.0000,0.0000,0.0
21243,0.0000,0.0000,0.0
21243,0.0000,0.0000,0.0
21243,0.0000,0.0000,0.0
21243,0.0000,0.0000,0.0
21243,0.0000,0.0000,0.0
21243,0.0000,0.0000,0.0
21243,0.0000,0.0000,0.0
21243,0.0000,0.0000,0.0
21243,0.0000,0.0000,0.0
21243,0.0000,0.0000,0.0
21243,0.0000,0.0000,0.0
21243,0.0000,0.0000,0.0
21243,0.0000,0.0000,0.0
21243,0.0000,0.0000,0.0
21243,0.0000,0.0000,0.0
21243,0.0000,0.0000,0.0
21243,0.0000,0.0000,0.0
21243,0.0000,0.0000,0.0
21243,0.0000,0.0000,0.0
21243,0.0000,0.0000,0.0
21243,0.0000,0.0000,0.0
21243,0.0000,0.0000,0.0
21243,0.0000,0.0000,0.0
21243,0.0000,0.0000,0.0
21243,0.0000,0.0000,0.0
21243,0.0000,0.0000,0.0
21243,0.0000,0.0000,0.0
21243,0.0000,0.0000,0.0
21243,0.0000,0.0000,0.0
21243,0.0000,0.0000,0.0
21243,0.0000,0.0000,0.0
21243,0.0000,0.0000,0.0
21243,0.0000,0.0000,0.0
21243,0.0000,0.0000,0.0
21243,0.0000,0.0000,0.0
21243,0.0000,0.0000,0.0
21243,0.0000,0.0000,0.0
21243,0.0000,0.0000,0.0
21243,0.0000,0.0000,0.0
21243,0.0000,0.0000,0.0
21243,0.0000,0.0000,0.0
21243,0.0000,0.0000,0.0
21243,0.0000,0.0000,0.0
21243,0.0000,0.0000,0.0
21243,0.0000,0.0000,0.0
21243,0.0000,0.0000,0.0
21243,0.0000,0.0000,0.0
21243,0.0000,0.0000,0.0
21243,0.0000,0.0000,0.0
21243,0.0000,0.0000,0.0
21243,0.0000,0.0000,0.0
21243,0.0000,0.0000,0.0
21243,0.0000,0.0000,0.0
21243,0.0000,0.0000,0.0
21243,0.0000,0.0000,0.0
21243,0.0000,0.0000,0.0
21243,0.0000,0.0000,0.0
21243,0.0000,0.0000,0.0
21243,0.0000,0.0000,0.0
21243,0.0000,0.0000,0.0
21243,0.0000,0.0000,0.0
21243,0.0000,0.0000,0.0
21243,0.0000,0.0000,0.0
21243,0.0000,0.0000,0.0
21243,0.0000,0.0000,0.0
21243,0.0000,0.0000,0.0
21243,0.0000,0.0000,0.0
21243,0.0000,0.0000,0.0
21243,0.0000,0.0000,0.0
21243,0.0000,0.0000,0.0
21243,0.0000,0.0000,0.0
21243,0.0000,0.0000,0.0
21243,0.0000,0.0000,0.0
21243,0.0000,0.0000,0.0
21243,0.0000,0.0000,0.0
21243,0.0000,0.0000,0.0
21243,0.0000,0.0000,0.0
21243,0.0000,0.0000,0.0
21243,0.0000,0.0000,0.0
21243,0.0000,0.0000,0.0
21243,0.0000,0.0000,0.0
21243,0.0000,0.0000,0.0
21243,0.0000,0.0000,0.0
21243,0.0000,0.0000,0.0
21243,0.0000,0.0000,0.0
21243,0.0000,0.0000,0.0
21243,0.0000,0.0000,0.0
21243,0.0000,0.0000,0.0
21243,0.0000,0.0000,0.0
21243,0.0000,0.0000,0.0
21243,0.0000,0.0000,0.0
21243,0.0000,0.0000,0.0
21243,0.0000,0.0000,0.0
21243,0.0000,0.0000,0.0
21243,0.0000,0.0000,0.0
21243,0.0000,0.0000,0.0
21243,0.0000,0.0000,0.0
21243,0.0000,0.0000,0.0
21243,0.0000,0.0000,0.0
21243,0.0000,0.0000,0.0
21243,0.0000,0.0000,0.0
21243,0.0000,0.0000,0.0
21243,0.0000,0.0000,0.0
21243,0.0000,0.0000,0.0
21243,0.0000,0.0000,0.0
21243,0.0000,0.0000,0.0
21243,0.0000,0.0000,0.0
21243,0.0000,0.0000,0.0
21243,0.0000,0.0000,0.0
21243,0.0000,0.0000,0.0
21243,0.0000,0.0000,0.0
21243,0.0000,0.0000,0.0
21243,0.0000,0.0000,0.0
21243,0.0000,0.0000,0.0
21243,0.0000,0.0000,0.0
21243,0.0000,0.0000,0.0
21243,0.0000,0.0000,0.0
21243,0.0000,0.0000,0.0
21243,0.0000,0.0000,0.0
21243,0.0000,0.0000,0.0
21243,0.0000,0.0000,0.0
21243,0.0000,0.0000,0.0
21243,0.0000,0.0000,0.0
21243,0.0000,0.0000,0.0
21243,0.0000,0.0000,0.0
21243,0.0000,0.0000,0.0
21243,0.0000,0.0000,0.0
21243,0.0000,0.0000,0.0
21243,0.0000,0.0000,0.0
21243,0.0000,0.0000,0.0
21243,0.0000,0.0000,0.0
21243,0.0000,0.0000,0.0
21243,0.0000,0.0000,0.0
21243,0.0000,0.0000,0.0
21243,0.0000,0.0000,0.0
21243,0.0000,0.0000,0.0
21243,0.0000,0.0000,0.0
21243,0.0000,0.0000,0.0
21243,0.0000,0.0000,0.0
21243,0.0000,0.0000,0.0
21243,0.0000,0.0000,0.0
21243,0.0000,0.0000,0.0
21243,0.0000,0.0000,0.0
21243,0.0000,0.0000,0.0
21243,0.0000,0.0000,0.0
21243,0.0000,0.0000,0.0
21243,0.0000,0.0000,0.0
21243,0.0000,0.0000,0.0
21243,0.0000,0.0000,0.0
21243,0.0000,0.0000,0.0
21243,0.0000,0.0000,0.0
21243,0.0000,0.0000,0.0
21243,0.0000,0.0000,0.0
21243,0.0000,0.0000,0.0
21243,0.0000,0.0000,0.0
21243,0.0000,0.0000,0.0
21243,0.0000,0.0000,0.0
21243,0.0000,0.0000,0.0
21243,0.0000,0.0000,0.0
21243,0.0000,0.0000,0.0
21243,0.0000,0.0000,0.0
21243,0.0000,0.0000,0.0
21243,0.0000,0.0000,0.0
21243,0.0000,0.0000,0.0
21243,0.0000,0.0000,0.0
21243,0.0000,0.0000,0.0
21243,0.0000,0.0000,0.0
21243,0.0000,0.0000,0.0
21243,0.0000,0.0000,0.0
21243,0.0000,0.0000,0.0
21243,0.0000,0.0000,0.0
21243,0.0000,0.0000,0.0
21243,0.0000,0.0000,0.0
21243,0.0000,0.0000,0.0
21243,0.0000,0.0000,0.0
21243,0.0000,0.0000,0.0
21243,0.0000,0.0000,0.0
21243,0.0000,0.0000,0.0
21243,0.0000,0.0000,0.0
21243,0.0000,0.0000,0.0
21243,0.0000,0.0000,0.0
21243,0.0000,0.0000,0.0
21243,0.0000,0.0000,0.0
21243,0.0000,0.0000,0.0
21243,0.0000,0.0000,0.0
21243,0.0000,0.0000,0.0
21243,0.0000,0.0000,0.0
21243,0.0000,0.0000,0.0
21243,0.0000,0.0000,0.0
21243,0.0000,0.0000,0.0
21243,0.0000,0.0000,0.0
21243,0.0000,0.0000,0.0
21243,0.0000,0.0000,0.0
21243,0.0000,0.0000,0.0
21243,0.0000,0.0000,0.0
21243,0.0000,0.0000,0.0
21243,0.0000,0.0000,0.0
21243,0.0000,0.0000,0.0
21243,0.0000,0.0000,0.0
21243,0.0000,0.0000,0.0
21243,0.0000,0.0000,0.0
21243,0.0000,0.0000,0.0
21243,0.0000,0.0000,0.0
21243,0.0000,0.0000,0.0
21243,0.0000,0.0000,0.0
21243,0.0000,0.0000,0.0
21243,0.0000,0.0000,0.0
21243,0.0000,0.0000,0.0
21243,0.0000,0.0000,0.0
21243,0.0000,0.0000,0.0
21243,0.0000,0.0000,0.0
21243,0.0000,0.0000,0.0
21243,0.0000,0.0000,0.0
21243,0.0000,0.0000,0.0
21243,0.0000,0.0000,0.0
21243,0.0000,0.0000,0.0
21243,0.0000,0.0000,0.0
21243,0.0000,0.0000,0.0
21243,0.0000,0.0000,0.0
21243,0.0000,0.0000,0.0
21243,0.0000,0.0000,0.0
21243,0.0000,0.0000,0.0
21243,0.0000,0.0000,0.0
21243,0.0000,0.0000,0.0
21243,0.0000,0.0000,0.0
21243,0.0000,0.0000,0.0
21243,0.0000,0.0000,0.0
21243,0.0000,0.0000,0.0
21243,0.0000,0.0000,0.0
21243,0.0000,0.0000,0.0
21243,0.0000,0.0000,0.0
21243,0.0000,0.0000,0.0
21243,0.0000,0.0000,0.0
21243,0.0000,0.0000,0.0
21243,0.0000,0.0000,0.0
21243,0.0000,0.0000,0.0
21243,0.0000,0.0000,0.0
21243,0.0000,0.0000,0.0
21243,0.0000,0.0000,0.0
21243,0.0000,0.0000,0.0
21243,0.0000,0.0000,0.0
21243,0.0000,0.0000,0.0
21243,0.0000,0.0000,0.0
21243,0.0000,0.0000,0.0
21243,0.0000,0.0000,0.0
21243,0.0000,0.0000,0.0
21243,0.0000,0.0000,0.0
21243,0.0000,0.0000,0.0
21243,0.0000,0.0000,0.0
21243,0.0000,0.0000,0.0
21243,0.0000,0.0000,0.0
21243,0.0000,0.0000,0.0
21243,0.0000,0.0000,0.0
21243,0.0000,0.0000,0.0
21243,0.0000,0.0000,0.0
21243,0.0000,0.0000,0.0
21243,0.0000,0.0000,0.0
21243,0.0000,0.0000,0.0
21243,0.0000,0.0000,0.0
21243,0.0000,0.0000,0.0
21243,0.0000,0.0000,0.0
21243,0.0000,0.0000,0.0
21243,0.0000,0.0000,0.0
21243,0.0000,0.0000,0.0
21243,0.0000,0.0000,0.0
21243,0.0000,0.0000,0.0
21243,0.0000,0.0000,0.0
21243,0.0000,0.0000,0.0
21243,0.0000,0.0000,0.0
21243,0.0000,0.0000,0.0
21243,0.0000,0.0000,0.0
21243,0.0000,0.0000,0.0
21243,0.0000,0.0000,0.0
21243,0.0000,0.0000,0.0
21243,0.0000,0.0000,0.0
21243,0.0000,0.0000,0.0
21243,0.0000,0.0000,0.0
21243,0.0000,0.0000,0.0
21243,0.0000,0.0000,0.0
21243,0.0000,0.0000,0.0
21243,0.0000,0.0000,0.0
21243,0.0000,0.0000,0.0
21243,0.0000,0.0000,0.0
21243,0.0000,0.0000,0.0
21243,0.0000,0.0000,0.0
21243,0.0000,0.0000,0.0
21243,0.0000,0.0000,0.0
21243,0.0000,0.0000,0.0
21243,0.0000,0.0000,0.0
21243,0.0000,0.0000,0.0
21243,0.0000,0.0000,0.0
21243,0.0000,0.0000,0.0
21243,0.0000,0.0000,0.0
21243,0.0000,0.0000,0.0
21243,0.0000,0.0000,0.0
21243,0.0000,0.0000,0.0
21243,0.0000,0.0000,0.0
21243,0.0000,0.0000,0.0
21243,0.0000,0.0000,0.0
21243,0.0000,0.0000,0.0
21243,0.0000,0.0000,0.0
21243,0.0000,0.0000,0.0
21243,0.0000,0.0000,0.0
21243,0.0000,0.0000,0.0
21243,0.0000,0.0000,0.0
21243,0.0000,0.0000,0.0
21243,0.0000,0.0000,0.0
21243,0.0000,0.0000,0.0
21243,0.0000,0.0000,0.0
21243,0.0000,0.0000,0.0
21243,0.0000,0.0000,0.0
21243,0.0000,0.0000,0.0
21243,0.0000,0.0000,0.0
21243,0.0000,0.0000,0.0
21243,0.0000,0.0000,0.0
21243,0.0000,0.0000,0.0
21243,0.0000,0.0000,0.0
21243,0.0000,0.0000,0.0
21243,0.0000,0.0000,0.0
21243,0.0000,0.0000,0.0
21243,0.0000,0.0000,0.0
21243,0.0000,0.0000,0.0
21243,0.0000,0.0000,0.0
21243,0.0000,0.0000,0.0
21243,0.0000,0.0000,0.0
21243,0.0000,0.0000,0.0
21243,0.0000,0.0000,0.0
21243,0.0000,0.0000,0.0
21243,0.0000,0.0000,0.0
21243,0.0000,0.0000,0.0
21243,0.0000,0.0000,0.0
21243,0.0000,0.0000,0.0
21243,0.0000,0.0000,0.0
21243,0.0000,0.0000,0.0
21243,0.0000,0.0000,0.0
21243,0.0000,0.0000,0.0
21243,0.0000,0.0000,0.0
21243,0.0000,0.0000,0.0
21243,0.0000,0.0000,0.0
21243,0.0000,0.0000,0.0
21243,0.0000,0.0000,0.0
21243,0.0000,0.0000,0.0
21243,0.0000,0.0000,0.0
21243,0.0000,0.0000,0.0
21243,0.0000,0.0000,0.0
21243,0.0000,0.0000,0.0
21243,0.0000,0.0000,0.0
21243,0.0000,0.0000,0.0
21243,0.0000,0.0000,0.0
21243,0.0000,0.0000,0.0
21243,0.0000,0.0000,0.0
21243,0.0000,0.0000,0.0
21243,0.0000,0.0000,0.0
21243,0.0000,0.0000,0.0
21243,0.0000,0.0000,0.0
21243,0.0000,0.0000,0.0
21243,0.0000,0.0000,0.0
21243,0.0000,0.0000,0.0
21243,0.0000,0.0000,0.0
21243,0.0000,0.0000,0.0
21243,0.0000,0.0000,0.0
21243,0.0000,0.0000,0.0
21243,0.0000,0.0000,0.0
21243,0.0000,0.0000,0.0
21243,0.0000,0.0000,0.0
21243,0.0000,0.0000,0.0
21243,0.0000,0.0000,0.0
21243,0.0000,0.0000,0.0
21243,0.0000,0.0000,0.0
21243,0.0000,0.0000,0.0
21243,0.0000,0.0000,0.0
21243,0.0000,0.0000,0.0
21243,0.0000,0.0000,0.0
21243,0.0000,0.0000,0.0
21243,0.0000,0.0000,0.0
21243,0.0000,0.0000,0.0
21243,0.0000,0.0000,0.0
21243,0.0000,0.0000,0.0
21243,0.0000,0.0000,0.0
21243,0.0000,0.0000,0.0
21243,0.0000,0.0000,0.0
21243,0.0000,0.0000,0.0
21243,0.0000,0.0000,0.0
21243,0.0000,0.0000,0.0
21243,0.0000,0.0000,0.0
21243,0.0000,0.0000,0.0
21243,0.0000,0.0000,0.0
21243,0.0000,0.0000,0.0
21243,0.0000,0.0000,0.0
21243,0.0000,0.0000,0.0
21243,0.0000,0.0000,0.0
21243,0.0000,0.0000,0.0
21243,0.0000,0.0000,0.0
21243,0.0000,0.0000,0.0
21243,0.0000,0.0000,0.0
21243,0.0000,0.0000,0.0
21243,0.0000,0.0000,0.0
21243,0.0000,0.0000,0.0
21243,0.0000,0.0000,0.0
21243,0.0000,0.0000,0.0
21243,0.0000,0.0000,0.0
21243,0.0000,0.0000,0.0
21243,0.0000,0.0000,0.0
21243,0.0000,0.0000,0.0
21243,0.0000,0.0000,0.0
21243,0.0000,0.0000,0.0
21243,0.0000,0.0000,0.0
21243,0.0000,0.0000,0.0
21243,0.0000,0.0000,0.0
21243,0.0000,0.0000,0.0
21243,0.0000,0.0000,0.0
21243,0.0000,0.0000,0.0
21243,0.0000,0.0000,0.0
21243,0.0000,0.0000,0.0
21243,0.0000,0.0000,0.0
21243,0.0000,0.0000,0.0
21243,0.0000,0.0000,0.0
21243,0.0000,0.0000,0.0
21243,0.0000,0.0000,0.0
21243,0.0000,0.0000,0.0
21243,0.0000,0.0000,0.0
21243,0.0000,0.0000,0.0
21243,0.0000,0.0000,0.0
21243,0.0000,0.0000,0.0
21243,0.0000,0.0000,0.0
21243,0.0000,0.0000,0.0
21243,0.0000,0.0000,0.0
21243,0.0000,0.0000,0.0
21243,0.0000,0.0000,0.0
21243,0.0000,0.0000,0.0
21243,0.0000,0.0000,0.0
21243,0.0000,0.0000,0.0
21243,0.0000,0.0000,0.0
21243,0.0000,0.0000,0.0
21243,0.0000,0.0000,0.0
21243,0.0000,0.0000,0.0
21243,0.0000,0.0000,0.0
21243,0.0000,0.0000,0.0
21243,0.0000,0.0000,0.0
21243,0.0000,0.0000,0.0
21243,0.0000,0.0000,0.0
21243,0.0000,0.0000,0.0
21243,0.0000,0.0000,0.0
21243,0.0000,0.0000,0.0
21243,0.0000,0.0000,0.0
21243,0.0000,0.0000,0.0
21243,0.0000,0.0000,0.0
21243,0.0000,0.0000,0.0
21243,0.0000,0.0000,0.0
21243,0.0000,0.0000,0.0
21243,0.0000,0.0000,0.0
21243,0.0000,0.0000,0.0
21243,0.0000,0.0000,0.0
21243,0.0000,0.0000,0.0
21243,0.0000,0.0000,0.0
21243,0.0000,0.0000,0.0
21243,0.0000,0.0000,0.0
21243,0.0000,0.0000,0.0
21243,0.0000,0.0000,0.0
21243,0.0000,0.0000,0.0
21243,0.0000,0.0000,0.0
21243,0.0000,0.0000,0.0
21243,0.0000,0.0000,0.0
21243,0.0000,0.0000,0.0
21243,0.0000,0.0000,0.0
21243,0.0000,0.0000,0.0
21243,0.0000,0.0000,0.0
21243,0.0000,0.0000,0.0
21243,0.0000,0.0000,0.0
21243,0.0000,0.0000,0.0
21243,0.0000,0.0000,0.0
21243,0.0000,0.0000,0.0
21243,0.0000,0.0000,0.0
21243,0.0000,0.0000,0.0
21243,0.0000,0.0000,0.0
21243,0.0000,0.0000,0.0
21243,0.0000,0.0000,0.0
21243,0.0000,0.0000,0.0
21243,0.0000,0.0000,0.0
21243,0.0000,0.0000,0.0
21243,0.0000,0.0000,0.0
21243,0.0000,0.0000,0.0
21243,0.0000,0.0000,0.0
21243,0.0000,0.0000,0.0
21243,0.0000,0.0000,0.0
21243,0.0000,0.0000,0.0
21243,0.0000,0.0000,0.0
21243,0.0000,0.0000,0.0
21243,0.0000,0.0000,0.0
21243,0.0000,0.0000,0.0
21243,0.0000,0.0000,0.0
21243,0.0000,0.0000,0.0
21243,0.0000,0.0000,0.0
21243,0.0000,0.0000,0.0
21243,0.0000,0.0000,0.0
21243,0.0000,0.0000,0.0
21243,0.0000,0.0000,0.0
21243,0.0000,0.0000,0.0
21243,0.0000,0.0000,0.0
21243,0.0000,0.0000,0.0
21243,0.0000,0.0000,0.0
21243,0.0000,0.0000,0.0
21243,0.0000,0.0000,0.0
21243,0.0000,0.0000,0.0
21243,0.0000,0.0000,0.0
21243,0.0000,0.0000,0.0
21243,0.0000,0.0000,0.0
21243,0.0000,0.0000,0.0
21243,0.0000,0.0000,0.0
21243,0.0000,0.0000,0.0
21243,0.0000,0.0000,0.0
21243,0.0000,0.0000,0.0
21243,0.0000,0.0000,0.0
21243,0.0000,0.0000,0.0
21243,0.0000,0.0000,0.0
21243,0.0000,0.0000,0.0
21243,0.0000,0.0000,0.0
21243,0.0000,0.0000,0.0
21243,0.0000,0.0000,0.0
21243,0.0000,0.0000,0.0
21243,0.0000,0.0000,0.0
21243,0.0000,0.0000,0.0
21243,0.0000,0.0000,0.0
21243,0.0000,0.0000,0.0
21243,0.0000,0.0000,0.0
21243,0.0000,0.0000,0.0
21243,0.0000,0.0000,0.0
21243,0.0000,0.0000,0.0
21243,0.0000,0.0000,0.0
21243,0.0000,0.0000,0.0
21243,0.0000,0.0000,0.0
21243,0.0000,0.0000,0.0
21243,0.0000,0.0000,0.0
21243,0.0000,0.0000,0.0
21243,0.0000,0.0000,0.0
21243,0.0000,0.0000,0.0
21243,0.0000,0.0000,0.0
21243,0.0000,0.0000,0.0
21243,0.0000,0.0000,0.0
21243,0.0000,0.0000,0.0
21243,0.0000,0.0000,0.0
21243,0.0000,0.0000,0.0
21243,0.0000,0.0000,0.0
21243,0.0000,0.0000,0.0
21243,0.0000,0.0000,0.0
21243,0.0000,0.0000,0.0
21243,0.0000,0.0000,0.0
21243,0.0000,0.0000,0.0
21243,0.0000,0.0000,0.0
21243,0.0000,0.0000,0.0
21243,0.0000,0.0000,0.0
21243,0.0000,0.0000,0.0
21243,0.0000,0.0000,0.0
21243,0.0000,0.0000,0.0
21243,0.0000,0.0000,0.0
21243,0.0000,0.0000,0.0
21243,0.0000,0.0000,0.0
21243,0.0000,0.0000,0.0
21243,0.0000,0.0000,0.0
21243,0.0000,0.0000,0.0
21243,0.0000,0.0000,0.0
21243,0.0000,0.0000,0.0
21243,0.0000,0.0000,0.0
21243,0.0000,0.0000,0.0
21243,0.0000,0.0000,0.0
21243,0.0000,0.0000,0.0
21243,0.0000,0.0000,0.0
21243,0.0000,0.0000,0.0
21243,0.0000,0.0000,0.0
21243,0.0000,0.0000,0.0
21243,0.0000,0.0000,0.0
21243,0.0000,0.0000,0.0
21243,0.0000,0.0000,0.0
21243,0.0000,0.0000,0.0
21243,0.0000,0.0000,0.0
21243,0.0000,0.0000,0.0
21243,0.0000,0.0000,0.0
21243,0.0000,0.0000,0.0
21243,0.0000,0.0000,0.0
21243,0.0000,0.0000,0.0
21243,0.0000,0.0000,0.0
21243,0.0000,0.0000,0.0
21243,0.0000,0.0000,0.0
21243,0.0000,0.0000,0.0
21243,0.0000,0.0000,0.0
21243,0.0000,0.0000,0.0
21243,0.0000,0.0000,0.0
21243,0.0000,0.0000,0.0
21243,0.0000,0.0000,0.0
21243,0.0000,0.0000,0.0
21243,0.0000,0.0000,0.0
21243,0.0000,0.0000,0.0
21243,0.0000,0.0000,0.0
21243,0.0000,0.0000,0.0
21243,0.0000,0.0000,0.0
21243,0.0000,0.0000,0.0
21243,0.0000,0.0000,0.0
21243,0.0000,0.0000,0.0
21243,0.0000,0.0000,0.0
21243,0.0000,0.0000,0.0
21243,0.0000,0.0000,0.0
21243,0.0000,0.0000,0.0
21243,0.0000,0.0000,0.0
21243,0.0000,0.0000,0.0
21243,0.0000,0.0000,0.0
21243,0.0000,0.0000,0.0
21243,0.0000,0.0000,0.0
21243,0.0000,0.0000,0.0
21243,0.0000,0.0000,0.0
21243,0.0000,0.0000,0.0
21243,0.0000,0.0000,0.0
21243,0.0000,0.0000,0.0
21243,0.0000,0.0000,0.0
21243,0.0000,0.0000,0.0
21243,0.0000,0.0000,0.0
21243,0.0000,0.0000,0.0
21243,0.0000,0.0000,0.0
21243,0.0000,0.0000,0.0
21243,0.0000,0.0000,0.0
21243,0.0000,0.0000,0.0
21243,0.0000,0.0000,0.0
21243,0.0000,0.0000,0.0
21243,0.0000,0.0000,0.0
21243,0.0000,0.0000,0.0
21243,0.0000,0.0000,0.0
21243,0.0000,0.0000,0.0
21243,0.0000,0.0000,0.0
21243,0.0000,0.0000,0.0
21243,0.0000,0.0000,0.0
21243,0.0000,0.0000,0.0
21243,0.0000,0.0000,0.0
21243,0.0000,0.0000,0.0
21243,0.0000,0.0000,0.0
21243,0.0000,0.0000,0.0
21243,0.0000,0.0000,0.0
21243,0.0000,0.0000,0.0
21243,0.0000,0.0000,0.0
21243,0.0000,0.0000,0.0
21243,0.0000,0.0000,0.0
21243,0.0000,0.0000,0.0
21243,0.0000,0.0000,0.0
21243,0.0000,0.0000,0.0
21243,0.0000,0.0000,0.0
21243,0.0000,0.0000,0.0
21243,0.0000,0.0000,0.0
21243,0.0000,0.0000,0.0
21243,0.0000,0.0000,0.0
21243,0.0000,0.0000,0.0
21243,0.0000,0.0000,0.0
21243,0.0000,0.0000,0.0
21243,0.0000,0.0000,0.0
21243,0.0000,0.0000,0.0
21243,0.0000,0.0000,0.0
21243,0.0000,0.0000,0.0
21243,0.0000,0.0000,0.0
21243,0.0000,0.0000,0.0
21243,0.0000,0.0000,0.0
21243,0.0000,0.0000,0.0
21243,0.0000,0.0000,0.0
21243,0.0000,0.0000,0.0
21243,0.0000,0.0000,0.0
21243,0.0000,0.0000,0.0
21243,0.0000,0.0000,0.0
21243,0.0000,0.0000,0.0
21243,0.0000,0.0000,0.0
21243,0.0000,0.0000,0.0
21243,0.0000,0.0000,0.0
21243,0.0000,0.0000,0.0
21243,0.0000,0.0000,0.0
21243,0.0000,0.0000,0.0
21243,0.0000,0.0000,0.0
21243,0.0000,0.0000,0.0
21243,0.0000,0.0000,0.0
21243,0.0000,0.0000,0.0
21243,0.0000,0.0000,0.0
21243,0.0000,0.0000,0.0
21243,0.0000,0.0000,0.0
21243,0.0000,0.0000,0.0
21243,0.0000,0.0000,0.0
21243,0.0000,0.0000,0.0
21243,0.0000,0.0000,0.0
21243,0.0000,0.0000,0.0
21243,0.0000,0.0000,0.0
21243,0.0000,0.0000,0.0
21243,0.0000,0.0000,0.0
21243,0.0000,0.0000,0.0
21243,0.0000,0.0000,0.0
21243,0.0000,0.0000,0.0
21243,0.0000,0.0000,0.0
21243,0.0000,0.0000,0.0
21243,0.0000,0.0000,0.0
21243,0.0000,0.0000,0.0
21243,0.0000,0.0000,0.0
21243,0.0000,0.0000,0.0
21243,0.0000,0.0000,0.0
21243,0.0000,0.0000,0.0
21243,0.0000,0.0000,0.0
21243,0.0000,0.0000,0.0
21243,0.0000,0.0000,0.0
21243,0.0000,0.0000,0.0
21243,0.0000,0.0000,0.0
21243,0.0000,0.0000,0.0
21243,0.0000,0.0000,0.0
21243,0.0000,0.0000,0.0
21243,0.0000,0.0000,0.0
21243,0.0000,0.0000,0.0
21243,0.0000,0.0000,0.0
21243,0.0000,0.0000,0.0
21243,0.0000,0.0000,0.0
21243,0.0000,0.0000,0.0
21243,0.0000,0.0000,0.0
21243,0.0000,0.0000,0.0
21243,0.0000,0.0000,0.0
21243,0.0000,0.0000,0.0
21243,0.0000,0.0000,0.0
21243,0.0000,0.0000,0.0
21243,0.0000,0.0000,0.0
21243,0.0000,0.0000,0.0
21243,0.0000,0.0000,0.0
21243,0.0000,0.0000,0.0
21243,0.0000,0.0000,0.0
21243,0.0000,0.0000,0.0
21243,0.0000,0.0000,0.0
21243,0.0000,0.0000,0.0
21243,0.0000,0.0000,0.0
21243,0.0000,0.0000,0.0
21243,0.0000,0.0000,0.0
21243,0.0000,0.0000,0.0
21243,0.0000,0.0000,0.0
21243,0.0000,0.0000,0.0
21243,0.0000,0.0000,0.0
21243,0.0000,0.0000,0.0
21243,0.0000,0.0000,0.0
21243,0.0000,0.0000,0.0
21243,0.0000,0.0000,0.0
21243,0.0000,0.0000,0.0
21243,0.0000,0.0000,0.0
21243,0.0000,0.0000,0.0
21243,0.0000,0.0000,0.0
21243,0.0000,0.0000,0.0
21243,0.0000,0.0000,0.0
21243,0.0000,0.0000,0.0
21243,0.0000,0.0000,0.0
21243,0.0000,0.0000,0.0
21243,0.0000,0.0000,0.0
21243,0.0000,0.0000,0.0
21243,0.0000,0.0000,0.0
21243,0.0000,0.0000,0.0
21243,0.0000,0.0000,0.0
21243,0.0000,0.0000,0.0
21243,0.0000,0.0000,0.0
21243,0.0000,0.0000,0.0
21243,0.0000,0.0000,0.0
21243,0.0000,0.0000,0.0
21243,0.0000,0.0000,0.0
21243,0.0000,0.0000,0.0
21243,0.0000,0.0000,0.0
21243,0.0000,0.0000,0.0
21243,0.0000,0.0000,0.0
21243,0.0000,0.0000,0.0
21243,0.0000,0.0000,0.0
21243,0.0000,0.0000,0.0
21243,0.0000,0.0000,0.0
21243,0.0000,0.0000,0.0
21243,0.0000,0.0000,0.0
21243,0.0000,0.0000,0.0
21243,0.0000,0.0000,0.0
21243,0.0000,0.0000,0.0
21243,0.0000,0.0000,0.0
21243,0.0000,0.0000,0.0
21243,0.0000,0.0000,0.0
21243,0.0000,0.0000,0.0
21243,0.0000,0.0000,0.0
21243,0.0000,0.0000,0.0
21243,0.0000,0.0000,0.0
21243,0.0000,0.0000,0.0
21243,0.0000,0.0000,0.0
21243,0.0000,0.0000,0.0
21243,0.0000,0.0000,0.0
21243,0.0000,0.0000,0.0
21243,0.0000,0.0000,0.0
21243,0.0000,0.0000,0.0
21243,0.0000,0.0000,0.0
21243,0.0000,0.0000,0.0
21243,0.0000,0.0000,0.0
21243,0.0000,0.0000,0.0
21243,0.0000,0.0000,0.0
21243,0.0000,0.0000,0.0
21243,0.0000,0.0000,0.0
21243,0.0000,0.0000,0.0
21243,0.0000,0.0000,0.0
21243,0.0000,0.0000,0.0
21243,0.0000,0.0000,0.0
21243,0.0000,0.0000,0.0
21243,0.0000,0.0000,0.0
21243,0.0000,0.0000,0.0
21243,0.0000,0.0000,0.0
21243,0.0000,0.0000,0.0
21243,0.0000,0.0000,0.0
21243,0.0000,0.0000,0.0
21243,0.0000,0.0000,0.0
21243,0.0000,0.0000,0.0
21243,0.0000,0.0000,0.0
21243,0.0000,0.0000,0.0
21243,0.0000,0.0000,0.0
21243,0.0000,0.0000,0.0
21243,0.0000,0.0000,0.0
21243,0.0000,0.0000,0.0
21243,0.0000,0.0000,0.0
21243,0.0000,0.0000,0.0
21243,0.0000,0.0000,0.0
21243,0.0000,0.0000,0.0
21243,0.0000,0.0000,0.0
21243,0.0000,0.0000,0.0
21243,0.0000,0.0000,0.0
21243,0.0000,0.0000,0.0
21243,0.0000,0.0000,0.0
21243,0.0000,0.0000,0.0
21243,0.0000,0.0000,0.0
21243,0.0000,0.0000,0.0
21243,0.0000,0.0000,0.0
21243,0.0000,0.0000,0.0
21243,0.0000,0.0000,0.0
21243,0.0000,0.0000,0.0
21243,0.0000,0.0000,0.0
21243,0.0000,0.0000,0.0
21243,0.0000,0.0000,0.0
21243,0.0000,0.0000,0.0
21243,0.0000,0.0000,0.0
21243,0.0000,0.0000,0.0
21243,0.0000,0.0000,0.0
21243,0.0000,0.0000,0.0
21243,0.0000,0.0000,0.0
21243,0.0000,0.0000,0.0
21243,0.0000,0.0000,0.0
21243,0.0000,0.0000,0.0
21243,0.0000,0.0000,0.0
21243,0.0000,0.0000,0.0
21243,0.0000,0.0000,0.0
21243,0.0000,0.0000,0.0
21243,0.0000,0.0000,0.0
21243,0.0000,0.0000,0.0
21243,0.0000,0.0000,0.0
21243,0.0000,0.0000,0.0
21243,0.0000,0.0000,0.0
21243,0.0000,0.0000,0.0
21243,0.0000,0.0000,0.0
21243,0.0000,0.0000,0.0
21243,0.0000,0.0000,0.0
21243,0.0000,0.0000,0.0
21243,0.0000,0.0000,0.0
21243,0.0000,0.0000,0.0
21243,0.0000,0.0000,0.0
21243,0.0000,0.0000,0.0
21243,0.0000,0.0000,0.0
21243,0.0000,0.0000,0.0
21243,0.0000,0.0000,0.0
21243,0.0000,0.0000,0.0
21243,0.0000,0.0000,0.0
21243,0.0000,0.0000,0.0
21243,0.0000,0.0000,0.0
21243,0.0000,0.0000,0.0
21243,0.0000,0.0000,0.0
21243,0.0000,0.0000,0.0
21243,0.0000,0.0000,0.0
21243,0.0000,0.0000,0.0
21243,0.0000,0.0000,0.0
21243,0.0000,0.0000,0.0
21243,0.0000,0.0000,0.0
21243,0.0000,0.0000,0.0
21243,0.0000,0.0000,0.0
21243,0.0000,0.0000,0.0
21243,0.0000,0.0000,0.0
21243,0.0000,0.0000,0.0
21243,0.0000,0.0000,0.0
21243,0.0000,0.0000,0.0
21243,0.0000,0.0000,0.0
21243,0.0000,0.0000,0.0
21243,0.0000,0.0000,0.0
21243,0.0000,0.0000,0.0
21243,0.0000,0.0000,0.0
21243,0.0000,0.0000,0.0
21243,0.0000,0.0000,0.0
21243,0.0000,0.0000,0.0
21243,0.0000,0.0000,0.0
21243,0.0000,0.0000,0.0
21243,0.0000,0.0000,0.0
21243,0.0000,0.0000,0.0
21243,0.0000,0.0000,0.0
21243,0.0000,0.0000,0.0
21243,0.0000,0.0000,0.0
21243,0.0000,0.0000,0.0
21243,0.0000,0.0000,0.0
21243,0.0000,0.0000,0.0
21243,0.0000,0.0000,0.0
21243,0.0000,0.0000,0.0
21243,0.0000,0.0000,0.0
21243,0.0000,0.0000,0.0
21243,0.0000,0.0000,0.0
21243,0.0000,0.0000,0.0
21243,0.0000,0.0000,0.0
21243,0.0000,0.0000,0.0
21243,0.0000,0.0000,0.0
21243,0.0000,0.0000,0.0
21243,0.0000,0.0000,0.0
21243,0.0000,0.0000,0.0
21243,0.0000,0.0000,0.0
21243,0.0000,0.0000,0.0
21243,0.0000,0.0000,0.0
21243,0.0000,0.0000,0.0
21243,0.0000,0.0000,0.0
21243,0.0000,0.0000,0.0
21243,0.0000,0.0000,0.0
21243,0.0000,0.0000,0.0
21243,0.0000,0.0000,0.0
21243,0.0000,0.0000,0.0
21243,0.0000,0.0000,0.0
21243,0.0000,0.0000,0.0
21243,0.0000,0.0000,0.0
21243,0.0000,0.0000,0.0
21243,0.0000,0.0000,0.0
21243,0.0000,0.0000,0.0
21243,0.0000,0.0000,0.0
21243,0.0000,0.0000,0.0
21243,0.0000,0.0000,0.0
21243,0.0000,0.0000,0.0
21243,0.0000,0.0000,0.0
21243,0.0000,0.0000,0.0
21243,0.0000,0.0000,0.0
21243,0.0000,0.0000,0.0
21243,0.0000,0.0000,0.0
21243,0.0000,0.0000,0.0
21243,0.0000,0.0000,0.0
21243,0.0000,0.0000,0.0
21243,0.0000,0.0000,0.0
21243,0.0000,0.0000,0.0
21243,0.0000,0.0000,0.0
21243,0.0000,0.0000,0.0
21243,0.0000,0.0000,0.0
21243,0.0000,0.0000,0.0
21243,0.0000,0.0000,0.0
21243,0.0000,0.0000,0.0
21243,0.0000,0.0000,0.0
21243,0.0000,0.0000,0.0
21243,0.0000,0.0000,0.0
21243,0.0000,0.0000,0.0
21243,0.0000,0.0000,0.0
21243,0.0000,0.0000,0.0
21243,0.0000,0.0000,0.0
21243,0.0000,0.0000,0.0
21243,0.0000,0.0000,0.0
21243,0.0000,0.0000,0.0
21243,0.0000,0.0000,0.0
21243,0.0000,0.0000,0.0
21243,0.0000,0.0000,0.0
21243,0.0000,0.0000,0.0
21243,0.0000,0.0000,0.0
21243,0.0000,0.0000,0.0
21243,0.0000,0.0000,0.0
21243,0.0000,0.0000,0.0
21243,0.0000,0.0000,0.0
21243,0.0000,0.0000,0.0
21243,0.0000,0.0000,0.0
21243,0.0000,0.0000,0.0
21243,0.0000,0.0000,0.0
21243,0.0000,0.0000,0.0
21243,0.0000,0.0000,0.0
21243,0.0000,0.0000,0.0
21243,0.0000,0.0000,0.0
21243,0.0000,0.0000,0.0
21243,0.0000,0.0000,0.0
21243,0.0000,0.0000,0.0
21243,0.0000,0.0000,0.0
21243,0.0000,0.0000,0.0
21243,0.0000,0.0000,0.0
21243,0.0000,0.0000,0.0
21243,0.0000,0.0000,0.0
21243,0.0000,0.0000,0.0
21243,0.0000,0.0000,0.0
21243,0.0000,0.0000,0.0
21243,0.0000,0.0000,0.0
21243,0.0000,0.0000,0.0
21243,0.0000,0.0000,0.0
21243,0.0000,0.0000,0.0
21243,0.0000,0.0000,0.0
21243,0.0000,0.0000,0.0
21243,0.0000,0.0000,0.0
21243,0.0000,0.0000,0.0
21243,0.0000,0.0000,0.0
21243,0.0000,0.0000,0.0
21243,0.0000,0.0000,0.0
21243,0.0000,0.0000,0.0
21243,0.0000,0.0000,0.0
21243,0.0000,0.0000,0.0
21243,0.0000,0.0000,0.0
21243,0.0000,0.0000,0.0
21243,0.0000,0.0000,0.0
21243,0.0000,0.0000,0.0
21243,0.0000,0.0000,0.0
21243,0.0000,0.0000,0.0
21243,0.0000,0.0000,0.0
21243,0.0000,0.0000,0.0
21243,0.0000,0.0000,0.0
21243,0.0000,0.0000,0.0
21243,0.0000,0.0000,0.0
21243,0.0000,0.0000,0.0
21243,0.0000,0.0000,0.0
21243,0.0000,0.0000,0.0
21243,0.0000,0.0000,0.0
21243,0.0000,0.0000,0.0
21243,0.0000,0.0000,0.0
21243,0.0000,0.0000,0.0
21243,0.0000,0.0000,0.0
21243,0.0000,0.0000,0.0
21243,0.0000,0.0000,0.0
21243,0.0000,0.0000,0.0
21243,0.0000,0.0000,0.0
21243,0.0000,0.0000,0.0
21243,0.0000,0.0000,0.0
21243,0.0000,0.0000,0.0
21243,0.0000,0.0000,0.0
21243,0.0000,0.0000,0.0
21243,0.0000,0.0000,0.0
21243,0.0000,0.0000,0.0
21243,0.0000,0.0000,0.0
21243,0.0000,0.0000,0.0
21243,0.0000,0.0000,0.0
21243,0.0000,0.0000,0.0
21243,0.0000,0.0000,0.0
21243,0.0000,0.0000,0.0
21243,0.0000,0.0000,0.0
21243,0.0000,0.0000,0.0
21243,0.0000,0.0000,0.0
21243,0.0000,0.0000,0.0
21243,0.0000,0.0000,0.0
21243,0.0000,0.0000,0.0
21243,0.0000,0.0000,0.0
21243,0.0000,0.0000,0.0
21243,0.0000,0.0000,0.0
21243,0.0000,0.0000,0.0
21243,0.0000,0.0000,0.0
21243,0.0000,0.0000,0.0
21243,0.0000,0.0000,0.0
21243,0.0000,0.0000,0.0
21243,0.0000,0.0000,0.0
21243,0.0000,0.0000,0.0
21243,0.0000,0.0000,0.0
21243,0.0000,0.0000,0.0
21243,0.0000,0.0000,0.0
21243,0.0000,0.0000,0.0
21243,0.0000,0.0000,0.0
21243,0.0000,0.0000,0.0
21243,0.0000,0.0000,0.0
21243,0.0000,0.0000,0.0
21243,0.0000,0.0000,0.0
21243,0.0000,0.0000,0.0
21243,0.0000,0.0000,0.0
21243,0.0000,0.0000,0.0
21243,0.0000,0.0000,0.0
21243,0.0000,0.0000,0.0
21243,0.0000,0.0000,0.0
21243,0.0000,0.0000,0.0
21243,0.0000,0.0000,0.0
21243,0.0000,0.0000,0.0
21243,0.0000,0.0000,0.0
21243,0.0000,0.0000,0.0
21243,0.0000,0.0000,0.0
21243,0.0000,0.0000,0.0
21243,0.0000,0.0000,0.0
21243,0.0000,0.0000,0.0
21243,0.0000,0.0000,0.0
21243,0.0000,0.0000,0.0
21243,0.0000,0.0000,0.0
21243,0.0000,0.0000,0.0
21243,0.0000,0.0000,0.0
21243,0.0000,0.0000,0.0
21243,0.0000,0.0000,0.0
21243,0.0000,0.0000,0.0
21243,0.0000,0.0000,0.0
21243,0.0000,0.0000,0.0
21243,0.0000,0.0000,0.0
21243,0.0000,0.0000,0.0
21243,0.0000,0.0000,0.0
21243,0.0000,0.0000,0.0
21243,0.0000,0.0000,0.0
21243,0.0000,0.0000,0.0
21243,0.0000,0.0000,0.0
21243,0.0000,0.0000,0.0
21243,0.0000,0.0000,0.0
21243,0.0000,0.0000,0.0
21243,0.0000,0.0000,0.0
21243,0.0000,0.0000,0.0
21243,0.0000,0.0000,0.0
21243,0.0000,0.0000,0.0
21243,0.0000,0.0000,0.0
21243,0.0000,0.0000,0.0
21243,0.0000,0.0000,0.0
21243,0.0000,0.0000,0.0
21243,0.0000,0.0000,0.0
21243,0.0000,0.0000,0.0
21243,0.0000,0.0000,0.0
21243,0.0000,0.0000,0.0
21243,0.0000,0.0000,0.0
21243,0.0000,0.0000,0.0
21243,0.0000,0.0000,0.0
21243,0.0000,0.0000,0.0
21243,0.0000,0.0000,0.0
21243,0.0000,0.0000,0.0
21243,0.0000,0.0000,0.0
21243,0.0000,0.0000,0.0
21243,0.0000,0.0000,0.0
21243,0.0000,0.0000,0.0
21243,0.0000,0.0000,0.0
21243,0.0000,0.0000,0.0
21243,0.0000,0.0000,0.0
21243,0.0000,0.0000,0.0
21243,0.0000,0.0000,0.0
21243,0.0000,0.0000,0.0
21243,0.0000,0.0000,0.0
21243,0.0000,0.0000,0.0
21243,0.0000,0.0000,0.0
21243,0.0000,0.0000,0.0
21243,0.0000,0.0000,0.0
21243,0.0000,0.0000,0.0
21243,0.0000,0.0000,0.0
21243,0.0000,0.0000,0.0
21243,0.0000,0.0000,0.0
21243,0.0000,0.0000,0.0
21243,0.0000,0.0000,0.0
21243,0.0000,0.0000,0.0
21243,0.0000,0.0000,0.0
21243,0.0000,0.0000,0.0
21243,0.0000,0.0000,0.0
21243,0.0000,0.0000,0.0
21243,0.0000,0.0000,0.0
21243,0.0000,0.0000,0.0
21243,0.0000,0.0000,0.0
21243,0.0000,0.0000,0.0
21243,0.0000,0.0000,0.0
21243,0.0000,0.0000,0.0
21243,0.0000,0.0000,0.0
21243,0.0000,0.0000,0.0
21243,0.0000,0.0000,0.0
21243,0.0000,0.0000,0.0
21243,0.0000,0.0000,0.0
21243,0.0000,0.0000,0.0
21243,0.0000,0.0000,0.0
21243,0.0000,0.0000,0.0
21243,0.0000,0.0000,0.0
21243,0.0000,0.0000,0.0
21243,0.0000,0.0000,0.0
21243,0.0000,0.0000,0.0
21243,0.0000,0.0000,0.0
21243,0.0000,0.0000,0.0
21243,0.0000,0.0000,0.0
21243,0.0000,0.0000,0.0
21243,0.0000,0.0000,0.0
21243,0.0000,0.0000,0.0
21243,0.0000,0.0000,0.0
21243,0.0000,0.0000,0.0
21243,0.0000,0.0000,0.0
21243,0.0000,0.0000,0.0
21243,0.0000,0.0000,0.0
21243,0.0000,0.0000,0.0
21243,0.0000,0.0000,0.0
21243,0.0000,0.0000,0.0
21243,0.0000,0.0000,0.0
21243,0.0000,0.0000,0.0
21243,0.0000,0.0000,0.0
21243,0.0000,0.0000,0.0
21243,0.0000,0.0000,0.0
21243,0.0000,0.0000,0.0
21243,0.0000,0.0000,0.0
21243,0.0000,0.0000,0.0
21243,0.0000,0.0000,0.0
21243,0.0000,0.0000,0.0
21243,0.0000,0.0000,0.0
21243,0.0000,0.0000,0.0
21243,0.0000,0.0000,0.0
21243,0.0000,0.0000,0.0
21243,0.0000,0.0000,0.0
21243,0.0000,0.0000,0.0
21243,0.0000,0.0000,0.0
21243,0.0000,0.0000,0.0
21243,0.0000,0.0000,0.0
21243,0.0000,0.0000,0.0
21243,0.0000,0.0000,0.0
21243,0.0000,0.0000,0.0
21243,0.0000,0.0000,0.0
21243,0.0000,0.0000,0.0
21243,0.0000,0.0000,0.0
21243,0.0000,0.0000,0.0
21243,0.0000,0.0000,0.0
21243,0.0000,0.0000,0.0
21243,0.0000,0.0000,0.0
21243,0.0000,0.0000,0.0
21243,0.0000,0.0000,0.0
21243,0.0000,0.0000,0.0
21243,0.0000,0.0000,0.0
21243,0.0000,0.0000,0.0
21243,0.0000,0.0000,0.0
21243,0.0000,0.0000,0.0
21243,0.0000,0.0000,0.0
21243,0.0000,0.0000,0.0
21243,0.0000,0.0000,0.0
21243,0.0000,0.0000,0.0
21243,0.0000,0.0000,0.0
21243,0.0000,0.0000,0.0
21243,0.0000,0.0000,0.0
21243,0.0000,0.0000,0.0
21243,0.0000,0.0000,0.0
21243,0.0000,0.0000,0.0
21243,0.0000,0.0000,0.0
21243,0.0000,0.0000,0.0
21243,0.0000,0.0000,0.0
21243,0.0000,0.0000,0.0
21243,0.0000,0.0000,0.0
21243,0.0000,0.0000,0.0
21243,0.0000,0.0000,0.0
21243,0.0000,0.0000,0.0
21243,0.0000,0.0000,0.0
21243,0.0000,0.0000,0.0
21243,0.0000,0.0000,0.0
21243,0.0000,0.0000,0.0
21243,0.0000,0.0000,0.0
21243,0.0000,0.0000,0.0
21243,0.0000,0.0000,0.0
21243,0.0000,0.0000,0.0
21243,0.0000,0.0000,0.0
21243,0.0000,0.0000,0.0
21243,0.0000,0.0000,0.0
21243,0.0000,0.0000,0.0
21243,0.0000,0.0000,0.0
21243,0.0000,0.0000,0.0
21243,0.0000,0.0000,0.0
21243,0.0000,0.0000,0.0
21243,0.0000,0.0000,0.0
21243,0.0000,0.0000,0.0
21243,0.0000,0.0000,0.0
21243,0.0000,0.0000,0.0
21243,0.0000,0.0000,0.0
21243,0.0000,0.0000,0.0
21243,0.0000,0.0000,0.0
21243,0.0000,0.0000,0.0
21243,0.0000,0.0000,0.0
21243,0.0000,0.0000,0.0
21243,0.0000,0.0000,0.0
21243,0.0000,0.0000,0.0
21243,0.0000,0.0000,0.0
21243,0.0000,0.0000,0.0
21243,0.0000,0.0000,0.0
21243,0.0000,0.0000,0.0
21243,0.0000,0.0000,0.0
21243,0.0000,0.0000,0.0
21243,0.0000,0.0000,0.0
21243,0.0000,0.0000,0.0
21243,0.0000,0.0000,0.0
21243,0.0000,0.0000,0.0
21243,0.0000,0.0000,0.0
21243,0.0000,0.0000,0.0
21243,0.0000,0.0000,0.0
21243,0.0000,0.0000,0.0
21243,0.0000,0.0000,0.0
21243,0.0000,0.0000,0.0
21243,0.0000,0.0000,0.0
21243,0.0000,0.0000,0.0
21243,0.0000,0.0000,0.0
21243,0.0000,0.0000,0.0
21243,0.0000,0.0000,0.0
21243,0.0000,0.0000,0.0
21243,0.0000,0.0000,0.0
21243,0.0000,0.0000,0.0
21243,0.0000,0.0000,0.0
21243,0.0000,0.0000,0.0
21243,0.0000,0.0000,0.0
21243,0.0000,0.0000,0.0
21243,0.0000,0.0000,0.0
21243,0.0000,0.0000,0.0
21243,0.0000,0.0000,0.0
21243,0.0000,0.0000,0.0
21243,0.0000,0.0000,0.0
21243,0.0000,0.0000,0.0
21243,0.0000,0.0000,0.0
21243,0.0000,0.0000,0.0
21243,0.0000,0.0000,0.0
21243,0.0000,0.0000,0.0
21243,0.0000,0.0000,0.0
21243,0.0000,0.0000,0.0
21243,0.0000,0.0000,0.0
21243,0.0000,0.0000,0.0
21243,0.0000,0.0000,0.0
21243,0.0000,0.0000,0.0
21243,0.0000,0.0000,0.0
21243,0.0000,0.0000,0.0
21243,0.0000,0.0000,0.0
21243,0.0000,0.0000,0.0
21243,0.0000,0.0000,0.0
21243,0.0000,0.0000,0.0
21243,0.0000,0.0000,0.0
21243,0.0000,0.0000,0.0
21243,0.0000,0.0000,0.0
21243,0.0000,0.0000,0.0
21243,0.0000,0.0000,0.0
21243,0.0000,0.0000,0.0
21243,0.0000,0.0000,0.0
21243,0.0000,0.0000,0.0
21243,0.0000,0.0000,0.0
21243,0.0000,0.0000,0.0
21243,0.0000,0.0000,0.0
21243,0.0000,0.0000,0.0
21243,0.0000,0.0000,0.0
21243,0.0000,0.0000,0.0
21243,0.0000,0.0000,0.0
21243,0.0000,0.0000,0.0
21243,0.0000,0.0000,0.0
21243,0.0000,0.0000,0.0
21243,0.0000,0.0000,0.0
21243,0.0000,0.0000,0.0
21243,0.0000,0.0000,0.0
21243,0.0000,0.0000,0.0
21243,0.0000,0.0000,0.0
21243,0.0000,0.0000,0.0
21243,0.0000,0.0000,0.0
21243,0.0000,0.0000,0.0
21243,0.0000,0.0000,0.0
21243,0.0000,0.0000,0.0
21243,0.0000,0.0000,0.0
21243,0.0000,0.0000,0.0
21243,0.0000,0.0000,0.0
21243,0.0000,0.0000,0.0
21243,0.0000,0.0000,0.0
21243,0.0000,0.0000,0.0
21243,0.0000,0.0000,0.0
21243,0.0000,0.0000,0.0
21243,0.0000,0.0000,0.0
21243,0.0000,0.0000,0.0
21243,0.0000,0.0000,0.0
21243,0.0000,0.0000,0.0
21243,0.0000,0.0000,0.0
21243,0.0000,0.0000,0.0
21243,0.0000,0.0000,0.0
21243,0.0000,0.0000,0.0
21243,0.0000,0.0000,0.0
21243,0.0000,0.0000,0.0
21243,0.0000,0.0000,0.0
21243,0.0000,0.0000,0.0
21243,0.0000,0.0000,0.0
21243,0.0000,0.0000,0.0
21243,0.0000,0.0000,0.0
21243,0.0000,0.0000,0.0
21243,0.0000,0.0000,0.0
21243,0.0000,0.0000,0.0
21243,0.0000,0.0000,0.0
21243,0.0000,0.0000,0.0
21243,0.0000,0.0000,0.0
21243,0.0000,0.0000,0.0
21243,0.0000,0.0000,0.0
21243,0.0000,0.0000,0.0
21243,0.0000,0.0000,0.0
21243,0.0000,0.0000,0.0
21243,0.0000,0.0000,0.0
21243,0.0000,0.0000,0.0
21243,0.0000,0.0000,0.0
21243,0.0000,0.0000,0.0
21243,0.0000,0.0000,0.0
21243,0.0000,0.0000,0.0
21243,0.0000,0.0000,0.0
21243,0.0000,0.0000,0.0
21243,0.0000,0.0000,0.0
21243,0.0000,0.0000,0.0
21243,0.0000,0.0000,0.0
21243,0.0000,0.0000,0.0
21243,0.0000,0.0000,0.0
21243,0.0000,0.0000,0.0
21243,0.0000,0.0000,0.0
21243,0.0000,0.0000,0.0
21243,0.0000,0.0000,0.0
21243,0.0000,0.0000,0.0
21243,0.0000,0.0000,0.0
21243,0.0000,0.0000,0.0
21243,0.0000,0.0000,0.0
21243,0.0000,0.0000,0.0
21243,0.0000,0.0000,0.0
21243,0.0000,0.0000,0.0
21243,0.0000,0.0000,0.0
21243,0.0000,0.0000,0.0
21243,0.0000,0.0000,0.0
21243,0.0000,0.0000,0.0
21243,0.0000,0.0000,0.0
21243,0.0000,0.0000,0.0
21243,0.0000,0.0000,0.0
21243,0.0000,0.0000,0.0
21243,0.0000,0.0000,0.0
21243,0.0000,0.0000,0.0
21243,0.0000,0.0000,0.0
21243,0.0000,0.0000,0.0
21243,0.0000,0.0000,0.0
21243,0.0000,0.0000,0.0
21243,0.0000,0.0000,0.0
21243,0.0000,0.0000,0.0
21243,0.0000,0.0000,0.0
21243,0.0000,0.0000,0.0
21243,0.0000,0.0000,0.0
21243,0.0000,0.0000,0.0
21243,0.0000,0.0000,0.0
21243,0.0000,0.0000,0.0
21243,0.0000,0.0000,0.0
21243,0.0000,0.0000,0.0
21243,0.0000,0.0000,0.0
21243,0.0000,0.0000,0.0
21243,0.0000,0.0000,0.0
21243,0.0000,0.0000,0.0
21243,0.0000,0.0000,0.0
21243,0.0000,0.0000,0.0
21243,0.0000,0.0000,0.0
21243,0.0000,0.0000,0.0
21243,0.0000,0.0000,0.0
21243,0.0000,0.0000,0.0
21243,0.0000,0.0000,0.0
21243,0.0000,0.0000,0.0
21243,0.0000,0.0000,0.0
21243,0.0000,0.0000,0.0
21243,0.0000,0.0000,0.0
21243,0.0000,0.0000,0.0
21243,0.0000,0.0000,0.0
21243,0.0000,0.0000,0.0
21243,0.0000,0.0000,0.0
21243,0.0000,0.0000,0.0
21243,0.0000,0.0000,0.0
21243,0.0000,0.0000,0.0
21243,0.0000,0.0000,0.0
21243,0.0000,0.0000,0.0
21243,0.0000,0.0000,0.0
21243,0.0000,0.0000,0.0
21243,0.0000,0.0000,0.0
21243,0.0000,0.0000,0.0
21243,0.0000,0.0000,0.0
21243,0.0000,0.0000,0.0
21243,0.0000,0.0000,0.0
21243,0.0000,0.0000,0.0
21243,0.0000,0.0000,0.0
21243,0.0000,0.0000,0.0
21243,0.0000,0.0000,0.0
21243,0.0000,0.0000,0.0
21243,0.0000,0.0000,0.0
21243,0.0000,0.0000,0.0
21243,0.0000,0.0000,0.0
21243,0.0000,0.0000,0.0
21243,0.0000,0.0000,0.0
21243,0.0000,0.0000,0.0
21243,0.0000,0.0000,0.0
21243,0.0000,0.0000,0.0
21243,0.0000,0.0000,0.0
21243,0.0000,0.0000,0.0
21243,0.0000,0.0000,0.0
21243,0.0000,0.0000,0.0
21243,0.0000,0.0000,0.0
21243,0.0000,0.0000,0.0
21243,0.0000,0.0000,0.0
21243,0.0000,0.0000,0.0
21243,0.0000,0.0000,0.0
21243,0.0000,0.0000,0.0
21243,0.0000,0.0000,0.0
21243,0.0000,0.0000,0.0
21243,0.0000,0.0000,0.0
21243,0.0000,0.0000,0.0
21243,0.0000,0.0000,0.0
21243,0.0000,0.0000,0.0
21243,0.0000,0.0000,0.0
21243,0.0000,0.0000,0.0
21243,0.0000,0.0000,0.0
21243,0.0000,0.0000,0.0
21243,0.0000,0.0000,0.0
21243,0.0000,0.0000,0.0
21243,0.0000,0.0000,0.0
21243,0.0000,0.0000,0.0
21243,0.0000,0.0000,0.0
21243,0.0000,0.0000,0.0
21243,0.0000,0.0000,0.0
21243,0.0000,0.0000,0.0
21243,0.0000,0.0000,0.0
21243,0.0000,0.0000,0.0
21243,0.0000,0.0000,0.0
21243,0.0000,0.0000,0.0
21243,0.0000,0.0000,0.0
21243,0.0000,0.0000,0.0
21243,0.0000,0.0000,0.0
21243,0.0000,0.0000,0.0
21243,0.0000,0.0000,0.0
21243,0.0000,0.0000,0.0
21243,0.0000,0.0000,0.0
21243,0.0000,0.0000,0.0
21243,0.0000,0.0000,0.0
21243,0.0000,0.0000,0.0
21243,0.0000,0.0000,0.0
21243,0.0000,0.0000,0.0
21243,0.0000,0.0000,0.0
21243,0.0000,0.0000,0.0
21243,0.0000,0.0000,0.0
21243,0.0000,0.0000,0.0
21243,0.0000,0.0000,0.0
21243,0.0000,0.0000,0.0
21243,0.0000,0.0000,0.0
21243,0.0000,0.0000,0.0
21243,0.0000,0.0000,0.0
21243,0.0000,0.0000,0.0
21243,0.0000,0.0000,0.0
21243,0.0000,0.0000,0.0
21243,0.0000,0.0000,0.0
21243,0.0000,0.0000,0.0
21243,0.0000,0.0000,0.0
21243,0.0000,0.0000,0.0
21243,0.0000,0.0000,0.0
21243,0.0000,0.0000,0.0
21243,0.0000,0.0000,0.0
21243,0.0000,0.0000,0.0
21243,0.0000,0.0000,0.0
21243,0.0000,0.0000,0.0
21243,0.0000,0.0000,0.0
21243,0.0000,0.0000,0.0
21243,0.0000,0.0000,0.0
21243,0.0000,0.0000,0.0
21243,0.0000,0.0000,0.0
21243,0.0000,0.0000,0.0
21243,0.0000,0.0000,0.0
21243,0.0000,0.0000,0.0
21243,0.0000,0.0000,0.0
21243,0.0000,0.0000,0.0
21243,0.0000,0.0000,0.0
21243,0.0000,0.0000,0.0
21243,0.0000,0.0000,0.0
21243,0.0000,0.0000,0.0
21243,0.0000,0.0000,0.0
21243,0.0000,0.0000,0.0
21243,0.0000,0.0000,0.0
21243,0.0000,0.0000,0.0
21243,0.0000,0.0000,0.0
21243,0.0000,0.0000,0.0
21243,0.0000,0.0000,0.0
21243,0.0000,0.0000,0.0
21243,0.0000,0.0000,0.0
21243,0.0000,0.0000,0.0
21243,0.0000,0.0000,0.0
21243,0.0000,0.0000,0.0
21243,0.0000,0.0000,0.0
21243,0.0000,0.0000,0.0
21243,0.0000,0.0000,0.0
21243,0.0000,0.0000,0.0
21243,0.0000,0.0000,0.0
21243,0.0000,0.0000,0.0
21243,0.0000,0.0000,0.0
21243,0.0000,0.0000,0.0
21243,0.0000,0.0000,0.0
21243,0.0000,0.0000,0.0
21243,0.0000,0.0000,0.0
21243,0.0000,0.0000,0.0
21243,0.0000,0.0000,0.0
21243,0.0000,0.0000,0.0
21243,0.0000,0.0000,0.0
21243,0.0000,0.0000,0.0
21243,0.0000,0.0000,0.0
21243,0.0000,0.0000,0.0
21243,0.0000,0.0000,0.0
21243,0.0000,0.0000,0.0
21243,0.0000,0.0000,0.0
21243,0.0000,0.0000,0.0
21243,0.0000,0.0000,0.0
21243,0.0000,0.0000,0.0
21243,0.0000,0.0000,0.0
21243,0.0000,0.0000,0.0
21243,0.0000,0.0000,0.0
21243,0.0000,0.0000,0.0
21243,0.0000,0.0000,0.0
21243,0.0000,0.0000,0.0
21243,0.0000,0.0000,0.0
21243,0.0000,0.0000,0.0
21243,0.0000,0.0000,0.0
21243,0.0000,0.0000,0.0
21243,0.0000,0.0000,0.0
21243,0.0000,0.0000,0.0
21243,0.0000,0.0000,0.0
21243,0.0000,0.0000,0.0
21243,0.0000,0.0000,0.0
21243,0.0000,0.0000,0.0
21243,0.0000,0.0000,0.0
21243,0.0000,0.0000,0.0
21243,0.0000,0.0000,0.0
21243,0.0000,0.0000,0.0
21243,0.0000,0.0000,0.0
21243,0.0000,0.0000,0.0
21243,0.0000,0.0000,0.0
21243,0.0000,0.0000,0.0
21243,0.0000,0.0000,0.0
21243,0.0000,0.0000,0.0
21243,0.0000,0.0000,0.0
21243,0.0000,0.0000,0.0
21243,0.0000,0.0000,0.0
21243,0.0000,0.0000,0.0
21243,0.0000,0.0000,0.0
21243,0.0000,0.0000,0.0
21243,0.0000,0.0000,0.0
21243,0.0000,0.0000,0.0
21243,0.0000,0.0000,0.0
21243,0.0000,0.0000,0.0
21243,0.0000,0.0000,0.0
21243,0.0000,0.0000,0.0
21243,0.0000,0.0000,0.0
21243,0.0000,0.0000,0.0
21243,0.0000,0.0000,0.0
21243,0.0000,0.0000,0.0
21243,0.0000,0.0000,0.0
21243,0.0000,0.0000,0.0
21243,0.0000,0.0000,0.0
21243,0.0000,0.0000,0.0
21243,0.0000,0.0000,0.0
21243,0.0000,0.0000,0.0
21243,0.0000,0.0000,0.0
21243,0.0000,0.0000,0.0
21243,0.0000,0.0000,0.0
21243,0.0000,0.0000,0.0
21243,0.0000,0.0000,0.0
21243,0.0000,0.0000,0.0
21243,0.0000,0.0000,0.0
21243,0.0000,0.0000,0.0
21243,0.0000,0.0000,0.0
21243,0.0000,0.0000,0.0
21243,0.0000,0.0000,0.0
21243,0.0000,0.0000,0.0
21243,0.0000,0.0000,0.0
21243,0.0000,0.0000,0.0
21243,0.0000,0.0000,0.0
21243,0.0000,0.0000,0.0
21243,0.0000,0.0000,0.0
21243,0.0000,0.0000,0.0
21243,0.0000,0.0000,0.0
21243,0.0000,0.0000,0.0
21243,0.0000,0.0000,0.0
21243,0.0000,0.0000,0.0
21243,0.0000,0.0000,0.0
21243,0.0000,0.0000,0.0
21243,0.0000,0.0000,0.0
21243,0.0000,0.0000,0.0
21243,0.0000,0.0000,0.0
21243,0.0000,0.0000,0.0
21243,0.0000,0.0000,0.0
21243,0.0000,0.0000,0.0
21243,0.0000,0.0000,0.0
21243,0.0000,0.0000,0.0
21243,0.0000,0.0000,0.0
21243,0.0000,0.0000,0.0
21243,0.0000,0.0000,0.0
21243,0.0000,0.0000,0.0
21243,0.0000,0.0000,0.0
21243,0.0000,0.0000,0.0
21243,0.0000,0.0000,0.0
21243,0.0000,0.0000,0.0
21243,0.0000,0.0000,0.0
21243,0.0000,0.0000,0.0
21243,0.0000,0.0000,0.0
21243,0.0000,0.0000,0.0
21243,0.0000,0.0000,0.0
21243,0.0000,0.0000,0.0
21243,0.0000,0.0000,0.0
21243,0.0000,0.0000,0.0
21243,0.0000,0.0000,0.0
21243,0.0000,0.0000,0.0
21243,0.0000,0.0000,0.0
21243,0.0000,0.0000,0.0
21243,0.0000,0.0000,0.0
21243,0.0000,0.0000,0.0
21243,0.0000,0.0000,0.0
21243,0.0000,0.0000,0.0
21243,0.0000,0.0000,0.0
21243,0.0000,0.0000,0.0
21243,0.0000,0.0000,0.0
21243,0.0000,0.0000,0.0
21243,0.0000,0.0000,0.0
21243,0.0000,0.0000,0.0
21243,0.0000,0.0000,0.0
21243,0.0000,0.0000,0.0
21243,0.0000,0.0000,0.0
21243,0.0000,0.0000,0.0
21243,0.0000,0.0000,0.0
21243,0.0000,0.0000,0.0
21243,0.0000,0.0000,0.0
21243,0.0000,0.0000,0.0
21243,0.0000,0.0000,0.0
21243,0.0000,0.0000,0.0
21243,0.0000,0.0000,0.0
21243,0.0000,0.0000,0.0
21243,0.0000,0.0000,0.0
21243,0.0000,0.0000,0.0
21243,0.0000,0.0000,0.0
21243,0.0000,0.0000,0.0
21243,0.0000,0.0000,0.0
21243,0.0000,0.0000,0.0
21243,0.0000,0.0000,0.0
21243,0.0000,0.0000,0.0
21243,0.0000,0.0000,0.0
21243,0.0000,0.0000,0.0
21243,0.0000,0.0000,0.0
21243,0.0000,0.0000,0.0
21243,0.0000,0.0000,0.0
21243,0.0000,0.0000,0.0
21243,0.0000,0.0000,0.0
21243,0.0000,0.0000,0.0
21243,0.0000,0.0000,0.0
21243,0.0000,0.0000,0.0
21243,0.0000,0.0000,0.0
21243,0.0000,0.0000,0.0
21243,0.0000,0.0000,0.0
21243,0.0000,0.0000,0.0
21243,0.0000,0.0000,0.0
21243,0.0000,0.0000,0.0
21243,0.0000,0.0000,0.0
21243,0.0000,0.0000,0.0
21243,0.0000,0.0000,0.0
21243,0.0000,0.0000,0.0
21243,0.0000,0.0000,0.0
21243,0.0000,0.0000,0.0
21243,0.0000,0.0000,0.0
21243,0.0000,0.0000,0.0
21243,0.0000,0.0000,0.0
21243,0.0000,0.0000,0.0
21243,0.0000,0.0000,0.0
21243,0.0000,0.0000,0.0
21243,0.0000,0.0000,0.0
21243,0.0000,0.0000,0.0
21243,0.0000,0.0000,0.0
21243,0.0000,0.0000,0.0
21243,0.0000,0.0000,0.0
21243,0.0000,0.0000,0.0
21243,0.0000,0.0000,0.0
21243,0.0000,0.0000,0.0
21243,0.0000,0.0000,0.0
21243,0.0000,0.0000,0.0
21243,0.0000,0.0000,0.0
21243,0.0000,0.0000,0.0
21243,0.0000,0.0000,0.0
21243,0.0000,0.0000,0.0
21243,0.0000,0.0000,0.0
21243,0.0000,0.0000,0.0
21243,0.0000,0.0000,0.0
21243,0.0000,0.0000,0.0
21243,0.0000,0.0000,0.0
21243,0.0000,0.0000,0.0
21243,0.0000,0.0000,0.0
21243,0.0000,0.0000,0.0
21243,0.0000,0.0000,0.0
21243,0.0000,0.0000,0.0
21243,0.0000,0.0000,0.0
21243,0.0000,0.0000,0.0
21243,0.0000,0.0000,0.0
21243,0.0000,0.0000,0.0
21243,0.0000,0.0000,0.0
21243,0.0000,0.0000,0.0
21243,0.0000,0.0000,0.0
21243,0.0000,0.0000,0.0
21243,0.0000,0.0000,0.0
21243,0.0000,0.0000,0.0
21243,0.0000,0.0000,0.0
21243,0.0000,0.0000,0.0
21243,0.0000,0.0000,0.0
21243,0.0000,0.0000,0.0
21243,0.0000,0.0000,0.0
21243,0.0000,0.0000,0.0
21243,0.0000,0.0000,0.0
21243,0.0000,0.0000,0.0
21243,0.0000,0.0000,0.0
21243,0.0000,0.0000,0.0
21243,0.0000,0.0000,0.0
21243,0.0000,0.0000,0.0
21243,0.0000,0.0000,0.0
21243,0.0000,0.0000,0.0
21243,0.0000,0.0000,0.0
21243,0.0000,0.0000,0.0
21243,0.0000,0.0000,0.0
21243,0.0000,0.0000,0.0
21243,0.0000,0.0000,0.0
21243,0.0000,0.0000,0.0
21243,0.0000,0.0000,0.0
21243,0.0000,0.0000,0.0
21243,0.0000,0.0000,0.0
21243,0.0000,0.0000,0.0
21243,0.0000,0.0000,0.0
21243,0.0000,0.0000,0.0
21243,0.0000,0.0000,0.0
21243,0.0000,0.0000,0.0
21243,0.0000,0.0000,0.0
21243,0.0000,0.0000,0.0
21243,0.0000,0.0000,0.0
21243,0.0000,0.0000,0.0
21243,0.0000,0.0000,0.0
21243,0.0000,0.0000,0.0
21243,0.0000,0.0000,0.0
21243,0.0000,0.0000,0.0
21243,0.0000,0.0000,0.0
21243,0.0000,0.0000,0.0
21243,0.0000,0.0000,0.0
21243,0.0000,0.0000,0.0
21243,0.0000,0.0000,0.0
21243,0.0000,0.0000,0.0
21243,0.0000,0.0000,0.0
21243,0.0000,0.0000,0.0
21243,0.0000,0.0000,0.0
21243,0.0000,0.0000,0.0
21243,0.0000,0.0000,0.0
21243,0.0000,0.0000,0.0
21243,0.0000,0.0000,0.0
21243,0.0000,0.0000,0.0
21243,0.0000,0.0000,0.0
21243,0.0000,0.0000,0.0
21243,0.0000,0.0000,0.0
21243,0.0000,0.0000,0.0
21243,0.0000,0.0000,0.0
21243,0.0000,0.0000,0.0
21243,0.0000,0.0000,0.0
21243,0.0000,0.0000,0.0
21243,0.0000,0.0000,0.0
21243,0.0000,0.0000,0.0
21243,0.0000,0.0000,0.0
21243,0.0000,0.0000,0.0
21243,0.0000,0.0000,0.0
21243,0.0000,0.0000,0.0
21243,0.0000,0.0000,0.0
21243,0.0000,0.0000,0.0
21243,0.0000,0.0000,0.0
21243,0.0000,0.0000,0.0
21243,0.0000,0.0000,0.0
21243,0.0000,0.0000,0.0
21243,0.0000,0.0000,0.0
21243,0.0000,0.0000,0.0
21243,0.0000,0.0000,0.0
21243,0.0000,0.0000,0.0
21243,0.0000,0.0000,0.0
21243,0.0000,0.0000,0.0
21243,0.0000,0.0000,0.0
21243,0.0000,0.0000,0.0
21243,0.0000,0.0000,0.0
21243,0.0000,0.0000,0.0
21243,0.0000,0.0000,0.0
21243,0.0000,0.0000,0.0
21243,0.0000,0.0000,0.0
21243,0.0000,0.0000,0.0
21243,0.0000,0.0000,0.0
21243,0.0000,0.0000,0.0
21243,0.0000,0.0000,0.0
21243,0.0000,0.0000,0.0
21243,0.0000,0.0000,0.0
21243,0.0000,0.0000,0.0
21243,0.0000,0.0000,0.0
21243,0.0000,0.0000,0.0
21243,0.0000,0.0000,0.0
21243,0.0000,0.0000,0.0
21243,0.0000,0.0000,0.0
21243,0.0000,0.0000,0.0
21243,0.0000,0.0000,0.0
21243,0.0000,0.0000,0.0
21243,0.0000,0.0000,0.0
21243,0.0000,0.0000,0.0
21243,0.0000,0.0000,0.0
21243,0.0000,0.0000,0.0
21243,0.0000,0.0000,0.0
21243,0.0000,0.0000,0.0
21243,0.0000,0.0000,0.0
21243,0.0000,0.0000,0.0
21243,0.0000,0.0000,0.0
21243,0.0000,0.0000,0.0
21243,0.0000,0.0000,0.0
21243,0.0000,0.0000,0.0
21243,0.0000,0.0000,0.0
21243,0.0000,0.0000,0.0
21243,0.0000,0.0000,0.0
21243,0.0000,0.0000,0.0
21243,0.0000,0.0000,0.0
21243,0.0000,0.0000,0.0
21243,0.0000,0.0000,0.0
21243,0.0000,0.0000,0.0
21243,0.0000,0.0000,0.0
21243,0.0000,0.0000,0.0
21243,0.0000,0.0000,0.0
21243,0.0000,0.0000,0.0
21243,0.0000,0.0000,0.0
21243,0.0000,0.0000,0.0
21243,0.0000,0.0000,0.0
21243,0.0000,0.0000,0.0
21243,0.0000,0.0000,0.0
21243,0.0000,0.0000,0.0
21243,0.0000,0.0000,0.0
21243,0.0000,0.0000,0.0
21243,0.0000,0.0000,0.0
21243,0.0000,0.0000,0.0
21243,0.0000,0.0000,0.0
21243,0.0000,0.0000,0.0
21243,0.0000,0.0000,0.0
21243,0.0000,0.0000,0.0
21243,0.0000,0.0000,0.0
21243,0.0000,0.0000,0.0
21243,0.0000,0.0000,0.0
21243,0.0000,0.0000,0.0
21243,0.0000,0.0000,0.0
21243,0.0000,0.0000,0.0
21243,0.0000,0.0000,0.0
21243,0.0000,0.0000,0.0
21243,0.0000,0.0000,0.0
21243,0.0000,0.0000,0.0
21243,0.0000,0.0000,0.0
21243,0.0000,0.0000,0.0
21243,0.0000,0.0000,0.0
21243,0.0000,0.0000,0.0
21243,0.0000,0.0000,0.0
21243,0.0000,0.0000,0.0
21243,0.0000,0.0000,0.0
21243,0.0000,0.0000,0.0
21243,0.0000,0.0000,0.0
21243,0.0000,0.0000,0.0
21243,0.0000,0.0000,0.0
21243,0.0000,0.0000,0.0
21243,0.0000,0.0000,0.0
21243,0.0000,0.0000,0.0
21243,0.0000,0.0000,0.0
21243,0.0000,0.0000,0.0
21243,0.0000,0.0000,0.0
21243,0.0000,0.0000,0.0
21243,0.0000,0.0000,0.0
21243,0.0000,0.0000,0.0
21243,0.0000,0.0000,0.0
21243,0.0000,0.0000,0.0
21243,0.0000,0.0000,0.0
21243,0.0000,0.0000,0.0
21243,0.0000,0.0000,0.0
21243,0.0000,0.0000,0.0
21243,0.0000,0.0000,0.0
21243,0.0000,0.0000,0.0
21243,0.0000,0.0000,0.0
21243,0.0000,0.0000,0.0
21243,0.0000,0.0000,0.0
21243,0.0000,0.0000,0.0
21243,0.0000,0.0000,0.0
21243,0.0000,0.0000,0.0
21243,0.0000,0.0000,0.0
21243,0.0000,0.0000,0.0
21243,0.0000,0.0000,0.0
21243,0.0000,0.0000,0.0
21243,0.0000,0.0000,0.0
21243,0.0000,0.0000,0.0
21243,0.0000,0.0000,0.0
21243,0.0000,0.0000,0.0
21243,0.0000,0.0000,0.0
21243,0.0000,0.0000,0.0
21243,0.0000,0.0000,0.0
21243,0.0000,0.0000,0.0
21243,0.0000,0.0000,0.0
21243,0.0000,0.0000,0.0
21243,0.0000,0.0000,0.0
21243,0.0000,0.0000,0.0
21243,0.0000,0.0000,0.0
21243,0.0000,0.0000,0.0
21243,0.0000,0.0000,0.0
21243,0.0000,0.0000,0.0
21243,0.0000,0.0000,0.0
21243,0.0000,0.0000,0.0
21243,0.0000,0.0000,0.0
21243,0.0000,0.0000,0.0
21243,0.0000,0.0000,0.0
21243,0.0000,0.0000,0.0
21243,0.0000,0.0000,0.0
21243,0.0000,0.0000,0.0
21243,0.0000,0.0000,0.0
21243,0.0000,0.0000,0.0
21243,0.0000,0.0000,0.0
21243,0.0000,0.0000,0.0
21243,0.0000,0.0000,0.0
21243,0.0000,0.0000,0.0
21243,0.0000,0.0000,0.0
21243,0.0000,0.0000,0.0
21243,0.0000,0.0000,0.0
21243,0.0000,0.0000,0.0
21243,0.0000,0.0000,0.0
21243,0.0000,0.0000,0.0
21243,0.0000,0.0000,0.0
21243,0.0000,0.0000,0.0
21243,0.0000,0.0000,0.0
21243,0.0000,0.0000,0.0
21243,0.0000,0.0000,0.0
21243,0.0000,0.0000,0.0
21243,0.0000,0.0000,0.0
21243,0.0000,0.0000,0.0
21243,0.0000,0.0000,0.0
21243,0.0000,0.0000,0.0
21243,0.0000,0.0000,0.0
21243,0.0000,0.0000,0.0
21243,0.0000,0.0000,0.0
21243,0.0000,0.0000,0.0
21243,0.0000,0.0000,0.0
21243,0.0000,0.0000,0.0
21243,0.0000,0.0000,0.0
21243,0.0000,0.0000,0.0
21243,0.0000,0.0000,0.0
21243,0.0000,0.0000,0.0
21243,0.0000,0.0000,0.0
21243,0.0000,0.0000,0.0
21243,0.0000,0.0000,0.0
21243,0.0000,0.0000,0.0
21243,0.0000,0.0000,0.0
21243,0.0000,0.0000,0.0
21243,0.0000,0.0000,0.0
21243,0.0000,0.0000,0.0
21243,0.0000,0.0000,0.0
21243,0.0000,0.0000,0.0
21243,0.0000,0.0000,0.0
21243,0.0000,0.0000,0.0
21243,0.0000,0.0000,0.0
21243,0.0000,0.0000,0.0
21243,0.0000,0.0000,0.0
21243,0.0000,0.0000,0.0
21243,0.0000,0.0000,0.0
21243,0.0000,0.0000,0.0
21243,0.0000,0.0000,0.0
21243,0.0000,0.0000,0.0
21243,0.0000,0.0000,0.0
21243,0.0000,0.0000,0.0
21243,0.0000,0.0000,0.0
21243,0.0000,0.0000,0.0
21243,0.0000,0.0000,0.0
21243,0.0000,0.0000,0.0
21243,0.0000,0.0000,0.0
21243,0.0000,0.0000,0.0
21243,0.0000,0.0000,0.0
21243,0.0000,0.0000,0.0
21243,0.0000,0.0000,0.0
21243,0.0000,0.0000,0.0
21243,0.0000,0.0000,0.0
21243,0.0000,0.0000,0.0
21243,0.0000,0.0000,0.0
21243,0.0000,0.0000,0.0
21243,0.0000,0.0000,0.0
21243,0.0000,0.0000,0.0
21243,0.0000,0.0000,0.0
21243,0.0000,0.0000,0.0
21243,0.0000,0.0000,0.0
21243,0.0000,0.0000,0.0
21243,0.0000,0.0000,0.0
21243,0.0000,0.0000,0.0
21243,0.0000,0.0000,0.0
21243,0.0000,0.0000,0.0
21243,0.0000,0.0000,0.0
21243,0.0000,0.0000,0.0
21243,0.0000,0.0000,0.0
21243,0.0000,0.0000,0.0
21243,0.0000,0.0000,0.0
21243,0.0000,0.0000,0.0
21243,0.0000,0.0000,0.0
21243,0.0000,0.0000,0.0
21243,0.0000,0.0000,0.0
21243,0.0000,0.0000,0.0
21243,0.0000,0.0000,0.0
21243,0.0000,0.0000,0.0
21243,0.0000,0.0000,0.0
21243,0.0000,0.0000,0.0
21243,0.0000,0.0000,0.0
21243,0.0000,0.0000,0.0
21243,0.0000,0.0000,0.0
21243,0.0000,0.0000,0.0
21243,0.0000,0.0000,0.0
21243,0.0000,0.0000,0.0
21243,0.0000,0.0000,0.0
21243,0.0000,0.0000,0.0
21243,0.0000,0.0000,0.0
21243,0.0000,0.0000,0.0
21243,0.0000,0.0000,0.0
21243,0.0000,0.0000,0.0
21243,0.0000,0.0000,0.0
21243,0.0000,0.0000,0.0
21243,0.0000,0.0000,0.0
21243,0.0000,0.0000,0.0
21243,0.0000,0.0000,0.0
21243,0.0000,0.0000,0.0
21243,0.0000,0.0000,0.0
21243,0.0000,0.0000,0.0
21243,0.0000,0.0000,0.0
21243,0.0000,0.0000,0.0
21243,0.0000,0.0000,0.0
21243,0.0000,0.0000,0.0
21243,0.0000,0.0000,0.0
21243,0.0000,0.0000,0.0
21243,0.0000,0.0000,0.0
21243,0.0000,0.0000,0.0
21243,0.0000,0.0000,0.0
21243,0.0000,0.0000,0.0
21243,0.0000,0.0000,0.0
21243,0.0000,0.0000,0.0
21243,0.0000,0.0000,0.0
21243,0.0000,0.0000,0.0
21243,0.0000,0.0000,0.0
21243,0.0000,0.0000,0.0
21243,0.0000,0.0000,0.0
21243,0.0000,0.0000,0.0
21243,0.0000,0.0000,0.0
21243,0.0000,0.0000,0.0
21243,0.0000,0.0000,0.0
21243,0.0000,0.0000,0.0
21243,0.0000,0.0000,0.0
21243,0.0000,0.0000,0.0
21243,0.0000,0.0000,0.0
21243,0.0000,0.0000,0.0
21243,0.0000,0.0000,0.0
21243,0.0000,0.0000,0.0
21243,0.0000,0.0000,0.0
21243,0.0000,0.0000,0.0
21243,0.0000,0.0000,0.0
21243,0.0000,0.0000,0.0
21243,0.0000,0.0000,0.0
21243,0.0000,0.0000,0.0
21243,0.0000,0.0000,0.0
21243,0.0000,0.0000,0.0
21243,0.0000,0.0000,0.0
21243,0.0000,0.0000,0.0
21243,0.0000,0.0000,0.0
21243,0.0000,0.0000,0.0
21243,0.0000,0.0000,0.0
21243,0.0000,0.0000,0.0
21243,0.0000,0.0000,0.0
21243,0.0000,0.0000,0.0
21243,0.0000,0.0000,0.0
21243,0.0000,0.0000,0.0
21243,0.0000,0.0000,0.0
21243,0.0000,0.0000,0.0
21243,0.0000,0.0000,0.0
21243,0.0000,0.0000,0.0
21243,0.0000,0.0000,0.0
21243,0.0000,0.0000,0.0
21243,0.0000,0.0000,0.0
21243,0.0000,0.0000,0.0
21243,0.0000,0.0000,0.0
21243,0.0000,0.0000,0.0
21243,0.0000,0.0000,0.0
21243,0.0000,0.0000,0.0
21243,0.0000,0.0000,0.0
21243,0.0000,0.0000,0.0
21243,0.0000,0.0000,0.0
21243,0.0000,0.0000,0.0
21243,0.0000,0.0000,0.0
21243,0.0000,0.0000,0.0
21243,0.0000,0.0000,0.0
21243,0.0000,0.0000,0.0
21243,0.0000,0.0000,0.0
21243,0.0000,0.0000,0.0
21243,0.0000,0.0000,0.0
21243,0.0000,0.0000,0.0
21243,0.0000,0.0000,0.0
21243,0.0000,0.0000,0.0
21243,0.0000,0.0000,0.0
21243,0.0000,0.0000,0.0
21243,0.0000,0.0000,0.0
21243,0.0000,0.0000,0.0
21243,0.0000,0.0000,0.0
21243,0.0000,0.0000,0.0
21243,0.0000,0.0000,0.0
21243,0.0000,0.0000,0.0
21243,0.0000,0.0000,0.0
21243,0.0000,0.0000,0.0
21243,0.0000,0.0000,0.0
21243,0.0000,0.0000,0.0
21243,0.0000,0.0000,0.0
21243,0.0000,0.0000,0.0
21243,0.0000,0.0000,0.0
21243,0.0000,0.0000,0.0
21243,0.0000,0.0000,0.0
21243,0.0000,0.0000,0.0
21243,0.0000,0.0000,0.0
21243,0.0000,0.0000,0.0
21243,0.0000,0.0000,0.0
21243,0.0000,0.0000,0.0
21243,0.0000,0.0000,0.0
21243,0.0000,0.0000,0.0
21243,0.0000,0.0000,0.0
21243,0.0000,0.0000,0.0
21243,0.0000,0.0000,0.0
21243,0.0000,0.0000,0.0
21243,0.0000,0.0000,0.0
21243,0.0000,0.0000,0.0
21243,0.0000,0.0000,0.0
21243,0.0000,0.0000,0.0
21243,0.0000,0.0000,0.0
21243,0.0000,0.0000,0.0
21243,0.0000,0.0000,0.0
21243,0.0000,0.0000,0.0
21243,0.0000,0.0000,0.0
21243,0.0000,0.0000,0.0
21243,0.0000,0.0000,0.0
21243,0.0000,0.0000,0.0
21243,0.0000,0.0000,0.0
21243,0.0000,0.0000,0.0
21243,0.0000,0.0000,0.0
21243,0.0000,0.0000,0.0
21243,0.0000,0.0000,0.0
21243,0.0000,0.0000,0.0
21243,0.0000,0.0000,0.0
21243,0.0000,0.0000,0.0
21243,0.0000,0.0000,0.0
21243,0.0000,0.0000,0.0
21243,0.0000,0.0000,0.0
21243,0.0000,0.0000,0.0
21243,0.0000,0.0000,0.0
21243,0.0000,0.0000,0.0
21243,0.0000,0.0000,0.0
21243,0.0000,0.0000,0.0
21243,0.0000,0.0000,0.0
21243,0.0000,0.0000,0.0
21243,0.0000,0.0000,0.0
21243,0.0000,0.0000,0.0
21243,0.0000,0.0000,0.0
21243,0.0000,0.0000,0.0
21243,0.0000,0.0000,0.0
21243,0.0000,0.0000,0.0
21243,0.0000,0.0000,0.0
21243,0.0000,0.0000,0.0
21243,0.0000,0.0000,0.0
21243,0.0000,0.0000,0.0
21243,0.0000,0.0000,0.0
21243,0.0000,0.0000,0.0
21243,0.0000,0.0000,0.0
21243,0.0000,0.0000,0.0
21243,0.0000,0.0000,0.0
21243,0.0000,0.0000,0.0
21243,0.0000,0.0000,0.0
21243,0.0000,0.0000,0.0
21243,0.0000,0.0000,0.0
21243,0.0000,0.0000,0.0
21243,0.0000,0.0000,0.0
21243,0.0000,0.0000,0.0
21243,0.0000,0.0000,0.0
21243,0.0000,0.0000,0.0
21243,0.0000,0.0000,0.0
21243,0.0000,0.0000,0.0
21243,0.0000,0.0000,0.0
21243,0.0000,0.0000,0.0
21243,0.0000,0.0000,0.0
21243,0.0000,0.0000,0.0
21243,0.0000,0.0000,0.0
21243,0.0000,0.0000,0.0
21243,0.0000,0.0000,0.0
21243,0.0000,0.0000,0.0
21243,0.0000,0.0000,0.0
21243,0.0000,0.0000,0.0
21243,0.0000,0.0000,0.0
21243,0.0000,0.0000,0.0
21243,0.0000,0.0000,0.0
21243,0.0000,0.0000,0.0
21243,0.0000,0.0000,0.0
21243,0.0000,0.0000,0.0
21243,0.0000,0.0000,0.0
21243,0.0000,0.0000,0.0
21243,0.0000,0.0000,0.0
21243,0.0000,0.0000,0.0
21243,0.0000,0.0000,0.0
21243,0.0000,0.0000,0.0
21243,0.0000,0.0000,0.0
21243,0.0000,0.0000,0.0
21243,0.0000,0.0000,0.0
21243,0.0000,0.0000,0.0
21243,0.0000,0.0000,0.0
21243,0.0000,0.0000,0.0
21243,0.0000,0.0000,0.0
21243,0.0000,0.0000,0.0
21243,0.0000,0.0000,0.0
21243,0.0000,0.0000,0.0
21243,0.0000,0.0000,0.0
21243,0.0000,0.0000,0.0
21243,0.0000,0.0000,0.0
21243,0.0000,0.0000,0.0
21243,0.0000,0.0000,0.0
21243,0.0000,0.0000,0.0
21243,0.0000,0.0000,0.0
21243,0.0000,0.0000,0.0
21243,0.0000,0.0000,0.0
21243,0.0000,0.0000,0.0
21243,0.0000,0.0000,0.0
21243,0.0000,0.0000,0.0
21243,0.0000,0.0000,0.0
21243,0.0000,0.0000,0.0
21243,0.0000,0.0000,0.0
21243,0.0000,0.0000,0.0
21243,0.0000,0.0000,0.0
21243,0.0000,0.0000,0.0
21243,0.0000,0.0000,0.0
21243,0.0000,0.0000,0.0
21243,0.0000,0.0000,0.0
21243,0.0000,0.0000,0.0
21243,0.0000,0.0000,0.0
21243,0.0000,0.0000,0.0
21243,0.0000,0.0000,0.0
21243,0.0000,0.0000,0.0
21243,0.0000,0.0000,0.0
21243,0.0000,0.0000,0.0
21243,0.0000,0.0000,0.0
21243,0.0000,0.0000,0.0
21243,0.0000,0.0000,0.0
21243,0.0000,0.0000,0.0
21243,0.0000,0.0000,0.0
21243,0.0000,0.0000,0.0
21243,0.0000,0.0000,0.0
21243,0.0000,0.0000,0.0
21243,0.0000,0.0000,0.0
21243,0.0000,0.0000,0.0
21243,0.0000,0.0000,0.0
21243,0.0000,0.0000,0.0
21243,0.0000,0.0000,0.0
21243,0.0000,0.0000,0.0
21243,0.0000,0.0000,0.0
21243,0.0000,0.0000,0.0
21243,0.0000,0.0000,0.0
21243,0.0000,0.0000,0.0
21243,0.0000,0.0000,0.0
21243,0.0000,0.0000,0.0
21243,0.0000,0.0000,0.0
21243,0.0000,0.0000,0.0
21243,0.0000,0.0000,0.0
21243,0.0000,0.0000,0.0
21243,0.0000,0.0000,0.0
21243,0.0000,0.0000,0.0
21243,0.0000,0.0000,0.0
21243,0.0000,0.0000,0.0
21243,0.0000,0.0000,0.0
21243,0.0000,0.0000,0.0
21243,0.0000,0.0000,0.0
21243,0.0000,0.0000,0.0
21243,0.0000,0.0000,0.0
21243,0.0000,0.0000,0.0
21243,0.0000,0.0000,0.0
21243,0.0000,0.0000,0.0
21243,0.0000,0.0000,0.0
21243,0.0000,0.0000,0.0
21243,0.0000,0.0000,0.0
21243,0.0000,0.0000,0.0
21243,0.0000,0.0000,0.0
21243,0.0000,0.0000,0.0
21243,0.0000,0.0000,0.0
21243,0.0000,0.0000,0.0
21243,0.0000,0.0000,0.0
21243,0.0000,0.0000,0.0
21243,0.0000,0.0000,0.0
21243,0.0000,0.0000,0.0
21243,0.0000,0.0000,0.0
21243,0.0000,0.0000,0.0
21243,0.0000,0.0000,0.0
21243,0.0000,0.0000,0.0
21243,0.0000,0.0000,0.0
21243,0.0000,0.0000,0.0
21243,0.0000,0.0000,0.0
21243,0.0000,0.0000,0.0
21243,0.0000,0.0000,0.0
21243,0.0000,0.0000,0.0
21243,0.0000,0.0000,0.0
21243,0.0000,0.0000,0.0
21243,0.0000,0.0000,0.0
21243,0.0000,0.0000,0.0
21243,0.0000,0.0000,0.0
21243,0.0000,0.0000,0.0
21243,0.0000,0.0000,0.0
21243,0.0000,0.0000,0.0
21243,0.0000,0.0000,0.0
21243,0.0000,0.0000,0.0
21243,0.0000,0.0000,0.0
21243,0.0000,0.0000,0.0
21243,0.0000,0.0000,0.0
21243,0.0000,0.0000,0.0
21243,0.0000,0.0000,0.0
21243,0.0000,0.0000,0.0
21243,0.0000,0.0000,0.0
21243,0.0000,0.0000,0.0
21243,0.0000,0.0000,0.0
21243,0.0000,0.0000,0.0
21243,0.0000,0.0000,0.0
21243,0.0000,0.0000,0.0
21243,0.0000,0.0000,0.0
21243,0.0000,0.0000,0.0
21243,0.0000,0.0000,0.0
21243,0.0000,0.0000,0.0
21243,0.0000,0.0000,0.0
21243,0.0000,0.0000,0.0
21243,0.0000,0.0000,0.0
21243,0.0000,0.0000,0.0
21243,0.0000,0.0000,0.0
21243,0.0000,0.0000,0.0
21243,0.0000,0.0000,0.0
21243,0.0000,0.0000,0.0
21243,0.0000,0.0000,0.0
21243,0.0000,0.0000,0.0
21243,0.0000,0.0000,0.0
21243,0.0000,0.0000,0.0
21243,0.0000,0.0000,0.0
21243,0.0000,0.0000,0.0
21243,0.0000,0.0000,0.0
21243,0.0000,0.0000,0.0
21243,0.0000,0.0000,0.0
21243,0.0000,0.0000,0.0
21243,0.0000,0.0000,0.0
21243,0.0000,0.0000,0.0
21243,0.0000,0.0000,0.0
21243,0.0000,0.0000,0.0
21243,0.0000,0.0000,0.0
21243,0.0000,0.0000,0.0
21243,0.0000,0.0000,0.0
21243,0.0000,0.0000,0.0
21243,0.0000,0.0000,0.0
21243,0.0000,0.0000,0.0
21243,0.0000,0.0000,0.0
21243,0.0000,0.0000,0.0
21243,0.0000,0.0000,0.0
21243,0.0000,0.0000,0.0
21243,0.0000,0.0000,0.0
21243,0.0000,0.0000,0.0
21243,0.0000,0.0000,0.0
21243,0.0000,0.0000,0.0
21243,0.0000,0.0000,0.0
21243,0.0000,0.0000,0.0
21243,0.0000,0.0000,0.0
21243,0.0000,0.0000,0.0
21243,0.0000,0.0000,0.0
21243,0.0000,0.0000,0.0
21243,0.0000,0.0000,0.0
21243,0.0000,0.0000,0.0
21243,0.0000,0.0000,0.0
21243,0.0000,0.0000,0.0
21243,0.0000,0.0000,0.0
21243,0.0000,0.0000,0.0
21243,0.0000,0.0000,0.0
21243,0.0000,0.0000,0.0
21243,0.0000,0.0000,0.0
21243,0.0000,0.0000,0.0
21243,0.0000,0.0000,0.0
21243,0.0000,0.0000,0.0
21243,0.0000,0.0000,0.0
21243,0.0000,0.0000,0.0
21243,0.0000,0.0000,0.0
21243,0.0000,0.0000,0.0
21243,0.0000,0.0000,0.0
21243,0.0000,0.0000,0.0
21243,0.0000,0.0000,0.0
21243,0.0000,0.0000,0.0
21243,0.0000,0.0000,0.0
21243,0.0000,0.0000,0.0
21243,0.0000,0.0000,0.0
21243,0.0000,0.0000,0.0
21243,0.0000,0.0000,0.0
21243,0.0000,0.0000,0.0
21243,0.0000,0.0000,0.0
21243,0.0000,0.0000,0.0
21243,0.0000,0.0000,0.0
21243,0.0000,0.0000,0.0
21243,0.0000,0.0000,0.0
21243,0.0000,0.0000,0.0
21243,0.0000,0.0000,0.0
21243,0.0000,0.0000,0.0
21243,0.0000,0.0000,0.0
21243,0.0000,0.0000,0.0
21243,0.0000,0.0000,0.0
21243,0.0000,0.0000,0.0
21243,0.0000,0.0000,0.0
21243,0.0000,0.0000,0.0
21243,0.0000,0.0000,0.0
21243,0.0000,0.0000,0.0
21243,0.0000,0.0000,0.0
21243,0.0000,0.0000,0.0
21243,0.0000,0.0000,0.0
21243,0.0000,0.0000,0.0
21243,0.0000,0.0000,0.0
21243,0.0000,0.0000,0.0
21243,0.0000,0.0000,0.0
21243,0.0000,0.0000,0.0
21243,0.0000,0.0000,0.0
21243,0.0000,0.0000,0.0
21243,0.0000,0.0000,0.0
21243,0.0000,0.0000,0.0
21243,0.0000,0.0000,0.0
21243,0.0000,0.0000,0.0
21243,0.0000,0.0000,0.0
21243,0.0000,0.0000,0.0
21243,0.0000,0.0000,0.0
21243,0.0000,0.0000,0.0
21243,0.0000,0.0000,0.0
21243,0.0000,0.0000,0.0
21243,0.0000,0.0000,0.0
21243,0.0000,0.0000,0.0
21243,0.0000,0.0000,0.0
21243,0.0000,0.0000,0.0
21243,0.0000,0.0000,0.0
21243,0.0000,0.0000,0.0
21243,0.0000,0.0000,0.0
21243,0.0000,0.0000,0.0
21243,0.0000,0.0000,0.0
21243,0.0000,0.0000,0.0
21243,0.0000,0.0000,0.0
21243,0.0000,0.0000,0.0
21243,0.0000,0.0000,0.0
21243,0.0000,0.0000,0.0
21243,0.0000,0.0000,0.0
21243,0.0000,0.0000,0.0
21243,0.0000,0.0000,0.0
21243,0.0000,0.0000,0.0
21243,0.0000,0.0000,0.0
21243,0.0000,0.0000,0.0
21243,0.0000,0.0000,0.0
21243,0.0000,0.0000,0.0
21243,0.0000,0.0000,0.0
21243,0.0000,0.0000,0.0
21243,0.0000,0.0000,0.0
21243,0.0000,0.0000,0.0
21243,0.0000,0.0000,0.0
21243,0.0000,0.0000,0.0
21243,0.0000,0.0000,0.0
21243,0.0000,0.0000,0.0
21243,0.0000,0.0000,0.0
21243,0.0000,0.0000,0.0
21243,0.0000,0.0000,0.0
21243,0.0000,0.0000,0.0
21243,0.0000,0.0000,0.0
21243,0.0000,0.0000,0.0
21243,0.0000,0.0000,0.0
21243,0.0000,0.0000,0.0
21243,0.0000,0.0000,0.0
21243,0.0000,0.0000,0.0
21243,0.0000,0.0000,0.0
21243,0.0000,0.0000,0.0
21243,0.0000,0.0000,0.0
21243,0.0000,0.0000,0.0
21243,0.0000,0.0000,0.0
21243,0.0000,0.0000,0.0
21243,0.0000,0.0000,0.0
21243,0.0000,0.0000,0.0
21243,0.0000,0.0000,0.0
21243,0.0000,0.0000,0.0
21243,0.0000,0.0000,0.0
21243,0.0000,0.0000,0.0
21243,0.0000,0.0000,0.0
21243,0.0000,0.0000,0.0
21243,0.0000,0.0000,0.0
21243,0.0000,0.0000,0.0
21243,0.0000,0.0000,0.0
21243,0.0000,0.0000,0.0
21243,0.0000,0.0000,0.0
21243,0.0000,0.0000,0.0
21243,0.0000,0.0000,0.0
21243,0.0000,0.0000,0.0
21243,0.0000,0.0000,0.0
21243,0.0000,0.0000,0.0
21243,0.0000,0.0000,0.0
21243,0.0000,0.0000,0.0
21243,0.0000,0.0000,0.0
21243,0.0000,0.0000,0.0
21243,0.0000,0.0000,0.0
21243,0.0000,0.0000,0.0
21243,0.0000,0.0000,0.0
21243,0.0000,0.0000,0.0
21243,0.0000,0.0000,0.0
21243,0.0000,0.0000,0.0
21243,0.0000,0.0000,0.0
21243,0.0000,0.0000,0.0
21243,0.0000,0.0000,0.0
21243,0.0000,0.0000,0.0
21243,0.0000,0.0000,0.0
21243,0.0000,0.0000,0.0
21243,0.0000,0.0000,0.0
21243,0.0000,0.0000,0.0
21243,0.0000,0.0000,0.0
21243,0.0000,0.0000,0.0
21243,0.0000,0.0000,0.0
21243,0.0000,0.0000,0.0
21243,0.0000,0.0000,0.0
21243,0.0000,0.0000,0.0
21243,0.0000,0.0000,0.0
21243,0.0000,0.0000,0.0
21243,0.0000,0.0000,0.0
21243,0.0000,0.0000,0.0
21243,0.0000,0.0000,0.0
21243,0.0000,0.0000,0.0
21243,0.0000,0.0000,0.0
21243,0.0000,0.0000,0.0
21243,0.0000,0.0000,0.0
21243,0.0000,0.0000,0.0
21243,0.0000,0.0000,0.0
21243,0.0000,0.0000,0.0
21243,0.0000,0.0000,0.0
21243,0.0000,0.0000,0.0
21243,0.0000,0.0000,0.0
21243,0.0000,0.0000,0.0
21243,0.0000,0.0000,0.0
21243,0.0000,0.0000,0.0
21243,0.0000,0.0000,0.0
21243,0.0000,0.0000,0.0
21243,0.0000,0.0000,0.0
21243,0.0000,0.0000,0.0
21243,0.0000,0.0000,0.0
21243,0.0000,0.0000,0.0
21243,0.0000,0.0000,0.0
21243,0.0000,0.0000,0.0
21243,0.0000,0.0000,0.0
21243,0.0000,0.0000,0.0
21243,0.0000,0.0000,0.0
21243,0.0000,0.0000,0.0
21243,0.0000,0.0000,0.0
21243,0.0000,0.0000,0.0
21243,0.0000,0.0000,0.0
21243,0.0000,0.0000,0.0
21243,0.0000,0.0000,0.0
21243,0.0000,0.0000,0.0
21243,0.0000,0.0000,0.0
21243,0.0000,0.0000,0.0
21243,0.0000,0.0000,0.0
21243,0.0000,0.0000,0.0
21243,0.0000,0.0000,0.0
21243,0.0000,0.0000,0.0
21243,0.0000,0.0000,0.0
21243,0.0000,0.0000,0.0
21243,0.0000,0.0000,0.0
21243,0.0000,0.0000,0.0
21243,0.0000,0.0000,0.0
21243,0.0000,0.0000,0.0
21243,0.0000,0.0000,0.0
21243,0.0000,0.0000,0.0
21243,0.0000,0.0000,0.0
21243,0.0000,0.0000,0.0
21243,0.0000,0.0000,0.0
21243,0.0000,0.0000,0.0
21243,0.0000,0.0000,0.0
21243,0.0000,0.0000,0.0
21243,0.0000,0.0000,0.0
21243,0.0000,0.0000,0.0
21243,0.0000,0.0000,0.0
21243,0.0000,0.0000,0.0
21243,0.0000,0.0000,0.0
21243,0.0000,0.0000,0.0
21243,0.0000,0.0000,0.0
21243,0.0000,0.0000,0.0
21243,0.0000,0.0000,0.0
21243,0.0000,0.0000,0.0
21243,0.0000,0.0000,0.0
21243,0.0000,0.0000,0.0
21243,0.0000,0.0000,0.0
21243,0.0000,0.0000,0.0
21243,0.0000,0.0000,0.0
21243,0.0000,0.0000,0.0
21243,0.0000,0.0000,0.0
21243,0.0000,0.0000,0.0
21243,0.0000,0.0000,0.0
21243,0.0000,0.0000,0.0
21243,0.0000,0.0000,0.0
21243,0.0000,0.0000,0.0
21243,0.0000,0.0000,0.0
21243,0.0000,0.0000,0.0
21243,0.0000,0.0000,0.0
21243,0.0000,0.0000,0.0
21243,0.0000,0.0000,0.0
21243,0.0000,0.0000,0.0
21243,0.0000,0.0000,0.0
21243,0.0000,0.0000,0.0
21243,0.0000,0.0000,0.0
21243,0.0000,0.0000,0.0
21243,0.0000,0.0000,0.0
21243,0.0000,0.0000,0.0
21243,0.0000,0.0000,0.0
21243,0.0000,0.0000,0.0
21243,0.0000,0.0000,0.0
21243,0.0000,0.0000,0.0
21243,0.0000,0.0000,0.0
21243,0.0000,0.0000,0.0
21243,0.0000,0.0000,0.0
21243,0.0000,0.0000,0.0
21243,0.0000,0.0000,0.0
21243,0.0000,0.0000,0.0
21243,0.0000,0.0000,0.0
21243,0.0000,0.0000,0.0
21243,0.0000,0.0000,0.0
21243,0.0000,0.0000,0.0
21243,0.0000,0.0000,0.0
21243,0.0000,0.0000,0.0
21243,0.0000,0.0000,0.0
21243,0.0000,0.0000,0.0
21243,0.0000,0.0000,0.0
21243,0.0000,0.0000,0.0
21243,0.0000,0.0000,0.0
21243,0.0000,0.0000,0.0
21243,0.0000,0.0000,0.0
21243,0.0000,0.0000,0.0
21243,0.0000,0.0000,0.0
21243,0.0000,0.0000,0.0
21243,0.0000,0.0000,0.0
21243,0.0000,0.0000,0.0
21243,0.0000,0.0000,0.0
21243,0.0000,0.0000,0.0
21243,0.0000,0.0000,0.0
21243,0.0000,0.0000,0.0
21243,0.0000,0.0000,0.0
21243,0.0000,0.0000,0.0
21243,0.0000,0.0000,0.0
21243,0.0000,0.0000,0.0
21243,0.0000,0.0000,0.0
21243,0.0000,0.0000,0.0
21243,0.0000,0.0000,0.0
21243,0.0000,0.0000,0.0
21243,0.0000,0.0000,0.0
21243,0.0000,0.0000,0.0
21243,0.0000,0.0000,0.0
21243,0.0000,0.0000,0.0
21243,0.0000,0.0000,0.0
21243,0.0000,0.0000,0.0
21243,0.0000,0.0000,0.0
21243,0.0000,0.0000,0.0
21243,0.0000,0.0000,0.0
21243,0.0000,0.0000,0.0
21243,0.0000,0.0000,0.0
21243,0.0000,0.0000,0.0
21243,0.0000,0.0000,0.0
21243,0.0000,0.0000,0.0
21243,0.0000,0.0000,0.0
21243,0.0000,0.0000,0.0
21243,0.0000,0.0000,0.0
21243,0.0000,0.0000,0.0
21243,0.0000,0.0000,0.0
21243,0.0000,0.0000,0.0
21243,0.0000,0.0000,0.0
21243,0.0000,0.0000,0.0
21243,0.0000,0.0000,0.0
21243,0.0000,0.0000,0.0
21243,0.0000,0.0000,0.0
21243,0.0000,0.0000,0.0
21243,0.0000,0.0000,0.0
21243,0.0000,0.0000,0.0
21243,0.0000,0.0000,0.0
21243,0.0000,0.0000,0.0
21243,0.0000,0.0000,0.0
21243,0.0000,0.0000,0.0
21243,0.0000,0.0000,0.0
21243,0.0000,0.0000,0.0
21243,0.0000,0.0000,0.0
21243,0.0000,0.0000,0.0
21243,0.0000,0.0000,0.0
21243,0.0000,0.0000,0.0
21243,0.0000,0.0000,0.0
21243,0.0000,0.0000,0.0
21243,0.0000,0.0000,0.0
21243,0.0000,0.0000,0.0
21243,0.0000,0.0000,0.0
21243,0.0000,0.0000,0.0
21243,0.0000,0.0000,0.0
21243,0.0000,0.0000,0.0
21243,0.0000,0.0000,0.0
21243,0.0000,0.0000,0.0
21243,0.0000,0.0000,0.0
21243,0.0000,0.0000,0.0
21243,0.0000,0.0000,0.0
21243,0.0000,0.0000,0.0
21243,0.0000,0.0000,0.0
21243,0.0000,0.0000,0.0
21243,0.0000,0.0000,0.0
21243,0.0000,0.0000,0.0
21243,0.0000,0.0000,0.0
21243,0.0000,0.0000,0.0
21243,0.0000,0.0000,0.0
21243,0.0000,0.0000,0.0
21243,0.0000,0.0000,0.0
21243,0.0000,0.0000,0.0
21243,0.0000,0.0000,0.0
21243,0.0000,0.0000,0.0
21243,0.0000,0.0000,0.0
21243,0.0000,0.0000,0.0
21243,0.0000,0.0000,0.0
21243,0.0000,0.0000,0.0
21243,0.0000,0.0000,0.0
21243,0.0000,0.0000,0.0
21243,0.0000,0.0000,0.0
21243,0.0000,0.0000,0.0
21243,0.0000,0.0000,0.0
21243,0.0000,0.0000,0.0
21243,0.0000,0.0000,0.0
21243,0.0000,0.0000,0.0
21243,0.0000,0.0000,0.0
21243,0.0000,0.0000,0.0
21243,0.0000,0.0000,0.0
21243,0.0000,0.0000,0.0
21243,0.0000,0.0000,0.0
21243,0.0000,0.0000,0.0
21243,0.0000,0.0000,0.0
21243,0.0000,0.0000,0.0
21243,0.0000,0.0000,0.0
21243,0.0000,0.0000,0.0
21243,0.0000,0.0000,0.0
21243,0.0000,0.0000,0.0
21243,0.0000,0.0000,0.0
21243,0.0000,0.0000,0.0
21243,0.0000,0.0000,0.0
21243,0.0000,0.0000,0.0
21243,0.0000,0.0000,0.0
21243,0.0000,0.0000,0.0
21243,0.0000,0.0000,0.0
21243,0.0000,0.0000,0.0
21243,0.0000,0.0000,0.0
21243,0.0000,0.0000,0.0
21243,0.0000,0.0000,0.0
21243,0.0000,0.0000,0.0
21243,0.0000,0.0000,0.0
21243,0.0000,0.0000,0.0
21243,0.0000,0.0000,0.0
21243,0.0000,0.0000,0.0
21243,0.0000,0.0000,0.0
21243,0.0000,0.0000,0.0
21243,0.0000,0.0000,0.0
21243,0.0000,0.0000,0.0
21243,0.0000,0.0000,0.0
21243,0.0000,0.0000,0.0
21243,0.0000,0.0000,0.0
21243,0.0000,0.0000,0.0
21243,0.0000,0.0000,0.0
21243,0.0000,0.0000,0.0
21243,0.0000,0.0000,0.0
21243,0.0000,0.0000,0.0
21243,0.0000,0.0000,0.0
21243,0.0000,0.0000,0.0
21243,0.0000,0.0000,0.0
21243,0.0000,0.0000,0.0
21243,0.0000,0.0000,0.0
21243,0.0000,0.0000,0.0
21243,0.0000,0.0000,0.0
21243,0.0000,0.0000,0.0
21243,0.0000,0.0000,0.0
21243,0.0000,0.0000,0.0
21243,0.0000,0.0000,0.0
21243,0.0000,0.0000,0.0
21243,0.0000,0.0000,0.0
21243,0.0000,0.0000,0.0
21243,0.0000,0.0000,0.0
21243,0.0000,0.0000,0.0
21243,0.0000,0.0000,0.0
21243,0.0000,0.0000,0.0
21243,0.0000,0.0000,0.0
21243,0.0000,0.0000,0.0
21243,0.0000,0.0000,0.0
21243,0.0000,0.0000,0.0
21243,0.0000,0.0000,0.0
21243,0.0000,0.0000,0.0
21243,0.0000,0.0000,0.0
21243,0.0000,0.0000,0.0
21243,0.0000,0.0000,0.0
21243,0.0000,0.0000,0.0
21243,0.0000,0.0000,0.0
21243,0.0000,0.0000,0.0
21243,0.0000,0.0000,0.0
21243,0.0000,0.0000,0.0
21243,0.0000,0.0000,0.0
21243,0.0000,0.0000,0.0
21243,0.0000,0.0000,0.0
21243,0.0000,0.0000,0.0
21243,0.0000,0.0000,0.0
21243,0.0000,0.0000,0.0
21243,0.0000,0.0000,0.0
21243,0.0000,0.0000,0.0
21243,0.0000,0.0000,0.0
21243,0.0000,0.0000,0.0
21243,0.0000,0.0000,0.0
21243,0.0000,0.0000,0.0
21243,0.0000,0.0000,0.0
21243,0.0000,0.0000,0.0
21243,0.0000,0.0000,0.0
21243,0.0000,0.0000,0.0
21243,0.0000,0.0000,0.0
21243,0.0000,0.0000,0.0
21243,0.0000,0.0000,0.0
21243,0.0000,0.0000,0.0
21243,0.0000,0.0000,0.0
21243,0.0000,0.0000,0.0
21243,0.0000,0.0000,0.0
21243,0.0000,0.0000,0.0
21243,0.0000,0.0000,0.0
21243,0.0000,0.0000,0.0
21243,0.0000,0.0000,0.0
21243,0.0000,0.0000,0.0
21243,0.0000,0.0000,0.0
21243,0.0000,0.0000,0.0
21243,0.0000,0.0000,0.0
21243,0.0000,0.0000,0.0
21243,0.0000,0.0000,0.0
21243,0.0000,0.0000,0.0
21243,0.0000,0.0000,0.0
21243,0.0000,0.0000,0.0
21243,0.0000,0.0000,0.0
21243,0.0000,0.0000,0.0
21243,0.0000,0.0000,0.0
21243,0.0000,0.0000,0.0
21243,0.0000,0.0000,0.0
21243,0.0000,0.0000,0.0
21243,0.0000,0.0000,0.0
21243,0.0000,0.0000,0.0
21243,0.0000,0.0000,0.0
21243,0.0000,0.0000,0.0
21243,0.0000,0.0000,0.0
21243,0.0000,0.0000,0.0
21243,0.0000,0.0000,0.0
21243,0.0000,0.0000,0.0
21243,0.0000,0.0000,0.0
21243,0.0000,0.0000,0.0
21243,0.0000,0.0000,0.0
21243,0.0000,0.0000,0.0
21243,0.0000,0.0000,0.0
21243,0.0000,0.0000,0.0
21243,0.0000,0.0000,0.0
21243,0.0000,0.0000,0.0
21243,0.0000,0.0000,0.0
21243,0.0000,0.0000,0.0
21243,0.0000,0.0000,0.0
21243,0.0000,0.0000,0.0
21243,0.0000,0.0000,0.0
21243,0.0000,0.0000,0.0
21243,0.0000,0.0000,0.0
21243,0.0000,0.0000,0.0
21243,0.0000,0.0000,0.0
21243,0.0000,0.0000,0.0
21243,0.0000,0.0000,0.0
21243,0.0000,0.0000,0.0
21243,0.0000,0.0000,0.0
21243,0.0000,0.0000,0.0
21243,0.0000,0.0000,0.0
21243,0.0000,0.0000,0.0
21243,0.0000,0.0000,0.0
21243,0.0000,0.0000,0.0
21243,0.0000,0.0000,0.0
21243,0.0000,0.0000,0.0
21243,0.0000,0.0000,0.0
21243,0.0000,0.0000,0.0
21243,0.0000,0.0000,0.0
21243,0.0000,0.0000,0.0
21243,0.0000,0.0000,0.0
21243,0.0000,0.0000,0.0
21243,0.0000,0.0000,0.0
21243,0.0000,0.0000,0.0
21243,0.0000,0.0000,0.0
21243,0.0000,0.0000,0.0
21243,0.0000,0.0000,0.0
21243,0.0000,0.0000,0.0
21243,0.0000,0.0000,0.0
21243,0.0000,0.0000,0.0
21243,0.0000,0.0000,0.0
21243,0.0000,0.0000,0.0
21243,0.0000,0.0000,0.0
21243,0.0000,0.0000,0.0
21243,0.0000,0.0000,0.0
21243,0.0000,0.0000,0.0
21243,0.0000,0.0000,0.0
21243,0.0000,0.0000,0.0
21243,0.0000,0.0000,0.0
21243,0.0000,0.0000,0.0
21243,0.0000,0.0000,0.0
21243,0.0000,0.0000,0.0
21243,0.0000,0.0000,0.0
21243,0.0000,0.0000,0.0
21243,0.0000,0.0000,0.0
21243,0.0000,0.0000,0.0
21243,0.0000,0.0000,0.0
21243,0.0000,0.0000,0.0
21243,0.0000,0.0000,0.0
21243,0.0000,0.0000,0.0
21243,0.0000,0.0000,0.0
21243,0.0000,0.0000,0.0
21243,0.0000,0.0000,0.0
21243,0.0000,0.0000,0.0
21243,0.0000,0.0000,0.0
21243,0.0000,0.0000,0.0
21243,0.0000,0.0000,0.0
21243,0.0000,0.0000,0.0
21243,0.0000,0.0000,0.0
21243,0.0000,0.0000,0.0
21243,0.0000,0.0000,0.0
21243,0.0000,0.0000,0.0
21243,0.0000,0.0000,0.0
21243,0.0000,0.0000,0.0
21243,0.0000,0.0000,0.0
21243,0.0000,0.0000,0.0
21243,0.0000,0.0000,0.0
21243,0.0000,0.0000,0.0
21243,0.0000,0.0000,0.0
21243,0.0000,0.0000,0.0
21243,0.0000,0.0000,0.0
21243,0.0000,0.0000,0.0
21243,0.0000,0.0000,0.0
21243,0.0000,0.0000,0.0
21243,0.0000,0.0000,0.0
21243,0.0000,0.0000,0.0
21243,0.0000,0.0000,0.0
21243,0.0000,0.0000,0.0
21243,0.0000,0.0000,0.0
21243,0.0000,0.0000,0.0
21243,0.0000,0.0000,0.0
21243,0.0000,0.0000,0.0
21243,0.0000,0.0000,0.0
21243,0.0000,0.0000,0.0
21243,0.0000,0.0000,0.0
21243,0.0000,0.0000,0.0
21243,0.0000,0.0000,0.0
21243,0.0000,0.0000,0.0
21243,0.0000,0.0000,0.0
21243,0.0000,0.0000,0.0
21243,0.0000,0.0000,0.0
21243,0.0000,0.0000,0.0
21243,0.0000,0.0000,0.0
21243,0.0000,0.0000,0.0
21243,0.0000,0.0000,0.0
21243,0.0000,0.0000,0.0
21243,0.0000,0.0000,0.0
21243,0.0000,0.0000,0.0
21243,0.0000,0.0000,0.0
21243,0.0000,0.0000,0.0
21243,0.0000,0.0000,0.0
21243,0.0000,0.0000,0.0
21243,0.0000,0.0000,0.0
21243,0.0000,0.0000,0.0
21243,0.0000,0.0000,0.0
21243,0.0000,0.0000,0.0
21243,0.0000,0.0000,0.0
21243,0.0000,0.0000,0.0
21243,0.0000,0.0000,0.0
21243,0.0000,0.0000,0.0
21243,0.0000,0.0000,0.0
21243,0.0000,0.0000,0.0
21243,0.0000,0.0000,0.0
21243,0.0000,0.0000,0.0
21243,0.0000,0.0000,0.0
21243,0.0000,0.0000,0.0
21243,0.0000,0.0000,0.0
21243,0.0000,0.0000,0.0
21243,0.0000,0.0000,0.0
21243,0.0000,0.0000,0.0
21243,0.0000,0.0000,0.0
21243,0.0000,0.0000,0.0
21243,0.0000,0.0000,0.0
21243,0.0000,0.0000,0.0
21243,0.0000,0.0000,0.0
21243,0.0000,0.0000,0.0
21243,0.0000,0.0000,0.0
21243,0.0000,0.0000,0.0
21243,0.0000,0.0000,0.0
21243,0.0000,0.0000,0.0
21243,0.0000,0.0000,0.0
21243,0.0000,0.0000,0.0
21243,0.0000,0.0000,0.0
21243,0.0000,0.0000,0.0
21243,0.0000,0.0000,0.0
21243,0.0000,0.0000,0.0
21243,0.0000,0.0000,0.0
21243,0.0000,0.0000,0.0
21243,0.0000,0.0000,0.0
21243,0.0000,0.0000,0.0
21243,0.0000,0.0000,0.0
21243,0.0000,0.0000,0.0
21243,0.0000,0.0000,0.0
21243,0.0000,0.0000,0.0
21243,0.0000,0.0000,0.0
21243,0.0000,0.0000,0.0
21243,0.0000,0.0000,0.0
21243,0.0000,0.0000,0.0
21243,0.0000,0.0000,0.0
21243,0.0000,0.0000,0.0
21243,0.0000,0.0000,0.0
21243,0.0000,0.0000,0.0
21243,0.0000,0.0000,0.0
21243,0.0000,0.0000,0.0
21243,0.0000,0.0000,0.0
21243,0.0000,0.0000,0.0
21243,0.0000,0.0000,0.0
21243,0.0000,0.0000,0.0
21243,0.0000,0.0000,0.0
21243,0.0000,0.0000,0.0
21243,0.0000,0.0000,0.0
21243,0.0000,0.0000,0.0
21243,0.0000,0.0000,0.0
21243,0.0000,0.0000,0.0
21243,0.0000,0.0000,0.0
21243,0.0000,0.0000,0.0
21243,0.0000,0.0000,0.0
21243,0.0000,0.0000,0.0
21243,0.0000,0.0000,0.0
21243,0.0000,0.0000,0.0
21243,0.0000,0.0000,0.0
21243,0.0000,0.0000,0.0
21243,0.0000,0.0000,0.0
21243,0.0000,0.0000,0.0
21243,0.0000,0.0000,0.0
21243,0.0000,0.0000,0.0
21243,0.0000,0.0000,0.0
21243,0.0000,0.0000,0.0
21243,0.0000,0.0000,0.0
21243,0.0000,0.0000,0.0
21243,0.0000,0.0000,0.0
21243,0.0000,0.0000,0.0
21243,0.0000,0.0000,0.0
21243,0.0000,0.0000,0.0
21243,0.0000,0.0000,0.0
21243,0.0000,0.0000,0.0
21243,0.0000,0.0000,0.0
21243,0.0000,0.0000,0.0
21243,0.0000,0.0000,0.0
21243,0.0000,0.0000,0.0
21243,0.0000,0.0000,0.0
21243,0.0000,0.0000,0.0
21243,0.0000,0.0000,0.0
21243,0.0000,0.0000,0.0
21243,0.0000,0.0000,0.0
21243,0.0000,0.0000,0.0
21243,0.0000,0.0000,0.0
21243,0.0000,0.0000,0.0
21243,0.0000,0.0000,0.0
21243,0.0000,0.0000,0.0
21243,0.0000,0.0000,0.0
21243,0.0000,0.0000,0.0
21243,0.0000,0.0000,0.0
21243,0.0000,0.0000,0.0
21243,0.0000,0.0000,0.0
21243,0.0000,0.0000,0.0
21243,0.0000,0.0000,0.0
21243,0.0000,0.0000,0.0
21243,0.0000,0.0000,0.0
21243,0.0000,0.0000,0.0
21243,0.0000,0.0000,0.0
21243,0.0000,0.0000,0.0
21243,0.0000,0.0000,0.0
21243,0.0000,0.0000,0.0
21243,0.0000,0.0000,0.0
21243,0.0000,0.0000,0.0
21243,0.0000,0.0000,0.0
21243,0.0000,0.0000,0.0
21243,0.0000,0.0000,0.0
21243,0.0000,0.0000,0.0
21243,0.0000,0.0000,0.0
21243,0.0000,0.0000,0.0
21243,0.0000,0.0000,0.0
21243,0.0000,0.0000,0.0
21243,0.0000,0.0000,0.0
21243,0.0000,0.0000,0.0
21243,0.0000,0.0000,0.0
21243,0.0000,0.0000,0.0
21243,0.0000,0.0000,0.0
21243,0.0000,0.0000,0.0
21243,0.0000,0.0000,0.0
21243,0.0000,0.0000,0.0
21243,0.0000,0.0000,0.0
21243,0.0000,0.0000,0.0
21243,0.0000,0.0000,0.0
21243,0.0000,0.0000,0.0
21243,0.0000,0.0000,0.0
21243,0.0000,0.0000,0.0
21243,0.0000,0.0000,0.0
21243,0.0000,0.0000,0.0
21243,0.0000,0.0000,0.0
21243,0.0000,0.0000,0.0
21243,0.0000,0.0000,0.0
21243,0.0000,0.0000,0.0
21243,0.0000,0.0000,0.0
21243,0.0000,0.0000,0.0
21243,0.0000,0.0000,0.0
21243,0.0000,0.0000,0.0
21243,0.0000,0.0000,0.0
21243,0.0000,0.0000,0.0
21243,0.0000,0.0000,0.0
21243,0.0000,0.0000,0.0
21243,0.0000,0.0000,0.0
21243,0.0000,0.0000,0.0
21243,0.0000,0.0000,0.0
21243,0.0000,0.0000,0.0
21243,0.0000,0.0000,0.0
21243,0.0000,0.0000,0.0
21243,0.0000,0.0000,0.0
21243,0.0000,0.0000,0.0
21243,0.0000,0.0000,0.0
21243,0.0000,0.0000,0.0
21243,0.0000,0.0000,0.0
21243,0.0000,0.0000,0.0
21243,0.0000,0.0000,0.0
21243,0.0000,0.0000,0.0
21243,0.0000,0.0000,0.0
21243,0.0000,0.0000,0.0
21243,0.0000,0.0000,0.0
21243,0.0000,0.0000,0.0
21243,0.0000,0.0000,0.0
21243,0.0000,0.0000,0.0
21243,0.0000,0.0000,0.0
21243,0.0000,0.0000,0.0
21243,0.0000,0.0000,0.0
21243,0.0000,0.0000,0.0
21243,0.0000,0.0000,0.0
21243,0.0000,0.0000,0.0
21243,0.0000,0.0000,0.0
21243,0.0000,0.0000,0.0
21243,0.0000,0.0000,0.0
21243,0.0000,0.0000,0.0
21243,0.0000,0.0000,0.0
21243,0.0000,0.0000,0.0
21243,0.0000,0.0000,0.0
21243,0.0000,0.0000,0.0
21243,0.0000,0.0000,0.0
21243,0.0000,0.0000,0.0
21243,0.0000,0.0000,0.0
21243,0.0000,0.0000,0.0
21243,0.0000,0.0000,0.0
21243,0.0000,0.0000,0.0
21243,0.0000,0.0000,0.0
21243,0.0000,0.0000,0.0
21243,0.0000,0.0000,0.0
21243,0.0000,0.0000,0.0
21243,0.0000,0.0000,0.0
21243,0.0000,0.0000,0.0
21243,0.0000,0.0000,0.0
21243,0.0000,0.0000,0.0
21243,0.0000,0.0000,0.0
21243,0.0000,0.0000,0.0
21243,0.0000,0.0000,0.0
21243,0.0000,0.0000,0.0
21243,0.0000,0.0000,0.0
21243,0.0000,0.0000,0.0
21243,0.0000,0.0000,0.0
21243,0.0000,0.0000,0.0
21243,0.0000,0.0000,0.0
21243,0.0000,0.0000,0.0
21243,0.0000,0.0000,0.0
21243,0.0000,0.0000,0.0
21243,0.0000,0.0000,0.0
21243,0.0000,0.0000,0.0
21243,0.0000,0.0000,0.0
21243,0.0000,0.0000,0.0
21243,0.0000,0.0000,0.0
21243,0.0000,0.0000,0.0
21243,0.0000,0.0000,0.0
21243,0.0000,0.0000,0.0
21243,0.0000,0.0000,0.0
21243,0.0000,0.0000,0.0
21243,0.0000,0.0000,0.0
21243,0.0000,0.0000,0.0
21243,0.0000,0.0000,0.0
21243,0.0000,0.0000,0.0
21243,0.0000,0.0000,0.0
21243,0.0000,0.0000,0.0
21243,0.0000,0.0000,0.0
21243,0.0000,0.0000,0.0
21243,0.0000,0.0000,0.0
21243,0.0000,0.0000,0.0
21243,0.0000,0.0000,0.0
21243,0.0000,0.0000,0.0
21243,0.0000,0.0000,0.0
21243,0.0000,0.0000,0.0
21243,0.0000,0.0000,0.0
21243,0.0000,0.0000,0.0
21243,0.0000,0.0000,0.0
21243,0.0000,0.0000,0.0
21243,0.0000,0.0000,0.0
21243,0.0000,0.0000,0.0
21243,0.0000,0.0000,0.0
21243,0.0000,0.0000,0.0
21243,0.0000,0.0000,0.0
21243,0.0000,0.0000,0.0
21243,0.0000,0.0000,0.0
21243,0.0000,0.0000,0.0
21243,0.0000,0.0000,0.0
21243,0.0000,0.0000,0.0
21243,0.0000,0.0000,0.0
21243,0.0000,0.0000,0.0
21243,0.0000,0.0000,0.0
21243,0.0000,0.0000,0.0
21243,0.0000,0.0000,0.0
21243,0.0000,0.0000,0.0
21243,0.0000,0.0000,0.0
21243,0.0000,0.0000,0.0
21243,0.0000,0.0000,0.0
21243,0.0000,0.0000,0.0
21243,0.0000,0.0000,0.0
21243,0.0000,0.0000,0.0
21243,0.0000,0.0000,0.0
21243,0.0000,0.0000,0.0
21243,0.0000,0.0000,0.0
21243,0.0000,0.0000,0.0
21243,0.0000,0.0000,0.0
21243,0.0000,0.0000,0.0
21243,0.0000,0.0000,0.0
21243,0.0000,0.0000,0.0
21243,0.0000,0.0000,0.0
21243,0.0000,0.0000,0.0
21243,0.0000,0.0000,0.0
21243,0.0000,0.0000,0.0
21243,0.0000,0.0000,0.0
21243,0.0000,0.0000,0.0
21243,0.0000,0.0000,0.0
21243,0.0000,0.0000,0.0
21243,0.0000,0.0000,0.0
21243,0.0000,0.0000,0.0
21243,0.0000,0.0000,0.0
21243,0.0000,0.0000,0.0
21243,0.0000,0.0000,0.0
21243,0.0000,0.0000,0.0
21243,0.0000,0.0000,0.0
21243,0.0000,0.0000,0.0
21243,0.0000,0.0000,0.0
21243,0.0000,0.0000,0.0
21243,0.0000,0.0000,0.0
21243,0.0000,0.0000,0.0
21243,0.0000,0.0000,0.0
21243,0.0000,0.0000,0.0
21243,0.0000,0.0000,0.0
21243,0.0000,0.0000,0.0
21243,0.0000,0.0000,0.0
21243,0.0000,0.0000,0.0
21243,0.0000,0.0000,0.0
21243,0.0000,0.0000,0.0
21243,0.0000,0.0000,0.0
21243,0.0000,0.0000,0.0
21243,0.0000,0.0000,0.0
21243,0.0000,0.0000,0.0
21243,0.0000,0.0000,0.0
21243,0.0000,0.0000,0.0
21243,0.0000,0.0000,0.0
21243,0.0000,0.0000,0.0
21243,0.0000,0.0000,0.0
21243,0.0000,0.0000,0.0
21243,0.0000,0.0000,0.0
21243,0.0000,0.0000,0.0
21243,0.0000,0.0000,0.0
21243,0.0000,0.0000,0.0
21243,0.0000,0.0000,0.0
21243,0.0000,0.0000,0.0
21243,0.0000,0.0000,0.0
21243,0.0000,0.0000,0.0
21243,0.0000,0.0000,0.0
21243,0.0000,0.0000,0.0
21243,0.0000,0.0000,0.0
21243,0.0000,0.0000,0.0
21243,0.0000,0.0000,0.0
21243,0.0000,0.0000,0.0
21243,0.0000,0.0000,0.0
21243,0.0000,0.0000,0.0
21243,0.0000,0.0000,0.0
21243,0.0000,0.0000,0.0
21243,0.0000,0.0000,0.0
21243,0.0000,0.0000,0.0
21243,0.0000,0.0000,0.0
21243,0.0000,0.0000,0.0
21243,0.0000,0.0000,0.0
21243,0.0000,0.0000,0.0
21243,0.0000,0.0000,0.0
21243,0.0000,0.0000,0.0
21243,0.0000,0.0000,0.0
21243,0.0000,0.0000,0.0
21243,0.0000,0.0000,0.0
21243,0.0000,0.0000,0.0
21243,0.0000,0.0000,0.0
21243,0.0000,0.0000,0.0
21243,0.0000,0.0000,0.0
21243,0.0000,0.0000,0.0
21243,0.0000,0.0000,0.0
21243,0.0000,0.0000,0.0
21243,0.0000,0.0000,0.0
21243,0.0000,0.0000,0.0
21243,0.0000,0.0000,0.0
21243,0.0000,0.0000,0.0
21243,0.0000,0.0000,0.0
21243,0.0000,0.0000,0.0
21243,0.0000,0.0000,0.0
21243,0.0000,0.0000,0.0
21243,0.0000,0.0000,0.0
21243,0.0000,0.0000,0.0
21243,0.0000,0.0000,0.0
21243,0.0000,0.0000,0.0
21243,0.0000,0.0000,0.0
21243,0.0000,0.0000,0.0
21243,0.0000,0.0000,0.0
21243,0.0000,0.0000,0.0
21243,0.0000,0.0000,0.0
21243,0.0000,0.0000,0.0
21243,0.0000,0.0000,0.0
21243,0.0000,0.0000,0.0
21243,0.0000,0.0000,0.0
21243,0.0000,0.0000,0.0
21243,0.0000,0.0000,0.0
21243,0.0000,0.0000,0.0
21243,0.0000,0.0000,0.0
21243,0.0000,0.0000,0.0
21243,0.0000,0.0000,0.0
21243,0.0000,0.0000,0.0
21243,0.0000,0.0000,0.0
21243,0.0000,0.0000,0.0
21243,0.0000,0.0000,0.0
21243,0.0000,0.0000,0.0
21243,0.0000,0.0000,0.0
21243,0.0000,0.0000,0.0
21243,0.0000,0.0000,0.0
21243,0.0000,0.0000,0.0
21243,0.0000,0.0000,0.0
21243,0.0000,0.0000,0.0
21243,0.0000,0.0000,0.0
21243,0.0000,0.0000,0.0
21243,0.0000,0.0000,0.0
21243,0.0000,0.0000,0.0
21243,0.0000,0.0000,0.0
21243,0.0000,0.0000,0.0
21243,0.0000,0.0000,0.0
21243,0.0000,0.0000,0.0
21243,0.0000,0.0000,0.0
21243,0.0000,0.0000,0.0
21243,0.0000,0.0000,0.0
21243,0.0000,0.0000,0.0
21243,0.0000,0.0000,0.0
21243,0.0000,0.0000,0.0
21243,0.0000,0.0000,0.0
21243,0.0000,0.0000,0.0
21243,0.0000,0.0000,0.0
21243,0.0000,0.0000,0.0
21243,0.0000,0.0000,0.0
21243,0.0000,0.0000,0.0
21243,0.0000,0.0000,0.0
21243,0.0000,0.0000,0.0
21243,0.0000,0.0000,0.0
21243,0.0000,0.0000,0.0
21243,0.0000,0.0000,0.0
21243,0.0000,0.0000,0.0
21243,0.0000,0.0000,0.0
21243,0.0000,0.0000,0.0
21243,0.0000,0.0000,0.0
21243,0.0000,0.0000,0.0
21243,0.0000,0.0000,0.0
21243,0.0000,0.0000,0.0
21243,0.0000,0.0000,0.0
21243,0.0000,0.0000,0.0
21243,0.0000,0.0000,0.0
21243,0.0000,0.0000,0.0
21243,0.0000,0.0000,0.0
21243,0.0000,0.0000,0.0
21243,0.0000,0.0000,0.0
21243,0.0000,0.0000,0.0
21243,0.0000,0.0000,0.0
21243,0.0000,0.0000,0.0
21243,0.0000,0.0000,0.0
21243,0.0000,0.0000,0.0
21243,0.0000,0.0000,0.0
21243,0.0000,0.0000,0.0
21243,0.0000,0.0000,0.0
21243,0.0000,0.0000,0.0
21243,0.0000,0.0000,0.0
21243,0.0000,0.0000,0.0
21243,0.0000,0.0000,0.0
21243,0.0000,0.0000,0.0
21243,0.0000,0.0000,0.0
21243,0.0000,0.0000,0.0
21243,0.0000,0.0000,0.0
21243,0.0000,0.0000,0.0
21243,0.0000,0.0000,0.0
21243,0.0000,0.0000,0.0
21243,0.0000,0.0000,0.0
21243,0.0000,0.0000,0.0
21243,0.0000,0.0000,0.0
21243,0.0000,0.0000,0.0
21243,0.0000,0.0000,0.0
21243,0.0000,0.0000,0.0
21243,0.0000,0.0000,0.0
21243,0.0000,0.0000,0.0
21243,0.0000,0.0000,0.0
21243,0.0000,0.0000,0.0
21243,0.0000,0.0000,0.0
21243,0.0000,0.0000,0.0
21243,0.0000,0.0000,0.0
21243,0.0000,0.0000,0.0
21243,0.0000,0.0000,0.0
21243,0.0000,0.0000,0.0
21243,0.0000,0.0000,0.0
21243,0.0000,0.0000,0.0
21243,0.0000,0.0000,0.0
21243,0.0000,0.0000,0.0
21243,0.0000,0.0000,0.0
21243,0.0000,0.0000,0.0
21243,0.0000,0.0000,0.0
21243,0.0000,0.0000,0.0
21243,0.0000,0.0000,0.0
21243,0.0000,0.0000,0.0
21243,0.0000,0.0000,0.0
21243,0.0000,0.0000,0.0
21243,0.0000,0.0000,0.0
21243,0.0000,0.0000,0.0
21243,0.0000,0.0000,0.0
21243,0.0000,0.0000,0.0
21243,0.0000,0.0000,0.0
21243,0.0000,0.0000,0.0
21243,0.0000,0.0000,0.0
21243,0.0000,0.0000,0.0
21243,0.0000,0.0000,0.0
21243,0.0000,0.0000,0.0
21243,0.0000,0.0000,0.0
21243,0.0000,0.0000,0.0
21243,0.0000,0.0000,0.0
21243,0.0000,0.0000,0.0
21243,0.0000,0.0000,0.0
21243,0.0000,0.0000,0.0
21243,0.0000,0.0000,0.0
21243,0.0000,0.0000,0.0
21243,0.0000,0.0000,0.0
21243,0.0000,0.0000,0.0
21243,0.0000,0.0000,0.0
21243,0.0000,0.0000,0.0
21243,0.0000,0.0000,0.0
21243,0.0000,0.0000,0.0
21243,0.0000,0.0000,0.0
21243,0.0000,0.0000,0.0
21243,0.0000,0.0000,0.0
21243,0.0000,0.0000,0.0
21243,0.0000,0.0000,0.0
21243,0.0000,0.0000,0.0
21243,0.0000,0.0000,0.0
21243,0.0000,0.0000,0.0
21243,0.0000,0.0000,0.0
21243,0.0000,0.0000,0.0
21243,0.0000,0.0000,0.0
21243,0.0000,0.0000,0.0
21243,0.0000,0.0000,0.0
21243,0.0000,0.0000,0.0
21243,0.0000,0.0000,0.0
21243,0.0000,0.0000,0.0
21243,0.0000,0.0000,0.0
21243,0.0000,0.0000,0.0
21243,0.0000,0.0000,0.0
21243,0.0000,0.0000,0.0
21243,0.0000,0.0000,0.0
21243,0.0000,0.0000,0.0
21243,0.0000,0.0000,0.0
21243,0.0000,0.0000,0.0
21243,0.0000,0.0000,0.0
21243,0.0000,0.0000,0.0
21243,0.0000,0.0000,0.0
21243,0.0000,0.0000,0.0
21243,0.0000,0.0000,0.0
21243,0.0000,0.0000,0.0
21243,0.0000,0.0000,0.0
21243,0.0000,0.0000,0.0
21243,0.0000,0.0000,0.0
21243,0.0000,0.0000,0.0
21243,0.0000,0.0000,0.0
21243,0.0000,0.0000,0.0
21243,0.0000,0.0000,0.0
21243,0.0000,0.0000,0.0
21243,0.0000,0.0000,0.0
21243,0.0000,0.0000,0.0
21243,0.0000,0.0000,0.0
21243,0.0000,0.0000,0.0
21243,0.0000,0.0000,0.0
21243,0.0000,0.0000,0.0
21243,0.0000,0.0000,0.0
21243,0.0000,0.0000,0.0
21243,0.0000,0.0000,0.0
21243,0.0000,0.0000,0.0
21243,0.0000,0.0000,0.0
21243,0.0000,0.0000,0.0
21243,0.0000,0.0000,0.0
21243,0.0000,0.0000,0.0
21243,0.0000,0.0000,0.0
21243,0.0000,0.0000,0.0
21243,0.0000,0.0000,0.0
21243,0.0000,0.0000,0.0
21243,0.0000,0.0000,0.0
21243,0.0000,0.0000,0.0
21243,0.0000,0.0000,0.0
21243,0.0000,0.0000,0.0
21243,0.0000,0.0000,0.0
21243,0.0000,0.0000,0.0
21243,0.0000,0.0000,0.0
21243,0.0000,0.0000,0.0
21243,0.0000,0.0000,0.0
21243,0.0000,0.0000,0.0
21243,0.0000,0.0000,0.0
21243,0.0000,0.0000,0.0
21243,0.0000,0.0000,0.0
21243,0.0000,0.0000,0.0
21243,0.0000,0.0000,0.0
21243,0.0000,0.0000,0.0
21243,0.0000,0.0000,0.0
21243,0.0000,0.0000,0.0
21243,0.0000,0.0000,0.0
21243,0.0000,0.0000,0.0
21243,0.0000,0.0000,0.0
21243,0.0000,0.0000,0.0
21243,0.0000,0.0000,0.0
21243,0.0000,0.0000,0.0
21243,0.0000,0.0000,0.0
21243,0.0000,0.0000,0.0
21243,0.0000,0.0000,0.0
21243,0.0000,0.0000,0.0
21243,0.0000,0.0000,0.0
21243,0.0000,0.0000,0.0
21243,0.0000,0.0000,0.0
21243,0.0000,0.0000,0.0
21243,0.0000,0.0000,0.0
21243,0.0000,0.0000,0.0
21243,0.0000,0.0000,0.0
21243,0.0000,0.0000,0.0
21243,0.0000,0.0000,0.0
21243,0.0000,0.0000,0.0
21243,0.0000,0.0000,0.0
21243,0.0000,0.0000,0.0
21243,0.0000,0.0000,0.0
21243,0.0000,0.0000,0.0
21243,0.0000,0.0000,0.0
21243,0.0000,0.0000,0.0
21243,0.0000,0.0000,0.0
21243,0.0000,0.0000,0.0
21243,0.0000,0.0000,0.0
21243,0.0000,0.0000,0.0
21243,0.0000,0.0000,0.0
21243,0.0000,0.0000,0.0
21243,0.0000,0.0000,0.0
21243,0.0000,0.0000,0.0
21243,0.0000,0.0000,0.0
21243,0.0000,0.0000,0.0
21243,0.0000,0.0000,0.0
21243,0.0000,0.0000,0.0
21243,0.0000,0.0000,0.0
21243,0.0000,0.0000,0.0
21243,0.0000,0.0000,0.0
21243,0.0000,0.0000,0.0
21243,0.0000,0.0000,0.0
21243,0.0000,0.0000,0.0
21243,0.0000,0.0000,0.0
21243,0.0000,0.0000,0.0
21243,0.0000,0.0000,0.0
21243,0.0000,0.0000,0.0
21243,0.0000,0.0000,0.0
21243,0.0000,0.0000,0.0
21243,0.0000,0.0000,0.0
21243,0.0000,0.0000,0.0
21243,0.0000,0.0000,0.0
21243,0.0000,0.0000,0.0
21243,0.0000,0.0000,0.0
21243,0.0000,0.0000,0.0
21243,0.0000,0.0000,0.0
21243,0.0000,0.0000,0.0
21243,0.0000,0.0000,0.0
21243,0.0000,0.0000,0.0
21243,0.0000,0.0000,0.0
21243,0.0000,0.0000,0.0
21243,0.0000,0.0000,0.0
21243,0.0000,0.0000,0.0
21243,0.0000,0.0000,0.0
21243,0.0000,0.0000,0.0
21243,0.0000,0.0000,0.0
21243,0.0000,0.0000,0.0
21243,0.0000,0.0000,0.0
21243,0.0000,0.0000,0.0
21243,0.0000,0.0000,0.0
21243,0.0000,0.0000,0.0
21243,0.0000,0.0000,0.0
21243,0.0000,0.0000,0.0
21243,0.0000,0.0000,0.0
21243,0.0000,0.0000,0.0
21243,0.0000,0.0000,0.0
21243,0.0000,0.0000,0.0
21243,0.0000,0.0000,0.0
21243,0.0000,0.0000,0.0
21243,0.0000,0.0000,0.0
21243,0.0000,0.0000,0.0
21243,0.0000,0.0000,0.0
21243,0.0000,0.0000,0.0
21243,0.0000,0.0000,0.0
21243,0.0000,0.0000,0.0
21243,0.0000,0.0000,0.0
21243,0.0000,0.0000,0.0
21243,0.0000,0.0000,0.0
21243,0.0000,0.0000,0.0
21243,0.0000,0.0000,0.0
21243,0.0000,0.0000,0.0
21243,0.0000,0.0000,0.0
21243,0.0000,0.0000,0.0
21243,0.0000,0.0000,0.0
21243,0.0000,0.0000,0.0
21243,0.0000,0.0000,0.0
21243,0.0000,0.0000,0.0
21243,0.0000,0.0000,0.0
21243,0.0000,0.0000,0.0
21243,0.0000,0.0000,0.0
21243,0.0000,0.0000,0.0
21243,0.0000,0.0000,0.0
21243,0.0000,0.0000,0.0
21243,0.0000,0.0000,0.0
21243,0.0000,0.0000,0.0
21243,0.0000,0.0000,0.0
21243,0.0000,0.0000,0.0
21243,0.0000,0.0000,0.0
21243,0.0000,0.0000,0.0
21243,0.0000,0.0000,0.0
21243,0.0000,0.0000,0.0
21243,0.0000,0.0000,0.0
21243,0.0000,0.0000,0.0
21243,0.0000,0.0000,0.0
21243,0.0000,0.0000,0.0
21243,0.0000,0.0000,0.0
21243,0.0000,0.0000,0.0
21243,0.0000,0.0000,0.0
21243,0.0000,0.0000,0.0
21243,0.0000,0.0000,0.0
21243,0.0000,0.0000,0.0
21243,0.0000,0.0000,0.0
21243,0.0000,0.0000,0.0
21243,0.0000,0.0000,0.0
21243,0.0000,0.0000,0.0
21243,0.0000,0.0000,0.0
21243,0.0000,0.0000,0.0
21243,0.0000,0.0000,0.0
21243,0.0000,0.0000,0.0
21243,0.0000,0.0000,0.0
21243,0.0000,0.0000,0.0
21243,0.0000,0.0000,0.0
21243,0.0000,0.0000,0.0
21243,0.0000,0.0000,0.0
21243,0.0000,0.0000,0.0
21243,0.0000,0.0000,0.0
21243,0.0000,0.0000,0.0
21243,0.0000,0.0000,0.0
21243,0.0000,0.0000,0.0
21243,0.0000,0.0000,0.0
21243,0.0000,0.0000,0.0
21243,0.0000,0.0000,0.0
21243,0.0000,0.0000,0.0
21243,0.0000,0.0000,0.0
21243,0.0000,0.0000,0.0
21243,0.0000,0.0000,0.0
21243,0.0000,0.0000,0.0
21243,0.0000,0.0000,0.0
21243,0.0000,0.0000,0.0
21243,0.0000,0.0000,0.0
21243,0.0000,0.0000,0.0
21243,0.0000,0.0000,0.0
21243,0.0000,0.0000,0.0
21243,0.0000,0.0000,0.0
21243,0.0000,0.0000,0.0
21243,0.0000,0.0000,0.0
21243,0.0000,0.0000,0.0
21243,0.0000,0.0000,0.0
21243,0.0000,0.0000,0.0
21243,0.0000,0.0000,0.0
21243,0.0000,0.0000,0.0
21243,0.0000,0.0000,0.0
21243,0.0000,0.0000,0.0
21243,0.0000,0.0000,0.0
21243,0.0000,0.0000,0.0
21243,0.0000,0.0000,0.0
21243,0.0000,0.0000,0.0
21243,0.0000,0.0000,0.0
21243,0.0000,0.0000,0.0
21243,0.0000,0.0000,0.0
21243,0.0000,0.0000,0.0
21243,0.0000,0.0000,0.0
21243,0.0000,0.0000,0.0
21243,0.0000,0.0000,0.0
21243,0.0000,0.0000,0.0
21243,0.0000,0.0000,0.0
21243,0.0000,0.0000,0.0
21243,0.0000,0.0000,0.0
21243,0.0000,0.0000,0.0
21243,0.0000,0.0000,0.0
21243,0.0000,0.0000,0.0
21243,0.0000,0.0000,0.0
21243,0.0000,0.0000,0.0
21243,0.0000,0.0000,0.0
21243,0.0000,0.0000,0.0
21243,0.0000,0.0000,0.0
21243,0.0000,0.0000,0.0
21243,0.0000,0.0000,0.0
21243,0.0000,0.0000,0.0
21243,0.0000,0.0000,0.0
21243,0.0000,0.0000,0.0
21243,0.0000,0.0000,0.0
21243,0.0000,0.0000,0.0
21243,0.0000,0.0000,0.0
21243,0.0000,0.0000,0.0
21243,0.0000,0.0000,0.0
21243,0.0000,0.0000,0.0
21243,0.0000,0.0000,0.0
21243,0.0000,0.0000,0.0
21243,0.0000,0.0000,0.0
21243,0.0000,0.0000,0.0
21243,0.0000,0.0000,0.0
21243,0.0000,0.0000,0.0
21243,0.0000,0.0000,0.0
21243,0.0000,0.0000,0.0
21243,0.0000,0.0000,0.0
21243,0.0000,0.0000,0.0
21243,0.0000,0.0000,0.0
21243,0.0000,0.0000,0.0
21243,0.0000,0.0000,0.0
21243,0.0000,0.0000,0.0
21243,0.0000,0.0000,0.0
21243,0.0000,0.0000,0.0
21243,0.0000,0.0000,0.0
21243,0.0000,0.0000,0.0
21243,0.0000,0.0000,0.0
21243,0.0000,0.0000,0.0
21243,0.0000,0.0000,0.0
21243,0.0000,0.0000,0.0
21243,0.0000,0.0000,0.0
21243,0.0000,0.0000,0.0
21243,0.0000,0.0000,0.0
21243,0.0000,0.0000,0.0
21243,0.0000,0.0000,0.0
21243,0.0000,0.0000,0.0
21243,0.0000,0.0000,0.0
21243,0.0000,0.0000,0.0
21243,0.0000,0.0000,0.0
21243,0.0000,0.0000,0.0
21243,0.0000,0.0000,0.0
21243,0.0000,0.0000,0.0
21243,0.0000,0.0000,0.0
21243,0.0000,0.0000,0.0
21243,0.0000,0.0000,0.0
21243,0.0000,0.0000,0.0
21243,0.0000,0.0000,0.0
21243,0.0000,0.0000,0.0
21243,0.0000,0.0000,0.0
21243,0.0000,0.0000,0.0
21243,0.0000,0.0000,0.0
21243,0.0000,0.0000,0.0
21243,0.0000,0.0000,0.0
21243,0.0000,0.0000,0.0
21243,0.0000,0.0000,0.0
21243,0.0000,0.0000,0.0
21243,0.0000,0.0000,0.0
21243,0.0000,0.0000,0.0
21243,0.0000,0.0000,0.0
21243,0.0000,0.0000,0.0
21243,0.0000,0.0000,0.0
21243,0.0000,0.0000,0.0
21243,0.0000,0.0000,0.0
21243,0.0000,0.0000,0.0
21243,0.0000,0.0000,0.0
21243,0.0000,0.0000,0.0
21243,0.0000,0.0000,0.0
21243,0.0000,0.0000,0.0
21243,0.0000,0.0000,0.0
21243,0.0000,0.0000,0.0
21243,0.0000,0.0000,0.0
21243,0.0000,0.0000,0.0
21243,0.0000,0.0000,0.0
21243,0.0000,0.0000,0.0
21243,0.0000,0.0000,0.0
21243,0.0000,0.0000,0.0
21243,0.0000,0.0000,0.0
21243,0.0000,0.0000,0.0
21243,0.0000,0.0000,0.0
21243,0.0000,0.0000,0.0
21243,0.0000,0.0000,0.0
21243,0.0000,0.0000,0.0
21243,0.0000,0.0000,0.0
21243,0.0000,0.0000,0.0
21243,0.0000,0.0000,0.0
21243,0.0000,0.0000,0.0
21243,0.0000,0.0000,0.0
21243,0.0000,0.0000,0.0
21243,0.0000,0.0000,0.0
21243,0.0000,0.0000,0.0
21243,0.0000,0.0000,0.0
21243,0.0000,0.0000,0.0
21243,0.0000,0.0000,0.0
21243,0.0000,0.0000,0.0
21243,0.0000,0.0000,0.0
21243,0.0000,0.0000,0.0
21243,0.0000,0.0000,0.0
21243,0.0000,0.0000,0.0
21243,0.0000,0.0000,0.0
21243,0.0000,0.0000,0.0
21243,0.0000,0.0000,0.0
21243,0.0000,0.0000,0.0
21243,0.0000,0.0000,0.0
21243,0.0000,0.0000,0.0
21243,0.0000,0.0000,0.0
21243,0.0000,0.0000,0.0
21243,0.0000,0.0000,0.0
21243,0.0000,0.0000,0.0
21243,0.0000,0.0000,0.0
21243,0.0000,0.0000,0.0
21243,0.0000,0.0000,0.0
21243,0.0000,0.0000,0.0
21243,0.0000,0.0000,0.0
21243,0.0000,0.0000,0.0
21243,0.0000,0.0000,0.0
21243,0.0000,0.0000,0.0
21243,0.0000,0.0000,0.0
21243,0.0000,0.0000,0.0
21243,0.0000,0.0000,0.0
21243,0.0000,0.0000,0.0
21243,0.0000,0.0000,0.0
21243,0.0000,0.0000,0.0
21243,0.0000,0.0000,0.0
21243,0.0000,0.0000,0.0
21243,0.0000,0.0000,0.0
21243,0.0000,0.0000,0.0
21243,0.0000,0.0000,0.0
21243,0.0000,0.0000,0.0
21243,0.0000,0.0000,0.0
21243,0.0000,0.0000,0.0
21243,0.0000,0.0000,0.0
21243,0.0000,0.0000,0.0
21243,0.0000,0.0000,0.0
21243,0.0000,0.0000,0.0
21243,0.0000,0.0000,0.0
21243,0.0000,0.0000,0.0
21243,0.0000,0.0000,0.0
21243,0.0000,0.0000,0.0
21243,0.0000,0.0000,0.0
21243,0.0000,0.0000,0.0
21243,0.0000,0.0000,0.0
21243,0.0000,0.0000,0.0
21243,0.0000,0.0000,0.0
21243,0.0000,0.0000,0.0
21243,0.0000,0.0000,0.0
21243,0.0000,0.0000,0.0
21243,0.0000,0.0000,0.0
21243,0.0000,0.0000,0.0
21243,0.0000,0.0000,0.0
21243,0.0000,0.0000,0.0
21243,0.0000,0.0000,0.0
21243,0.0000,0.0000,0.0
21243,0.0000,0.0000,0.0
21243,0.0000,0.0000,0.0
21243,0.0000,0.0000,0.0
21243,0.0000,0.0000,0.0
21243,0.0000,0.0000,0.0
21243,0.0000,0.0000,0.0
21243,0.0000,0.0000,0.0
21243,0.0000,0.0000,0.0
21243,0.0000,0.0000,0.0
21243,0.0000,0.0000,0.0
21243,0.0000,0.0000,0.0
21243,0.0000,0.0000,0.0
21243,0.0000,0.0000,0.0
21243,0.0000,0.0000,0.0
21243,0.0000,0.0000,0.0
21243,0.0000,0.0000,0.0
21243,0.0000,0.0000,0.0
21243,0.0000,0.0000,0.0
21243,0.0000,0.0000,0.0
21243,0.0000,0.0000,0.0
21243,0.0000,0.0000,0.0
21243,0.0000,0.0000,0.0
21243,0.0000,0.0000,0.0
21243,0.0000,0.0000,0.0
21243,0.0000,0.0000,0.0
21243,0.0000,0.0000,0.0
21243,0.0000,0.0000,0.0
21243,0.0000,0.0000,0.0
21243,0.0000,0.0000,0.0
21243,0.0000,0.0000,0.0
21243,0.0000,0.0000,0.0
21243,0.0000,0.0000,0.0
21243,0.0000,0.0000,0.0
21243,0.0000,0.0000,0.0
21243,0.0000,0.0000,0.0
21243,0.0000,0.0000,0.0
21243,0.0000,0.0000,0.0
21243,0.0000,0.0000,0.0
21243,0.0000,0.0000,0.0
21243,0.0000,0.0000,0.0
21243,0.0000,0.0000,0.0
21243,0.0000,0.0000,0.0
21243,0.0000,0.0000,0.0
21243,0.0000,0.0000,0.0
21243,0.0000,0.0000,0.0
21243,0.0000,0.0000,0.0
21243,0.0000,0.0000,0.0
21243,0.0000,0.0000,0.0
21243,0.0000,0.0000,0.0
21243,0.0000,0.0000,0.0
21243,0.0000,0.0000,0.0
21243,0.0000,0.0000,0.0
21243,0.0000,0.0000,0.0
21243,0.0000,0.0000,0.0
21243,0.0000,0.0000,0.0
21243,0.0000,0.0000,0.0
21243,0.0000,0.0000,0.0
21243,0.0000,0.0000,0.0
21243,0.0000,0.0000,0.0
21243,0.0000,0.0000,0.0
21243,0.0000,0.0000,0.0
21243,0.0000,0.0000,0.0
21243,0.0000,0.0000,0.0
21243,0.0000,0.0000,0.0
21243,0.0000,0.0000,0.0
21243,0.0000,0.0000,0.0
21243,0.0000,0.0000,0.0
21243,0.0000,0.0000,0.0
21243,0.0000,0.0000,0.0
21243,0.0000,0.0000,0.0
21243,0.0000,0.0000,0.0
21243,0.0000,0.0000,0.0
21243,0.0000,0.0000,0.0
21243,0.0000,0.0000,0.0
21243,0.0000,0.0000,0.0
21243,0.0000,0.0000,0.0
21243,0.0000,0.0000,0.0
21243,0.0000,0.0000,0.0
21243,0.0000,0.0000,0.0
21243,0.0000,0.0000,0.0
21243,0.0000,0.0000,0.0
21243,0.0000,0.0000,0.0
21243,0.0000,0.0000,0.0
21243,0.0000,0.0000,0.0
21243,0.0000,0.0000,0.0
21243,0.0000,0.0000,0.0
21243,0.0000,0.0000,0.0
21243,0.0000,0.0000,0.0
21243,0.0000,0.0000,0.0
21243,0.0000,0.0000,0.0
21243,0.0000,0.0000,0.0
21243,0.0000,0.0000,0.0
21243,0.0000,0.0000,0.0
21243,0.0000,0.0000,0.0
21243,0.0000,0.0000,0.0
21243,0.0000,0.0000,0.0
21243,0.0000,0.0000,0.0
21243,0.0000,0.0000,0.0
21243,0.0000,0.0000,0.0
21243,0.0000,0.0000,0.0
21243,0.0000,0.0000,0.0
21243,0.0000,0.0000,0.0
21243,0.0000,0.0000,0.0
21243,0.0000,0.0000,0.0
21243,0.0000,0.0000,0.0
21243,0.0000,0.0000,0.0
21243,0.0000,0.0000,0.0
21243,0.0000,0.0000,0.0
21243,0.0000,0.0000,0.0
21243,0.0000,0.0000,0.0
21243,0.0000,0.0000,0.0
21243,0.0000,0.0000,0.0
21243,0.0000,0.0000,0.0
21243,0.0000,0.0000,0.0
21243,0.0000,0.0000,0.0
21243,0.0000,0.0000,0.0
21243,0.0000,0.0000,0.0
21243,0.0000,0.0000,0.0
21243,0.0000,0.0000,0.0
21243,0.0000,0.0000,0.0
21243,0.0000,0.0000,0.0
21243,0.0000,0.0000,0.0
21243,0.0000,0.0000,0.0
21243,0.0000,0.0000,0.0
21243,0.0000,0.0000,0.0
21243,0.0000,0.0000,0.0
21243,0.0000,0.0000,0.0
21243,0.0000,0.0000,0.0
21243,0.0000,0.0000,0.0
21243,0.0000,0.0000,0.0
21243,0.0000,0.0000,0.0
21243,0.0000,0.0000,0.0
21243,0.0000,0.0000,0.0
21243,0.0000,0.0000,0.0
21243,0.0000,0.0000,0.0
21243,0.0000,0.0000,0.0
21243,0.0000,0.0000,0.0
21243,0.0000,0.0000,0.0
21243,0.0000,0.0000,0.0
21243,0.0000,0.0000,0.0
21243,0.0000,0.0000,0.0
21243,0.0000,0.0000,0.0
21243,0.0000,0.0000,0.0
21243,0.0000,0.0000,0.0
21243,0.0000,0.0000,0.0
21243,0.0000,0.0000,0.0
21243,0.0000,0.0000,0.0
21243,0.0000,0.0000,0.0
21243,0.0000,0.0000,0.0
21243,0.0000,0.0000,0.0
21243,0.0000,0.0000,0.0
21243,0.0000,0.0000,0.0
21243,0.0000,0.0000,0.0
21243,0.0000,0.0000,0.0
21243,0.0000,0.0000,0.0
21243,0.0000,0.0000,0.0
21243,0.0000,0.0000,0.0
21243,0.0000,0.0000,0.0
21243,0.0000,0.0000,0.0
21243,0.0000,0.0000,0.0
21243,0.0000,0.0000,0.0
21243,0.0000,0.0000,0.0
21243,0.0000,0.0000,0.0
21243,0.0000,0.0000,0.0
21243,0.0000,0.0000,0.0
21243,0.0000,0.0000,0.0
21243,0.0000,0.0000,0.0
21243,0.0000,0.0000,0.0
21243,0.0000,0.0000,0.0
21243,0.0000,0.0000,0.0
21243,0.0000,0.0000,0.0
21243,0.0000,0.0000,0.0
21243,0.0000,0.0000,0.0
21243,0.0000,0.0000,0.0
21243,0.0000,0.0000,0.0
21243,0.0000,0.0000,0.0
21243,0.0000,0.0000,0.0
21243,0.0000,0.0000,0.0
21243,0.0000,0.0000,0.0
21243,0.0000,0.0000,0.0
21243,0.0000,0.0000,0.0
21243,0.0000,0.0000,0.0
21243,0.0000,0.0000,0.0
21243,0.0000,0.0000,0.0
21243,0.0000,0.0000,0.0
21243,0.0000,0.0000,0.0
21243,0.0000,0.0000,0.0
21243,0.0000,0.0000,0.0
21243,0.0000,0.0000,0.0
21243,0.0000,0.0000,0.0
21243,0.0000,0.0000,0.0
21243,0.0000,0.0000,0.0
21243,0.0000,0.0000,0.0
21243,0.0000,0.0000,0.0
21243,0.0000,0.0000,0.0
21243,0.0000,0.0000,0.0
21243,0.0000,0.0000,0.0
21243,0.0000,0.0000,0.0
21243,0.0000,0.0000,0.0
21243,0.0000,0.0000,0.0
21243,0.0000,0.0000,0.0
21243,0.0000,0.0000,0.0
21243,0.0000,0.0000,0.0
21243,0.0000,0.0000,0.0
21243,0.0000,0.0000,0.0
21243,0.0000,0.0000,0.0
21243,0.0000,0.0000,0.0
21243,0.0000,0.0000,0.0
21243,0.0000,0.0000,0.0
21243,0.0000,0.0000,0.0
21243,0.0000,0.0000,0.0
21243,0.0000,0.0000,0.0
21243,0.0000,0.0000,0.0
21243,0.0000,0.0000,0.0
21243,0.0000,0.0000,0.0
21243,0.0000,0.0000,0.0
21243,0.0000,0.0000,0.0
21243,0.0000,0.0000,0.0
21243,0.0000,0.0000,0.0
21243,0.0000,0.0000,0.0
21243,0.0000,0.0000,0.0
21243,0.0000,0.0000,0.0
21243,0.0000,0.0000,0.0
21243,0.0000,0.0000,0.0
21243,0.0000,0.0000,0.0
21243,0.0000,0.0000,0.0
21243,0.0000,0.0000,0.0
21243,0.0000,0.0000,0.0
21243,0.0000,0.0000,0.0
21243,0.0000,0.0000,0.0
21243,0.0000,0.0000,0.0
21243,0.0000,0.0000,0.0
21243,0.0000,0.0000,0.0
21243,0.0000,0.0000,0.0
21243,0.0000,0.0000,0.0
21243,0.0000,0.0000,0.0
21243,0.0000,0.0000,0.0
21243,0.0000,0.0000,0.0
21243,0.0000,0.0000,0.0
21243,0.0000,0.0000,0.0
21243,0.0000,0.0000,0.0
21243,0.0000,0.0000,0.0
21243,0.0000,0.0000,0.0
21243,0.0000,0.0000,0.0
21243,0.0000,0.0000,0.0
21243,0.0000,0.0000,0.0
21243,0.0000,0.0000,0.0
21243,0.0000,0.0000,0.0
21243,0.0000,0.0000,0.0
21243,0.0000,0.0000,0.0
21243,0.0000,0.0000,0.0
21243,0.0000,0.0000,0.0
21243,0.0000,0.0000,0.0
21243,0.0000,0.0000,0.0
21243,0.0000,0.0000,0.0
21243,0.0000,0.0000,0.0
21243,0.0000,0.0000,0.0
21243,0.0000,0.0000,0.0
21243,0.0000,0.0000,0.0
21243,0.0000,0.0000,0.0
21243,0.0000,0.0000,0.0
21243,0.0000,0.0000,0.0
21243,0.0000,0.0000,0.0
21243,0.0000,0.0000,0.0
21243,0.0000,0.0000,0.0
21243,0.0000,0.0000,0.0
21243,0.0000,0.0000,0.0
21243,0.0000,0.0000,0.0
21243,0.0000,0.0000,0.0
21243,0.0000,0.0000,0.0
21243,0.0000,0.0000,0.0
21243,0.0000,0.0000,0.0
21243,0.0000,0.0000,0.0
21243,0.0000,0.0000,0.0
21243,0.0000,0.0000,0.0
21243,0.0000,0.0000,0.0
21243,0.0000,0.0000,0.0
21243,0.0000,0.0000,0.0
21243,0.0000,0.0000,0.0
21243,0.0000,0.0000,0.0
21243,0.0000,0.0000,0.0
21243,0.0000,0.0000,0.0
21243,0.0000,0.0000,0.0
21243,0.0000,0.0000,0.0
21243,0.0000,0.0000,0.0
21243,0.0000,0.0000,0.0
21243,0.0000,0.0000,0.0
21243,0.0000,0.0000,0.0
21243,0.0000,0.0000,0.0
21243,0.0000,0.0000,0.0
21243,0.0000,0.0000,0.0
21243,0.0000,0.0000,0.0
21243,0.0000,0.0000,0.0
21243,0.0000,0.0000,0.0
21243,0.0000,0.0000,0.0
21243,0.0000,0.0000,0.0
21243,0.0000,0.0000,0.0
21243,0.0000,0.0000,0.0
21243,0.0000,0.0000,0.0
21243,0.0000,0.0000,0.0
21243,0.0000,0.0000,0.0
21243,0.0000,0.0000,0.0
21243,0.0000,0.0000,0.0
21243,0.0000,0.0000,0.0
21243,0.0000,0.0000,0.0
21243,0.0000,0.0000,0.0
21243,0.0000,0.0000,0.0
21243,0.0000,0.0000,0.0
21243,0.0000,0.0000,0.0
21243,0.0000,0.0000,0.0
21243,0.0000,0.0000,0.0
21243,0.0000,0.0000,0.0
21243,0.0000,0.0000,0.0
21243,0.0000,0.0000,0.0
21243,0.0000,0.0000,0.0
21243,0.0000,0.0000,0.0
21243,0.0000,0.0000,0.0
21243,0.0000,0.0000,0.0
21243,0.0000,0.0000,0.0
21243,0.0000,0.0000,0.0
21243,0.0000,0.0000,0.0
21243,0.0000,0.0000,0.0
21243,0.0000,0.0000,0.0
21243,0.0000,0.0000,0.0
21243,0.0000,0.0000,0.0
21243,0.0000,0.0000,0.0
21243,0.0000,0.0000,0.0
21243,0.0000,0.0000,0.0
21243,0.0000,0.0000,0.0
21243,0.0000,0.0000,0.0
21243,0.0000,0.0000,0.0
21243,0.0000,0.0000,0.0
21243,0.0000,0.0000,0.0
21243,0.0000,0.0000,0.0
21243,0.0000,0.0000,0.0
21243,0.0000,0.0000,0.0
21243,0.0000,0.0000,0.0
21243,0.0000,0.0000,0.0
21243,0.0000,0.0000,0.0
21243,0.0000,0.0000,0.0
21243,0.0000,0.0000,0.0
21243,0.0000,0.0000,0.0
21243,0.0000,0.0000,0.0
21243,0.0000,0.0000,0.0
21243,0.0000,0.0000,0.0
21243,0.0000,0.0000,0.0
21243,0.0000,0.0000,0.0
21243,0.0000,0.0000,0.0
21243,0.0000,0.0000,0.0
21243,0.0000,0.0000,0.0
21243,0.0000,0.0000,0.0
21243,0.0000,0.0000,0.0
21243,0.0000,0.0000,0.0
21243,0.0000,0.0000,0.0
21243,0.0000,0.0000,0.0
21243,0.0000,0.0000,0.0
21243,0.0000,0.0000,0.0
21243,0.0000,0.0000,0.0
21243,0.0000,0.0000,0.0
21243,0.0000,0.0000,0.0
21243,0.0000,0.0000,0.0
21243,0.0000,0.0000,0.0
21243,0.0000,0.0000,0.0
21243,0.0000,0.0000,0.0
21243,0.0000,0.0000,0.0
21243,0.0000,0.0000,0.0
21243,0.0000,0.0000,0.0
21243,0.0000,0.0000,0.0
21243,0.0000,0.0000,0.0
21243,0.0000,0.0000,0.0
21243,0.0000,0.0000,0.0
21243,0.0000,0.0000,0.0
21243,0.0000,0.0000,0.0
21243,0.0000,0.0000,0.0
21243,0.0000,0.0000,0.0
21243,0.0000,0.0000,0.0
21243,0.0000,0.0000,0.0
21243,0.0000,0.0000,0.0
21243,0.0000,0.0000,0.0
21243,0.0000,0.0000,0.0
21243,0.0000,0.0000,0.0
21243,0.0000,0.0000,0.0
21243,0.0000,0.0000,0.0
21243,0.0000,0.0000,0.0
21243,0.0000,0.0000,0.0
21243,0.0000,0.0000,0.0
21243,0.0000,0.0000,0.0
21243,0.0000,0.0000,0.0
21243,0.0000,0.0000,0.0
21243,0.0000,0.0000,0.0
21243,0.0000,0.0000,0.0
21243,0.0000,0.0000,0.0
21243,0.0000,0.0000,0.0
21243,0.0000,0.0000,0.0
21243,0.0000,0.0000,0.0
21243,0.0000,0.0000,0.0
21243,0.0000,0.0000,0.0
21243,0.0000,0.0000,0.0
21243,0.0000,0.0000,0.0
21243,0.0000,0.0000,0.0
21243,0.0000,0.0000,0.0
21243,0.0000,0.0000,0.0
21243,0.0000,0.0000,0.0
21243,0.0000,0.0000,0.0
21243,0.0000,0.0000,0.0
21243,0.0000,0.0000,0.0
21243,0.0000,0.0000,0.0
21243,0.0000,0.0000,0.0
21243,0.0000,0.0000,0.0
21243,0.0000,0.0000,0.0
21243,0.0000,0.0000,0.0
21243,0.0000,0.0000,0.0
21243,0.0000,0.0000,0.0
21243,0.0000,0.0000,0.0
21243,0.0000,0.0000,0.0
21243,0.0000,0.0000,0.0
21243,0.0000,0.0000,0.0
21243,0.0000,0.0000,0.0
21243,0.0000,0.0000,0.0
21243,0.0000,0.0000,0.0
21243,0.0000,0.0000,0.0
21243,0.0000,0.0000,0.0
21243,0.0000,0.0000,0.0
21243,0.0000,0.0000,0.0
21243,0.0000,0.0000,0.0
21243,0.0000,0.0000,0.0
21243,0.0000,0.0000,0.0
21243,0.0000,0.0000,0.0
21243,0.0000,0.0000,0.0
21243,0.0000,0.0000,0.0
21243,0.0000,0.0000,0.0
21243,0.0000,0.0000,0.0
21243,0.0000,0.0000,0.0
21243,0.0000,0.0000,0.0
21243,0.0000,0.0000,0.0
21243,0.0000,0.0000,0.0
21243,0.0000,0.0000,0.0
21243,0.0000,0.0000,0.0
21243,0.0000,0.0000,0.0
21243,0.0000,0.0000,0.0
21243,0.0000,0.0000,0.0
21243,0.0000,0.0000,0.0
21243,0.0000,0.0000,0.0
21243,0.0000,0.0000,0.0
21243,0.0000,0.0000,0.0
21243,0.0000,0.0000,0.0
21243,0.0000,0.0000,0.0
21243,0.0000,0.0000,0.0
21243,0.0000,0.0000,0.0
21243,0.0000,0.0000,0.0
21243,0.0000,0.0000,0.0
21243,0.0000,0.0000,0.0
21243,0.0000,0.0000,0.0
21243,0.0000,0.0000,0.0
21243,0.0000,0.0000,0.0
21243,0.0000,0.0000,0.0
21243,0.0000,0.0000,0.0
21243,0.0000,0.0000,0.0
21243,0.0000,0.0000,0.0
21243,0.0000,0.0000,0.0
21243,0.0000,0.0000,0.0
21243,0.0000,0.0000,0.0
21243,0.0000,0.0000,0.0
21243,0.0000,0.0000,0.0
21243,0.0000,0.0000,0.0
21243,0.0000,0.0000,0.0
21243,0.0000,0.0000,0.0
21243,0.0000,0.0000,0.0
21243,0.0000,0.0000,0.0
21243,0.0000,0.0000,0.0
21243,0.0000,0.0000,0.0
21243,0.0000,0.0000,0.0
21243,0.0000,0.0000,0.0
21243,0.0000,0.0000,0.0
21243,0.0000,0.0000,0.0
21243,0.0000,0.0000,0.0
21243,0.0000,0.0000,0.0
21243,0.0000,0.0000,0.0
21243,0.0000,0.0000,0.0
21243,0.0000,0.0000,0.0
21243,0.0000,0.0000,0.0
21243,0.0000,0.0000,0.0
21243,0.0000,0.0000,0.0
21243,0.0000,0.0000,0.0
21243,0.0000,0.0000,0.0
21243,0.0000,0.0000,0.0
21243,0.0000,0.0000,0.0
21243,0.0000,0.0000,0.0
21243,0.0000,0.0000,0.0
21243,0.0000,0.0000,0.0
21243,0.0000,0.0000,0.0
21243,0.0000,0.0000,0.0
21243,0.0000,0.0000,0.0
21243,0.0000,0.0000,0.0
21243,0.0000,0.0000,0.0
21243,0.0000,0.0000,0.0
21243,0.0000,0.0000,0.0
21243,0.0000,0.0000,0.0
21243,0.0000,0.0000,0.0
21243,0.0000,0.0000,0.0
21243,0.0000,0.0000,0.0
21243,0.0000,0.0000,0.0
21243,0.0000,0.0000,0.0
21243,0.0000,0.0000,0.0
21243,0.0000,0.0000,0.0
21243,0.0000,0.0000,0.0
21243,0.0000,0.0000,0.0
21243,0.0000,0.0000,0.0
21243,0.0000,0.0000,0.0
21243,0.0000,0.0000,0.0
21243,0.0000,0.0000,0.0
21243,0.0000,0.0000,0.0
21243,0.0000,0.0000,0.0
21243,0.0000,0.0000,0.0
21243,0.0000,0.0000,0.0
21243,0.0000,0.0000,0.0
21243,0.0000,0.0000,0.0
21243,0.0000,0.0000,0.0
21243,0.0000,0.0000,0.0
21243,0.0000,0.0000,0.0
21243,0.0000,0.0000,0.0
21243,0.0000,0.0000,0.0
21243,0.0000,0.0000,0.0
21243,0.0000,0.0000,0.0
21243,0.0000,0.0000,0.0
21243,0.0000,0.0000,0.0
21243,0.0000,0.0000,0.0
21243,0.0000,0.0000,0.0
21243,0.0000,0.0000,0.0
21243,0.0000,0.0000,0.0
21243,0.0000,0.0000,0.0
21243,0.0000,0.0000,0.0
21243,0.0000,0.0000,0.0
21243,0.0000,0.0000,0.0
21243,0.0000,0.0000,0.0
21243,0.0000,0.0000,0.0
21243,0.0000,0.0000,0.0
21243,0.0000,0.0000,0.0
21243,0.0000,0.0000,0.0
21243,0.0000,0.0000,0.0
21243,0.0000,0.0000,0.0
21243,0.0000,0.0000,0.0
21243,0.0000,0.0000,0.0
21243,0.0000,0.0000,0.0
21243,0.0000,0.0000,0.0
21243,0.0000,0.0000,0.0
21243,0.0000,0.0000,0.0
21243,0.0000,0.0000,0.0
21243,0.0000,0.0000,0.0
21243,0.0000,0.0000,0.0
21243,0.0000,0.0000,0.0
21243,0.0000,0.0000,0.0
21243,0.0000,0.0000,0.0
21243,0.0000,0.0000,0.0
21243,0.0000,0.0000,0.0
21243,0.0000,0.0000,0.0
21243,0.0000,0.0000,0.0
21243,0.0000,0.0000,0.0
21243,0.0000,0.0000,0.0
21243,0.0000,0.0000,0.0
21243,0.0000,0.0000,0.0
21243,0.0000,0.0000,0.0
21243,0.0000,0.0000,0.0
21243,0.0000,0.0000,0.0
21243,0.0000,0.0000,0.0
21243,0.0000,0.0000,0.0
21243,0.0000,0.0000,0.0
21243,0.0000,0.0000,0.0
21243,0.0000,0.0000,0.0
21243,0.0000,0.0000,0.0
21243,0.0000,0.0000,0.0
21243,0.0000,0.0000,0.0
21243,0.0000,0.0000,0.0
21243,0.0000,0.0000,0.0
21243,0.0000,0.0000,0.0
21243,0.0000,0.0000,0.0
21243,0.0000,0.0000,0.0
21243,0.0000,0.0000,0.0
21243,0.0000,0.0000,0.0
21243,0.0000,0.0000,0.0
21243,0.0000,0.0000,0.0
21243,0.0000,0.0000,0.0
21243,0.0000,0.0000,0.0
21243,0.0000,0.0000,0.0
21243,0.0000,0.0000,0.0
21243,0.0000,0.0000,0.0
21243,0.0000,0.0000,0.0
21243,0.0000,0.0000,0.0
21243,0.0000,0.0000,0.0
21243,0.0000,0.0000,0.0
21243,0.0000,0.0000,0.0
21243,0.0000,0.0000,0.0
21243,0.0000,0.0000,0.0
21243,0.0000,0.0000,0.0
21243,0.0000,0.0000,0.0
21243,0.0000,0.0000,0.0
21243,0.0000,0.0000,0.0
21243,0.0000,0.0000,0.0
21243,0.0000,0.0000,0.0
21243,0.0000,0.0000,0.0
21243,0.0000,0.0000,0.0
21243,0.0000,0.0000,0.0
21243,0.0000,0.0000,0.0
21243,0.0000,0.0000,0.0
21243,0.0000,0.0000,0.0
21243,0.0000,0.0000,0.0
21243,0.0000,0.0000,0.0
21243,0.0000,0.0000,0.0
21243,0.0000,0.0000,0.0
21243,0.0000,0.0000,0.0
21243,0.0000,0.0000,0.0
21243,0.0000,0.0000,0.0
21243,0.0000,0.0000,0.0
21243,0.0000,0.0000,0.0
21243,0.0000,0.0000,0.0
21243,0.0000,0.0000,0.0
21243,0.0000,0.0000,0.0
21243,0.0000,0.0000,0.0
21243,0.0000,0.0000,0.0
21243,0.0000,0.0000,0.0
21243,0.0000,0.0000,0.0
21243,0.0000,0.0000,0.0
21243,0.0000,0.0000,0.0
21243,0.0000,0.0000,0.0
21243,0.0000,0.0000,0.0
21243,0.0000,0.0000,0.0
21243,0.0000,0.0000,0.0
21243,0.0000,0.0000,0.0
21243,0.0000,0.0000,0.0
21243,0.0000,0.0000,0.0
21243,0.0000,0.0000,0.0
21243,0.0000,0.0000,0.0
21243,0.0000,0.0000,0.0
21243,0.0000,0.0000,0.0
21243,0.0000,0.0000,0.0
21243,0.0000,0.0000,0.0
21243,0.0000,0.0000,0.0
21243,0.0000,0.0000,0.0
21243,0.0000,0.0000,0.0
21243,0.0000,0.0000,0.0
21243,0.0000,0.0000,0.0
21243,0.0000,0.0000,0.0
21243,0.0000,0.0000,0.0
21243,0.0000,0.0000,0.0
21243,0.0000,0.0000,0.0
21243,0.0000,0.0000,0.0
21243,0.0000,0.0000,0.0
21243,0.0000,0.0000,0.0
21243,0.0000,0.0000,0.0
21243,0.0000,0.0000,0.0
21243,0.0000,0.0000,0.0
21243,0.0000,0.0000,0.0
21243,0.0000,0.0000,0.0
21243,0.0000,0.0000,0.0
21243,0.0000,0.0000,0.0
21243,0.0000,0.0000,0.0
21243,0.0000,0.0000,0.0
21243,0.0000,0.0000,0.0
21243,0.0000,0.0000,0.0
21243,0.0000,0.0000,0.0
21243,0.0000,0.0000,0.0
21243,0.0000,0.0000,0.0
21243,0.0000,0.0000,0.0
21243,0.0000,0.0000,0.0
21243,0.0000,0.0000,0.0
21243,0.0000,0.0000,0.0
21243,0.0000,0.0000,0.0
21243,0.0000,0.0000,0.0
21243,0.0000,0.0000,0.0
21243,0.0000,0.0000,0.0
21243,0.0000,0.0000,0.0
21243,0.0000,0.0000,0.0
21243,0.0000,0.0000,0.0
21243,0.0000,0.0000,0.0
21243,0.0000,0.0000,0.0
21243,0.0000,0.0000,0.0
21243,0.0000,0.0000,0.0
21243,0.0000,0.0000,0.0
21243,0.0000,0.0000,0.0
21243,0.0000,0.0000,0.0
21243,0.0000,0.0000,0.0
21243,0.0000,0.0000,0.0
21243,0.0000,0.0000,0.0
21243,0.0000,0.0000,0.0
21243,0.0000,0.0000,0.0
21243,0.0000,0.0000,0.0
21243,0.0000,0.0000,0.0
21243,0.0000,0.0000,0.0
21243,0.0000,0.0000,0.0
21243,0.0000,0.0000,0.0
21243,0.0000,0.0000,0.0
21243,0.0000,0.0000,0.0
21243,0.0000,0.0000,0.0
21243,0.0000,0.0000,0.0
21243,0.0000,0.0000,0.0
21243,0.0000,0.0000,0.0
21243,0.0000,0.0000,0.0
21243,0.0000,0.0000,0.0
21243,0.0000,0.0000,0.0
21243,0.0000,0.0000,0.0
21243,0.0000,0.0000,0.0
21243,0.0000,0.0000,0.0
21243,0.0000,0.0000,0.0
21243,0.0000,0.0000,0.0
21243,0.0000,0.0000,0.0
21243,0.0000,0.0000,0.0
21243,0.0000,0.0000,0.0
21243,0.0000,0.0000,0.0
21243,0.0000,0.0000,0.0
21243,0.0000,0.0000,0.0
21243,0.0000,0.0000,0.0
21243,0.0000,0.0000,0.0
21243,0.0000,0.0000,0.0
21243,0.0000,0.0000,0.0
21243,0.0000,0.0000,0.0
21243,0.0000,0.0000,0.0
21243,0.0000,0.0000,0.0
21243,0.0000,0.0000,0.0
21243,0.0000,0.0000,0.0
21243,0.0000,0.0000,0.0
21243,0.0000,0.0000,0.0
21243,0.0000,0.0000,0.0
21243,0.0000,0.0000,0.0
21243,0.0000,0.0000,0.0
21243,0.0000,0.0000,0.0
21243,0.0000,0.0000,0.0
21243,0.0000,0.0000,0.0
21243,0.0000,0.0000,0.0
21243,0.0000,0.0000,0.0
21243,0.0000,0.0000,0.0
21243,0.0000,0.0000,0.0
21243,0.0000,0.0000,0.0
21243,0.0000,0.0000,0.0
21243,0.0000,0.0000,0.0
21243,0.0000,0.0000,0.0
21243,0.0000,0.0000,0.0
21243,0.0000,0.0000,0.0
21243,0.0000,0.0000,0.0
21243,0.0000,0.0000,0.0
21243,0.0000,0.0000,0.0
21243,0.0000,0.0000,0.0
21243,0.0000,0.0000,0.0
21243,0.0000,0.0000,0.0
21243,0.0000,0.0000,0.0
21243,0.0000,0.0000,0.0
21243,0.0000,0.0000,0.0
21243,0.0000,0.0000,0.0
21243,0.0000,0.0000,0.0
21243,0.0000,0.0000,0.0
21243,0.0000,0.0000,0.0
21243,0.0000,0.0000,0.0
21243,0.0000,0.0000,0.0
21243,0.0000,0.0000,0.0
21243,0.0000,0.0000,0.0
21243,0.0000,0.0000,0.0
21243,0.0000,0.0000,0.0
21243,0.0000,0.0000,0.0
21243,0.0000,0.0000,0.0
21243,0.0000,0.0000,0.0
21243,0.0000,0.0000,0.0
21243,0.0000,0.0000,0.0
21243,0.0000,0.0000,0.0
21243,0.0000,0.0000,0.0
21243,0.0000,0.0000,0.0
21243,0.0000,0.0000,0.0
21243,0.0000,0.0000,0.0
21243,0.0000,0.0000,0.0
21243,0.0000,0.0000,0.0
21243,0.0000,0.0000,0.0
21243,0.0000,0.0000,0.0
21243,0.0000,0.0000,0.0
21243,0.0000,0.0000,0.0
21243,0.0000,0.0000,0.0
21243,0.0000,0.0000,0.0
21243,0.0000,0.0000,0.0
21243,0.0000,0.0000,0.0
21243,0.0000,0.0000,0.0
21243,0.0000,0.0000,0.0
21243,0.0000,0.0000,0.0
21243,0.0000,0.0000,0.0
21243,0.0000,0.0000,0.0
21243,0.0000,0.0000,0.0
21243,0.0000,0.0000,0.0
21243,0.0000,0.0000,0.0
21243,0.0000,0.0000,0.0
21243,0.0000,0.0000,0.0
21243,0.0000,0.0000,0.0
21243,0.0000,0.0000,0.0
21243,0.0000,0.0000,0.0
21243,0.0000,0.0000,0.0
21243,0.0000,0.0000,0.0
21243,0.0000,0.0000,0.0
21243,0.0000,0.0000,0.0
21243,0.0000,0.0000,0.0
21243,0.0000,0.0000,0.0
21243,0.0000,0.0000,0.0
21243,0.0000,0.0000,0.0
21243,0.0000,0.0000,0.0
21243,0.0000,0.0000,0.0
21243,0.0000,0.0000,0.0
21243,0.0000,0.0000,0.0
21243,0.0000,0.0000,0.0
21243,0.0000,0.0000,0.0
21243,0.0000,0.0000,0.0
21243,0.0000,0.0000,0.0
21243,0.0000,0.0000,0.0
21243,0.0000,0.0000,0.0
21243,0.0000,0.0000,0.0
21243,0.0000,0.0000,0.0
21243,0.0000,0.0000,0.0
21243,0.0000,0.0000,0.0
21243,0.0000,0.0000,0.0
21243,0.0000,0.0000,0.0
21243,0.0000,0.0000,0.0
21243,0.0000,0.0000,0.0
21243,0.0000,0.0000,0.0
21243,0.0000,0.0000,0.0
21243,0.0000,0.0000,0.0
21243,0.0000,0.0000,0.0
21243,0.0000,0.0000,0.0
21243,0.0000,0.0000,0.0
21243,0.0000,0.0000,0.0
21243,0.0000,0.0000,0.0
21243,0.0000,0.0000,0.0
21243,0.0000,0.0000,0.0
21243,0.0000,0.0000,0.0
21243,0.0000,0.0000,0.0
21243,0.0000,0.0000,0.0
21243,0.0000,0.0000,0.0
21243,0.0000,0.0000,0.0
21243,0.0000,0.0000,0.0
21243,0.0000,0.0000,0.0
21243,0.0000,0.0000,0.0
21243,0.0000,0.0000,0.0
21243,0.0000,0.0000,0.0
21243,0.0000,0.0000,0.0
21243,0.0000,0.0000,0.0
21243,0.0000,0.0000,0.0
21243,0.0000,0.0000,0.0
21243,0.0000,0.0000,0.0
21243,0.0000,0.0000,0.0
21243,0.0000,0.0000,0.0
21243,0.0000,0.0000,0.0
21243,0.0000,0.0000,0.0
21243,0.0000,0.0000,0.0
21243,0.0000,0.0000,0.0
21243,0.0000,0.0000,0.0
21243,0.0000,0.0000,0.0
21243,0.0000,0.0000,0.0
21243,0.0000,0.0000,0.0
21243,0.0000,0.0000,0.0
21243,0.0000,0.0000,0.0
21243,0.0000,0.0000,0.0
21243,0.0000,0.0000,0.0
21243,0.0000,0.0000,0.0
21243,0.0000,0.0000,0.0
21243,0.0000,0.0000,0.0
21243,0.0000,0.0000,0.0
21243,0.0000,0.0000,0.0
21243,0.0000,0.0000,0.0
21243,0.0000,0.0000,0.0
21243,0.0000,0.0000,0.0
21243,0.0000,0.0000,0.0
21243,0.0000,0.0000,0.0
21243,0.0000,0.0000,0.0
21243,0.0000,0.0000,0.0
21243,0.0000,0.0000,0.0
21243,0.0000,0.0000,0.0
21243,0.0000,0.0000,0.0
21243,0.0000,0.0000,0.0
21243,0.0000,0.0000,0.0
21243,0.0000,0.0000,0.0
21243,0.0000,0.0000,0.0
21243,0.0000,0.0000,0.0
21243,0.0000,0.0000,0.0
21243,0.0000,0.0000,0.0
21243,0.0000,0.0000,0.0
21243,0.0000,0.0000,0.0
21243,0.0000,0.0000,0.0
21243,0.0000,0.0000,0.0
21243,0.0000,0.0000,0.0
21243,0.0000,0.0000,0.0
21243,0.0000,0.0000,0.0
21243,0.0000,0.0000,0.0
21243,0.0000,0.0000,0.0
21243,0.0000,0.0000,0.0
21243,0.0000,0.0000,0.0
21243,0.0000,0.0000,0.0
21243,0.0000,0.0000,0.0
21243,0.0000,0.0000,0.0
21243,0.0000,0.0000,0.0
21243,0.0000,0.0000,0.0
21243,0.0000,0.0000,0.0
21243,0.0000,0.0000,0.0
21243,0.0000,0.0000,0.0
21243,0.0000,0.0000,0.0
21243,0.0000,0.0000,0.0
21243,0.0000,0.0000,0.0
21243,0.0000,0.0000,0.0
21243,0.0000,0.0000,0.0
21243,0.0000,0.0000,0.0
21243,0.0000,0.0000,0.0
21243,0.0000,0.0000,0.0
21243,0.0000,0.0000,0.0
21243,0.0000,0.0000,0.0
21243,0.0000,0.0000,0.0
21243,0.0000,0.0000,0.0
21243,0.0000,0.0000,0.0
21243,0.0000,0.0000,0.0
21243,0.0000,0.0000,0.0
21243,0.0000,0.0000,0.0
21243,0.0000,0.0000,0.0
21243,0.0000,0.0000,0.0
21243,0.0000,0.0000,0.0
21243,0.0000,0.0000,0.0
21243,0.0000,0.0000,0.0
21243,0.0000,0.0000,0.0
21243,0.0000,0.0000,0.0
21243,0.0000,0.0000,0.0
21243,0.0000,0.0000,0.0
21243,0.0000,0.0000,0.0
21243,0.0000,0.0000,0.0
21243,0.0000,0.0000,0.0
21243,0.0000,0.0000,0.0
21243,0.0000,0.0000,0.0
21243,0.0000,0.0000,0.0
21243,0.0000,0.0000,0.0
21243,0.0000,0.0000,0.0
21243,0.0000,0.0000,0.0
21243,0.0000,0.0000,0.0
21243,0.0000,0.0000,0.0
21243,0.0000,0.0000,0.0
21243,0.0000,0.0000,0.0
21243,0.0000,0.0000,0.0
21243,0.0000,0.0000,0.0
21243,0.0000,0.0000,0.0
21243,0.0000,0.0000,0.0
21243,0.0000,0.0000,0.0
21243,0.0000,0.0000,0.0
21243,0.0000,0.0000,0.0
21243,0.0000,0.0000,0.0
21243,0.0000,0.0000,0.0
21243,0.0000,0.0000,0.0
21243,0.0000,0.0000,0.0
21243,0.0000,0.0000,0.0
21243,0.0000,0.0000,0.0
21243,0.0000,0.0000,0.0
21243,0.0000,0.0000,0.0
21243,0.0000,0.0000,0.0
21243,0.0000,0.0000,0.0
21243,0.0000,0.0000,0.0
21243,0.0000,0.0000,0.0
21243,0.0000,0.0000,0.0
21243,0.0000,0.0000,0.0
21243,0.0000,0.0000,0.0
21243,0.0000,0.0000,0.0
21243,0.0000,0.0000,0.0
21243,0.0000,0.0000,0.0
21243,0.0000,0.0000,0.0
21243,0.0000,0.0000,0.0
21243,0.0000,0.0000,0.0
21243,0.0000,0.0000,0.0
21243,0.0000,0.0000,0.0
21243,0.0000,0.0000,0.0
21243,0.0000,0.0000,0.0
21243,0.0000,0.0000,0.0
21243,0.0000,0.0000,0.0
21243,0.0000,0.0000,0.0
21243,0.0000,0.0000,0.0
21243,0.0000,0.0000,0.0
21243,0.0000,0.0000,0.0
21243,0.0000,0.0000,0.0
21243,0.0000,0.0000,0.0
21243,0.0000,0.0000,0.0
21243,0.0000,0.0000,0.0
21243,0.0000,0.0000,0.0
21243,0.0000,0.0000,0.0
21243,0.0000,0.0000,0.0
21243,0.0000,0.0000,0.0
21243,0.0000,0.0000,0.0
21243,0.0000,0.0000,0.0
21243,0.0000,0.0000,0.0
21243,0.0000,0.0000,0.0
21243,0.0000,0.0000,0.0
21243,0.0000,0.0000,0.0
21243,0.0000,0.0000,0.0
21243,0.0000,0.0000,0.0
21243,0.0000,0.0000,0.0
21243,0.0000,0.0000,0.0
21243,0.0000,0.0000,0.0
21243,0.0000,0.0000,0.0
21243,0.0000,0.0000,0.0
21243,0.0000,0.0000,0.0
21243,0.0000,0.0000,0.0
21243,0.0000,0.0000,0.0
21243,0.0000,0.0000,0.0
21243,0.0000,0.0000,0.0
21243,0.0000,0.0000,0.0
21243,0.0000,0.0000,0.0
21243,0.0000,0.0000,0.0
21243,0.0000,0.0000,0.0
21243,0.0000,0.0000,0.0
21243,0.0000,0.0000,0.0
21243,0.0000,0.0000,0.0
21243,0.0000,0.0000,0.0
21243,0.0000,0.0000,0.0
21243,0.0000,0.0000,0.0
21243,0.0000,0.0000,0.0
21243,0.0000,0.0000,0.0
21243,0.0000,0.0000,0.0
21243,0.0000,0.0000,0.0
21243,0.0000,0.0000,0.0
21243,0.0000,0.0000,0.0
21243,0.0000,0.0000,0.0
21243,0.0000,0.0000,0.0
21243,0.0000,0.0000,0.0
21243,0.0000,0.0000,0.0
21243,0.0000,0.0000,0.0
21243,0.0000,0.0000,0.0
21243,0.0000,0.0000,0.0
21243,0.0000,0.0000,0.0
21243,0.0000,0.0000,0.0
21243,0.0000,0.0000,0.0
21243,0.0000,0.0000,0.0
21243,0.0000,0.0000,0.0
21243,0.0000,0.0000,0.0
21243,0.0000,0.0000,0.0
21243,0.0000,0.0000,0.0
21243,0.0000,0.0000,0.0
21243,0.0000,0.0000,0.0
21243,0.0000,0.0000,0.0
21243,0.0000,0.0000,0.0
21243,0.0000,0.0000,0.0
21243,0.0000,0.0000,0.0
21243,0.0000,0.0000,0.0
21243,0.0000,0.0000,0.0
21243,0.0000,0.0000,0.0
21243,0.0000,0.0000,0.0
21243,0.0000,0.0000,0.0
21243,0.0000,0.0000,0.0
21243,0.0000,0.0000,0.0
21243,0.0000,0.0000,0.0
21243,0.0000,0.0000,0.0
21243,0.0000,0.0000,0.0
21243,0.0000,0.0000,0.0
21243,0.0000,0.0000,0.0
21243,0.0000,0.0000,0.0
21243,0.0000,0.0000,0.0
21243,0.0000,0.0000,0.0
21243,0.0000,0.0000,0.0
21243,0.0000,0.0000,0.0
21243,0.0000,0.0000,0.0
21243,0.0000,0.0000,0.0
21243,0.0000,0.0000,0.0
21243,0.0000,0.0000,0.0
21243,0.0000,0.0000,0.0
21243,0.0000,0.0000,0.0
21243,0.0000,0.0000,0.0
21243,0.0000,0.0000,0.0
21243,0.0000,0.0000,0.0
21243,0.0000,0.0000,0.0
21243,0.0000,0.0000,0.0
21243,0.0000,0.0000,0.0
21243,0.0000,0.0000,0.0
21243,0.0000,0.0000,0.0
21243,0.0000,0.0000,0.0
21243,0.0000,0.0000,0.0
21243,0.0000,0.0000,0.0
21243,0.0000,0.0000,0.0
21243,0.0000,0.0000,0.0
21243,0.0000,0.0000,0.0
21243,0.0000,0.0000,0.0
21243,0.0000,0.0000,0.0
21243,0.0000,0.0000,0.0
21243,0.0000,0.0000,0.0
21243,0.0000,0.0000,0.0
21243,0.0000,0.0000,0.0
21243,0.0000,0.0000,0.0
21243,0.0000,0.0000,0.0
21243,0.0000,0.0000,0.0
21243,0.0000,0.0000,0.0
21243,0.0000,0.0000,0.0
21243,0.0000,0.0000,0.0
21243,0.0000,0.0000,0.0
21243,0.0000,0.0000,0.0
21243,0.0000,0.0000,0.0
21243,0.0000,0.0000,0.0
21243,0.0000,0.0000,0.0
21243,0.0000,0.0000,0.0
21243,0.0000,0.0000,0.0
21243,0.0000,0.0000,0.0
21243,0.0000,0.0000,0.0
21243,0.0000,0.0000,0.0
21243,0.0000,0.0000,0.0
21243,0.0000,0.0000,0.0
21243,0.0000,0.0000,0.0
21243,0.0000,0.0000,0.0
21243,0.0000,0.0000,0.0
21243,0.0000,0.0000,0.0
21243,0.0000,0.0000,0.0
21243,0.0000,0.0000,0.0
21243,0.0000,0.0000,0.0
21243,0.0000,0.0000,0.0
21243,0.0000,0.0000,0.0
21243,0.0000,0.0000,0.0
21243,0.0000,0.0000,0.0
21243,0.0000,0.0000,0.0
21243,0.0000,0.0000,0.0
21243,0.0000,0.0000,0.0
21243,0.0000,0.0000,0.0
21243,0.0000,0.0000,0.0
21243,0.0000,0.0000,0.0
21243,0.0000,0.0000,0.0
21243,0.0000,0.0000,0.0
21243,0.0000,0.0000,0.0
21243,0.0000,0.0000,0.0
21243,0.0000,0.0000,0.0
21243,0.0000,0.0000,0.0
21243,0.0000,0.0000,0.0
21243,0.0000,0.0000,0.0
21243,0.0000,0.0000,0.0
21243,0.0000,0.0000,0.0
21243,0.0000,0.0000,0.0
21243,0.0000,0.0000,0.0
21243,0.0000,0.0000,0.0
21243,0.0000,0.0000,0.0
21243,0.0000,0.0000,0.0
21243,0.0000,0.0000,0.0
21243,0.0000,0.0000,0.0
21243,0.0000,0.0000,0.0
21243,0.0000,0.0000,0.0
21243,0.0000,0.0000,0.0
21243,0.0000,0.0000,0.0
21243,0.0000,0.0000,0.0
21243,0.0000,0.0000,0.0
21243,0.0000,0.0000,0.0
21243,0.0000,0.0000,0.0
21243,0.0000,0.0000,0.0
21243,0.0000,0.0000,0.0
21243,0.0000,0.0000,0.0
21243,0.0000,0.0000,0.0
21243,0.0000,0.0000,0.0
21243,0.0000,0.0000,0.0
21243,0.0000,0.0000,0.0
21243,0.0000,0.0000,0.0
21243,0.0000,0.0000,0.0
21243,0.0000,0.0000,0.0
21243,0.0000,0.0000,0.0
21243,0.0000,0.0000,0.0
21243,0.0000,0.0000,0.0
21243,0.0000,0.0000,0.0
21243,0.0000,0.0000,0.0
21243,0.0000,0.0000,0.0
21243,0.0000,0.0000,0.0
21243,0.0000,0.0000,0.0
21243,0.0000,0.0000,0.0
21243,0.0000,0.0000,0.0
21243,0.0000,0.0000,0.0
21243,0.0000,0.0000,0.0
21243,0.0000,0.0000,0.0
21243,0.0000,0.0000,0.0
21243,0.0000,0.0000,0.0
21243,0.0000,0.0000,0.0
21243,0.0000,0.0000,0.0
21243,0.0000,0.0000,0.0
21243,0.0000,0.0000,0.0
21243,0.0000,0.0000,0.0
21243,0.0000,0.0000,0.0
21243,0.0000,0.0000,0.0
21243,0.0000,0.0000,0.0
21243,0.0000,0.0000,0.0
21243,0.0000,0.0000,0.0
21243,0.0000,0.0000,0.0
21243,0.0000,0.0000,0.0
21243,0.0000,0.0000,0.0
21243,0.0000,0.0000,0.0
21243,0.0000,0.0000,0.0
21243,0.0000,0.0000,0.0
21243,0.0000,0.0000,0.0
21243,0.0000,0.0000,0.0
21243,0.0000,0.0000,0.0
21243,0.0000,0.0000,0.0
21243,0.0000,0.0000,0.0
21243,0.0000,0.0000,0.0
21243,0.0000,0.0000,0.0
21243,0.0000,0.0000,0.0
21243,0.0000,0.0000,0.0
21243,0.0000,0.0000,0.0
21243,0.0000,0.0000,0.0
21243,0.0000,0.0000,0.0
21243,0.0000,0.0000,0.0
21243,0.0000,0.0000,0.0
21243,0.0000,0.0000,0.0
21243,0.0000,0.0000,0.0
21243,0.0000,0.0000,0.0
21243,0.0000,0.0000,0.0
21243,0.0000,0.0000,0.0
21243,0.0000,0.0000,0.0
21243,0.0000,0.0000,0.0
21243,0.0000,0.0000,0.0
21243,0.0000,0.0000,0.0
21243,0.0000,0.0000,0.0
21243,0.0000,0.0000,0.0
21243,0.0000,0.0000,0.0
21243,0.0000,0.0000,0.0
21243,0.0000,0.0000,0.0
21243,0.0000,0.0000,0.0
21243,0.0000,0.0000,0.0
21243,0.0000,0.0000,0.0
21243,0.0000,0.0000,0.0
21243,0.0000,0.0000,0.0
21243,0.0000,0.0000,0.0
21243,0.0000,0.0000,0.0
21243,0.0000,0.0000,0.0
21243,0.0000,0.0000,0.0
21243,0.0000,0.0000,0.0
21243,0.0000,0.0000,0.0
21243,0.0000,0.0000,0.0
21243,0.0000,0.0000,0.0
21243,0.0000,0.0000,0.0
21243,0.0000,0.0000,0.0
21243,0.0000,0.0000,0.0
21243,0.0000,0.0000,0.0
21243,0.0000,0.0000,0.0
21243,0.0000,0.0000,0.0
21243,0.0000,0.0000,0.0
21243,0.0000,0.0000,0.0
21243,0.0000,0.0000,0.0
21243,0.0000,0.0000,0.0
21243,0.0000,0.0000,0.0
21243,0.0000,0.0000,0.0
21243,0.0000,0.0000,0.0
21243,0.0000,0.0000,0.0
21243,0.0000,0.0000,0.0
21243,0.0000,0.0000,0.0
21243,0.0000,0.0000,0.0
21243,0.0000,0.0000,0.0
21243,0.0000,0.0000,0.0
21243,0.0000,0.0000,0.0
21243,0.0000,0.0000,0.0
21243,0.0000,0.0000,0.0
21243,0.0000,0.0000,0.0
21243,0.0000,0.0000,0.0
21243,0.0000,0.0000,0.0
21243,0.0000,0.0000,0.0
21243,0.0000,0.0000,0.0
21243,0.0000,0.0000,0.0
21243,0.0000,0.0000,0.0
21243,0.0000,0.0000,0.0
21243,0.0000,0.0000,0.0
21243,0.0000,0.0000,0.0
21243,0.0000,0.0000,0.0
21243,0.0000,0.0000,0.0
21243,0.0000,0.0000,0.0
21243,0.0000,0.0000,0.0
21243,0.0000,0.0000,0.0
21243,0.0000,0.0000,0.0
21243,0.0000,0.0000,0.0
21243,0.0000,0.0000,0.0
21243,0.0000,0.0000,0.0
21243,0.0000,0.0000,0.0
21243,0.0000,0.0000,0.0
21243,0.0000,0.0000,0.0
21243,0.0000,0.0000,0.0
21243,0.0000,0.0000,0.0
21243,0.0000,0.0000,0.0
21243,0.0000,0.0000,0.0
21243,0.0000,0.0000,0.0
21243,0.0000,0.0000,0.0
21243,0.0000,0.0000,0.0
21243,0.0000,0.0000,0.0
21243,0.0000,0.0000,0.0
21243,0.0000,0.0000,0.0
21243,0.0000,0.0000,0.0
21243,0.0000,0.0000,0.0
21243,0.0000,0.0000,0.0
21243,0.0000,0.0000,0.0
21243,0.0000,0.0000,0.0
21243,0.0000,0.0000,0.0
21243,0.0000,0.0000,0.0
21243,0.0000,0.0000,0.0
21243,0.0000,0.0000,0.0
21243,0.0000,0.0000,0.0
21243,0.0000,0.0000,0.0
21243,0.0000,0.0000,0.0
21243,0.0000,0.0000,0.0
21243,0.0000,0.0000,0.0
21243,0.0000,0.0000,0.0
21243,0.0000,0.0000,0.0
21243,0.0000,0.0000,0.0
21243,0.0000,0.0000,0.0
21243,0.0000,0.0000,0.0
21243,0.0000,0.0000,0.0
21243,0.0000,0.0000,0.0
21243,0.0000,0.0000,0.0
21243,0.0000,0.0000,0.0
21243,0.0000,0.0000,0.0
21243,0.0000,0.0000,0.0
21243,0.0000,0.0000,0.0
21243,0.0000,0.0000,0.0
21243,0.0000,0.0000,0.0
21243,0.0000,0.0000,0.0
21243,0.0000,0.0000,0.0
21243,0.0000,0.0000,0.0
21243,0.0000,0.0000,0.0
21243,0.0000,0.0000,0.0
21243,0.0000,0.0000,0.0
21243,0.0000,0.0000,0.0
21243,0.0000,0.0000,0.0
21243,0.0000,0.0000,0.0
21243,0.0000,0.0000,0.0
21243,0.0000,0.0000,0.0
21243,0.0000,0.0000,0.0
21243,0.0000,0.0000,0.0
21243,0.0000,0.0000,0.0
21243,0.0000,0.0000,0.0
21243,0.0000,0.0000,0.0
21243,0.0000,0.0000,0.0
21243,0.0000,0.0000,0.0
21243,0.0000,0.0000,0.0
21243,0.0000,0.0000,0.0
21243,0.0000,0.0000,0.0
21243,0.0000,0.0000,0.0
21243,0.0000,0.0000,0.0
21243,0.0000,0.0000,0.0
21243,0.0000,0.0000,0.0
21243,0.0000,0.0000,0.0
21243,0.0000,0.0000,0.0
21243,0.0000,0.0000,0.0
21243,0.0000,0.0000,0.0
21243,0.0000,0.0000,0.0
21243,0.0000,0.0000,0.0
21243,0.0000,0.0000,0.0
21243,0.0000,0.0000,0.0
21243,0.0000,0.0000,0.0
21243,0.0000,0.0000,0.0
21243,0.0000,0.0000,0.0
21243,0.0000,0.0000,0.0
21243,0.0000,0.0000,0.0
21243,0.0000,0.0000,0.0
21243,0.0000,0.0000,0.0
21243,0.0000,0.0000,0.0
21243,0.0000,0.0000,0.0
21243,0.0000,0.0000,0.0
21243,0.0000,0.0000,0.0
21243,0.0000,0.0000,0.0
21243,0.0000,0.0000,0.0
21243,0.0000,0.0000,0.0
21243,0.0000,0.0000,0.0
21243,0.0000,0.0000,0.0
21243,0.0000,0.0000,0.0
21243,0.0000,0.0000,0.0
21243,0.0000,0.0000,0.0
21243,0.0000,0.0000,0.0
21243,0.0000,0.0000,0.0
21243,0.0000,0.0000,0.0
21243,0.0000,0.0000,0.0
21243,0.0000,0.0000,0.0
21243,0.0000,0.0000,0.0
21243,0.0000,0.0000,0.0
21243,0.0000,0.0000,0.0
21243,0.0000,0.0000,0.0
21243,0.0000,0.0000,0.0
21243,0.0000,0.0000,0.0
21243,0.0000,0.0000,0.0
21243,0.0000,0.0000,0.0
21243,0.0000,0.0000,0.0
21243,0.0000,0.0000,0.0
21243,0.0000,0.0000,0.0
21243,0.0000,0.0000,0.0
21243,0.0000,0.0000,0.0
21243,0.0000,0.0000,0.0
21243,0.0000,0.0000,0.0
21243,0.0000,0.0000,0.0
21243,0.0000,0.0000,0.0
21243,0.0000,0.0000,0.0
21243,0.0000,0.0000,0.0
21243,0.0000,0.0000,0.0
21243,0.0000,0.0000,0.0
21243,0.0000,0.0000,0.0
21243,0.0000,0.0000,0.0
21243,0.0000,0.0000,0.0
21243,0.0000,0.0000,0.0
21243,0.0000,0.0000,0.0
21243,0.0000,0.0000,0.0
21243,0.0000,0.0000,0.0
21243,0.0000,0.0000,0.0
21243,0.0000,0.0000,0.0
21243,0.0000,0.0000,0.0
21243,0.0000,0.0000,0.0
21243,0.0000,0.0000,0.0
21243,0.0000,0.0000,0.0
21243,0.0000,0.0000,0.0
21243,0.0000,0.0000,0.0
21243,0.0000,0.0000,0.0
21243,0.0000,0.0000,0.0
21243,0.0000,0.0000,0.0
21243,0.0000,0.0000,0.0
21243,0.0000,0.0000,0.0
21243,0.0000,0.0000,0.0
21243,0.0000,0.0000,0.0
21243,0.0000,0.0000,0.0
21243,0.0000,0.0000,0.0
21243,0.0000,0.0000,0.0
21243,0.0000,0.0000,0.0
21243,0.0000,0.0000,0.0
21243,0.0000,0.0000,0.0
21243,0.0000,0.0000,0.0
21243,0.0000,0.0000,0.0
21243,0.0000,0.0000,0.0
21243,0.0000,0.0000,0.0
21243,0.0000,0.0000,0.0
21243,0.0000,0.0000,0.0
21243,0.0000,0.0000,0.0
21243,0.0000,0.0000,0.0
21243,0.0000,0.0000,0.0
21243,0.0000,0.0000,0.0
21243,0.0000,0.0000,0.0
21243,0.0000,0.0000,0.0
21243,0.0000,0.0000,0.0
21243,0.0000,0.0000,0.0
21243,0.0000,0.0000,0.0
21243,0.0000,0.0000,0.0
21243,0.0000,0.0000,0.0
21243,0.0000,0.0000,0.0
21243,0.0000,0.0000,0.0
21243,0.0000,0.0000,0.0
21243,0.0000,0.0000,0.0
21243,0.0000,0.0000,0.0
21243,0.0000,0.0000,0.0
21243,0.0000,0.0000,0.0
21243,0.0000,0.0000,0.0
21243,0.0000,0.0000,0.0
21243,0.0000,0.0000,0.0
21243,0.0000,0.0000,0.0
21243,0.0000,0.0000,0.0
21243,0.0000,0.0000,0.0
21243,0.0000,0.0000,0.0
21243,0.0000,0.0000,0.0
21243,0.0000,0.0000,0.0
21243,0.0000,0.0000,0.0
21243,0.0000,0.0000,0.0
21243,0.0000,0.0000,0.0
21243,0.0000,0.0000,0.0
21243,0.0000,0.0000,0.0
21243,0.0000,0.0000,0.0
21243,0.0000,0.0000,0.0
21243,0.0000,0.0000,0.0
21243,0.0000,0.0000,0.0
21243,0.0000,0.0000,0.0
21243,0.0000,0.0000,0.0
21243,0.0000,0.0000,0.0
21243,0.0000,0.0000,0.0
21243,0.0000,0.0000,0.0
21243,0.0000,0.0000,0.0
21243,0.0000,0.0000,0.0
21243,0.0000,0.0000,0.0
21243,0.0000,0.0000,0.0
21243,0.0000,0.0000,0.0
21243,0.0000,0.0000,0.0
21243,0.0000,0.0000,0.0
21243,0.0000,0.0000,0.0
21243,0.0000,0.0000,0.0
21243,0.0000,0.0000,0.0
21243,0.0000,0.0000,0.0
21243,0.0000,0.0000,0.0
21243,0.0000,0.0000,0.0
21243,0.0000,0.0000,0.0
21243,0.0000,0.0000,0.0
21243,0.0000,0.0000,0.0
21243,0.0000,0.0000,0.0
21243,0.0000,0.0000,0.0
21243,0.0000,0.0000,0.0
21243,0.0000,0.0000,0.0
21243,0.0000,0.0000,0.0
21243,0.0000,0.0000,0.0
21243,0.0000,0.0000,0.0
21243,0.0000,0.0000,0.0
21243,0.0000,0.0000,0.0
21243,0.0000,0.0000,0.0
21243,0.0000,0.0000,0.0
21243,0.0000,0.0000,0.0
21243,0.0000,0.0000,0.0
21243,0.0000,0.0000,0.0
21243,0.0000,0.0000,0.0
21243,0.0000,0.0000,0.0
21243,0.0000,0.0000,0.0
21243,0.0000,0.0000,0.0
21243,0.0000,0.0000,0.0
21243,0.0000,0.0000,0.0
21243,0.0000,0.0000,0.0
21243,0.0000,0.0000,0.0
21243,0.0000,0.0000,0.0
21243,0.0000,0.0000,0.0
21243,0.0000,0.0000,0.0
21243,0.0000,0.0000,0.0
21243,0.0000,0.0000,0.0
21243,0.0000,0.0000,0.0
21243,0.0000,0.0000,0.0
21243,0.0000,0.0000,0.0
21243,0.0000,0.0000,0.0
21243,0.0000,0.0000,0.0
21243,0.0000,0.0000,0.0
21243,0.0000,0.0000,0.0
21243,0.0000,0.0000,0.0
21243,0.0000,0.0000,0.0
21243,0.0000,0.0000,0.0
21243,0.0000,0.0000,0.0
21243,0.0000,0.0000,0.0
21243,0.0000,0.0000,0.0
21243,0.0000,0.0000,0.0
21243,0.0000,0.0000,0.0
21243,0.0000,0.0000,0.0
21243,0.0000,0.0000,0.0
21243,0.0000,0.0000,0.0
21243,0.0000,0.0000,0.0
21243,0.0000,0.0000,0.0
21243,0.0000,0.0000,0.0
21243,0.0000,0.0000,0.0
21243,0.0000,0.0000,0.0
21243,0.0000,0.0000,0.0
21243,0.0000,0.0000,0.0
21243,0.0000,0.0000,0.0
21243,0.0000,0.0000,0.0
21243,0.0000,0.0000,0.0
21243,0.0000,0.0000,0.0
21243,0.0000,0.0000,0.0
21243,0.0000,0.0000,0.0
21243,0.0000,0.0000,0.0
21243,0.0000,0.0000,0.0
21243,0.0000,0.0000,0.0
21243,0.0000,0.0000,0.0
21243,0.0000,0.0000,0.0
21243,0.0000,0.0000,0.0
21243,0.0000,0.0000,0.0
21243,0.0000,0.0000,0.0
21243,0.0000,0.0000,0.0
21243,0.0000,0.0000,0.0
21243,0.0000,0.0000,0.0
21243,0.0000,0.0000,0.0
21243,0.0000,0.0000,0.0
21243,0.0000,0.0000,0.0
21243,0.0000,0.0000,0.0
21243,0.0000,0.0000,0.0
21243,0.0000,0.0000,0.0
21243,0.0000,0.0000,0.0
21243,0.0000,0.0000,0.0
21243,0.0000,0.0000,0.0
21243,0.0000,0.0000,0.0
21243,0.0000,0.0000,0.0
21243,0.0000,0.0000,0.0
21243,0.0000,0.0000,0.0
21243,0.0000,0.0000,0.0
21243,0.0000,0.0000,0.0
21243,0.0000,0.0000,0.0
21243,0.0000,0.0000,0.0
21243,0.0000,0.0000,0.0
21243,0.0000,0.0000,0.0
21243,0.0000,0.0000,0.0
21243,0.0000,0.0000,0.0
21243,0.0000,0.0000,0.0
21243,0.0000,0.0000,0.0
21243,0.0000,0.0000,0.0
21243,0.0000,0.0000,0.0
21243,0.0000,0.0000,0.0
21243,0.0000,0.0000,0.0
21243,0.0000,0.0000,0.0
21243,0.0000,0.0000,0.0
21243,0.0000,0.0000,0.0
21243,0.0000,0.0000,0.0
21243,0.0000,0.0000,0.0
21243,0.0000,0.0000,0.0
21243,0.0000,0.0000,0.0
21243,0.0000,0.0000,0.0
21243,0.0000,0.0000,0.0
21243,0.0000,0.0000,0.0
21243,0.0000,0.0000,0.0
21243,0.0000,0.0000,0.0
21243,0.0000,0.0000,0.0
21243,0.0000,0.0000,0.0
21243,0.0000,0.0000,0.0
21243,0.0000,0.0000,0.0
21243,0.0000,0.0000,0.0
21243,0.0000,0.0000,0.0
21243,0.0000,0.0000,0.0
21243,0.0000,0.0000,0.0
21243,0.0000,0.0000,0.0
21243,0.0000,0.0000,0.0
21243,0.0000,0.0000,0.0
21243,0.0000,0.0000,0.0
21243,0.0000,0.0000,0.0
21243,0.0000,0.0000,0.0
21243,0.0000,0.0000,0.0
21243,0.0000,0.0000,0.0
21243,0.0000,0.0000,0.0
21243,0.0000,0.0000,0.0
21243,0.0000,0.0000,0.0
21243,0.0000,0.0000,0.0
21243,0.0000,0.0000,0.0
21243,0.0000,0.0000,0.0
21243,0.0000,0.0000,0.0
21243,0.0000,0.0000,0.0
21243,0.0000,0.0000,0.0
21243,0.0000,0.0000,0.0
21243,0.0000,0.0000,0.0
21243,0.0000,0.0000,0.0
21243,0.0000,0.0000,0.0
21243,0.0000,0.0000,0.0
21243,0.0000,0.0000,0.0
21243,0.0000,0.0000,0.0
21243,0.0000,0.0000,0.0
21243,0.0000,0.0000,0.0
21243,0.0000,0.0000,0.0
21243,0.0000,0.0000,0.0
21243,0.0000,0.0000,0.0
21243,0.0000,0.0000,0.0
21243,0.0000,0.0000,0.0
21243,0.0000,0.0000,0.0
21243,0.0000,0.0000,0.0
21243,0.0000,0.0000,0.0
21243,0.0000,0.0000,0.0
21243,0.0000,0.0000,0.0
21243,0.0000,0.0000,0.0
21243,0.0000,0.0000,0.0
21243,0.0000,0.0000,0.0
21243,0.0000,0.0000,0.0
21243,0.0000,0.0000,0.0
21243,0.0000,0.0000,0.0
21243,0.0000,0.0000,0.0
21243,0.0000,0.0000,0.0
21243,0.0000,0.0000,0.0
21243,0.0000,0.0000,0.0
21243,0.0000,0.0000,0.0
21243,0.0000,0.0000,0.0
21243,0.0000,0.0000,0.0
21243,0.0000,0.0000,0.0
21243,0.0000,0.0000,0.0
21243,0.0000,0.0000,0.0
21243,0.0000,0.0000,0.0
21243,0.0000,0.0000,0.0
21243,0.0000,0.0000,0.0
21243,0.0000,0.0000,0.0
21243,0.0000,0.0000,0.0
21243,0.0000,0.0000,0.0
21243,0.0000,0.0000,0.0
21243,0.0000,0.0000,0.0
21243,0.0000,0.0000,0.0
21243,0.0000,0.0000,0.0
21243,0.0000,0.0000,0.0
21243,0.0000,0.0000,0.0
21243,0.0000,0.0000,0.0
21243,0.0000,0.0000,0.0
21243,0.0000,0.0000,0.0
21243,0.0000,0.0000,0.0
21243,0.0000,0.0000,0.0
21243,0.0000,0.0000,0.0
21243,0.0000,0.0000,0.0
21243,0.0000,0.0000,0.0
21243,0.0000,0.0000,0.0
21243,0.0000,0.0000,0.0
21243,0.0000,0.0000,0.0
21243,0.0000,0.0000,0.0
21243,0.0000,0.0000,0.0
21243,0.0000,0.0000,0.0
21243,0.0000,0.0000,0.0
21243,0.0000,0.0000,0.0
21243,0.0000,0.0000,0.0
21243,0.0000,0.0000,0.0
21243,0.0000,0.0000,0.0
21243,0.0000,0.0000,0.0
21243,0.0000,0.0000,0.0
21243,0.0000,0.0000,0.0
21243,0.0000,0.0000,0.0
21243,0.0000,0.0000,0.0
21243,0.0000,0.0000,0.0
21243,0.0000,0.0000,0.0
21243,0.0000,0.0000,0.0
21243,0.0000,0.0000,0.0
21243,0.0000,0.0000,0.0
21243,0.0000,0.0000,0.0
21243,0.0000,0.0000,0.0
21243,0.0000,0.0000,0.0
21243,0.0000,0.0000,0.0
21243,0.0000,0.0000,0.0
21243,0.0000,0.0000,0.0
21243,0.0000,0.0000,0.0
21243,0.0000,0.0000,0.0
21243,0.0000,0.0000,0.0
21243,0.0000,0.0000,0.0
21243,0.0000,0.0000,0.0
21243,0.0000,0.0000,0.0
21243,0.0000,0.0000,0.0
21243,0.0000,0.0000,0.0
21243,0.0000,0.0000,0.0
21243,0.0000,0.0000,0.0
21243,0.0000,0.0000,0.0
21243,0.0000,0.0000,0.0
21243,0.0000,0.0000,0.0
21243,0.0000,0.0000,0.0
21243,0.0000,0.0000,0.0
21243,0.0000,0.0000,0.0
21243,0.0000,0.0000,0.0
21243,0.0000,0.0000,0.0
21243,0.0000,0.0000,0.0
21243,0.0000,0.0000,0.0
21243,0.0000,0.0000,0.0
21243,0.0000,0.0000,0.0
21243,0.0000,0.0000,0.0
21243,0.0000,0.0000,0.0
21243,0.0000,0.0000,0.0
21243,0.0000,0.0000,0.0
21243,0.0000,0.0000,0.0
21243,0.0000,0.0000,0.0
21243,0.0000,0.0000,0.0
21243,0.0000,0.0000,0.0
21243,0.0000,0.0000,0.0
21243,0.0000,0.0000,0.0
21243,0.0000,0.0000,0.0
21243,0.0000,0.0000,0.0
21243,0.0000,0.0000,0.0
21243,0.0000,0.0000,0.0
21243,0.0000,0.0000,0.0
21243,0.0000,0.0000,0.0
21243,0.0000,0.0000,0.0
21243,0.0000,0.0000,0.0
21243,0.0000,0.0000,0.0
21243,0.0000,0.0000,0.0
21243,0.0000,0.0000,0.0
21243,0.0000,0.0000,0.0
21243,0.0000,0.0000,0.0
21243,0.0000,0.0000,0.0
21243,0.0000,0.0000,0.0
21243,0.0000,0.0000,0.0
21243,0.0000,0.0000,0.0
21243,0.0000,0.0000,0.0
21243,0.0000,0.0000,0.0
21243,0.0000,0.0000,0.0
21243,0.0000,0.0000,0.0
21243,0.0000,0.0000,0.0
21243,0.0000,0.0000,0.0
21243,0.0000,0.0000,0.0
21243,0.0000,0.0000,0.0
21243,0.0000,0.0000,0.0
21243,0.0000,0.0000,0.0
21243,0.0000,0.0000,0.0
21243,0.0000,0.0000,0.0
21243,0.0000,0.0000,0.0
21243,0.0000,0.0000,0.0
21243,0.0000,0.0000,0.0
21243,0.0000,0.0000,0.0
21243,0.0000,0.0000,0.0
21243,0.0000,0.0000,0.0
21243,0.0000,0.0000,0.0
21243,0.0000,0.0000,0.0
21243,0.0000,0.0000,0.0
21243,0.0000,0.0000,0.0
21243,0.0000,0.0000,0.0
21243,0.0000,0.0000,0.0
21243,0.0000,0.0000,0.0
21243,0.0000,0.0000,0.0
21243,0.0000,0.0000,0.0
21243,0.0000,0.0000,0.0
21243,0.0000,0.0000,0.0
21243,0.0000,0.0000,0.0
21243,0.0000,0.0000,0.0
21243,0.0000,0.0000,0.0
21243,0.0000,0.0000,0.0
21243,0.0000,0.0000,0.0
21243,0.0000,0.0000,0.0
21243,0.0000,0.0000,0.0
21243,0.0000,0.0000,0.0
21243,0.0000,0.0000,0.0
21243,0.0000,0.0000,0.0
21243,0.0000,0.0000,0.0
21243,0.0000,0.0000,0.0
21243,0.0000,0.0000,0.0
21243,0.0000,0.0000,0.0
21243,0.0000,0.0000,0.0
21243,0.0000,0.0000,0.0
21243,0.0000,0.0000,0.0
21243,0.0000,0.0000,0.0
21243,0.0000,0.0000,0.0
21243,0.0000,0.0000,0.0
21243,0.0000,0.0000,0.0
21243,0.0000,0.0000,0.0
21243,0.0000,0.0000,0.0
21243,0.0000,0.0000,0.0
21243,0.0000,0.0000,0.0
21243,0.0000,0.0000,0.0
21243,0.0000,0.0000,0.0
21243,0.0000,0.0000,0.0
21243,0.0000,0.0000,0.0
21243,0.0000,0.0000,0.0
21243,0.0000,0.0000,0.0
21243,0.0000,0.0000,0.0
21243,0.0000,0.0000,0.0
21243,0.0000,0.0000,0.0
21243,0.0000,0.0000,0.0
21243,0.0000,0.0000,0.0
21243,0.0000,0.0000,0.0
21243,0.0000,0.0000,0.0
21243,0.0000,0.0000,0.0
21243,0.0000,0.0000,0.0
21243,0.0000,0.0000,0.0
21243,0.0000,0.0000,0.0
21243,0.0000,0.0000,0.0
21243,0.0000,0.0000,0.0
21243,0.0000,0.0000,0.0
21243,0.0000,0.0000,0.0
21243,0.0000,0.0000,0.0
21243,0.0000,0.0000,0.0
21243,0.0000,0.0000,0.0
21243,0.0000,0.0000,0.0
21243,0.0000,0.0000,0.0
21243,0.0000,0.0000,0.0
21243,0.0000,0.0000,0.0
21243,0.0000,0.0000,0.0
21243,0.0000,0.0000,0.0
21243,0.0000,0.0000,0.0
21243,0.0000,0.0000,0.0
21243,0.0000,0.0000,0.0
21243,0.0000,0.0000,0.0
21243,0.0000,0.0000,0.0
21243,0.0000,0.0000,0.0
21243,0.0000,0.0000,0.0
21243,0.0000,0.0000,0.0
21243,0.0000,0.0000,0.0
21243,0.0000,0.0000,0.0
21243,0.0000,0.0000,0.0
21243,0.0000,0.0000,0.0
21243,0.0000,0.0000,0.0
21243,0.0000,0.0000,0.0
21243,0.0000,0.0000,0.0
21243,0.0000,0.0000,0.0
21243,0.0000,0.0000,0.0
21243,0.0000,0.0000,0.0
21243,0.0000,0.0000,0.0
21243,0.0000,0.0000,0.0
21243,0.0000,0.0000,0.0
21243,0.0000,0.0000,0.0
21243,0.0000,0.0000,0.0
21243,0.0000,0.0000,0.0
21243,0.0000,0.0000,0.0
21243,0.0000,0.0000,0.0
21243,0.0000,0.0000,0.0
21243,0.0000,0.0000,0.0
21243,0.0000,0.0000,0.0
21243,0.0000,0.0000,0.0
21243,0.0000,0.0000,0.0
21243,0.0000,0.0000,0.0
21243,0.0000,0.0000,0.0
21243,0.0000,0.0000,0.0
21243,0.0000,0.0000,0.0
21243,0.0000,0.0000,0.0
21243,0.0000,0.0000,0.0
21243,0.0000,0.0000,0.0
21243,0.0000,0.0000,0.0
21243,0.0000,0.0000,0.0
21243,0.0000,0.0000,0.0
21243,0.0000,0.0000,0.0
21243,0.0000,0.0000,0.0
21243,0.0000,0.0000,0.0
21243,0.0000,0.0000,0.0
21243,0.0000,0.0000,0.0
21243,0.0000,0.0000,0.0
21243,0.0000,0.0000,0.0
21243,0.0000,0.0000,0.0
21243,0.0000,0.0000,0.0
21243,0.0000,0.0000,0.0
21243,0.0000,0.0000,0.0
21243,0.0000,0.0000,0.0
21243,0.0000,0.0000,0.0
21243,0.0000,0.0000,0.0
21243,0.0000,0.0000,0.0
21243,0.0000,0.0000,0.0
21243,0.0000,0.0000,0.0
21243,0.0000,0.0000,0.0
21243,0.0000,0.0000,0.0
21243,0.0000,0.0000,0.0
21243,0.0000,0.0000,0.0
21243,0.0000,0.0000,0.0
21243,0.0000,0.0000,0.0
21243,0.0000,0.0000,0.0
21243,0.0000,0.0000,0.0
21243,0.0000,0.0000,0.0
21243,0.0000,0.0000,0.0
21243,0.0000,0.0000,0.0
21243,0.0000,0.0000,0.0
21243,0.0000,0.0000,0.0
21243,0.0000,0.0000,0.0
21243,0.0000,0.0000,0.0
21243,0.0000,0.0000,0.0
21243,0.0000,0.0000,0.0
21243,0.0000,0.0000,0.0
21243,0.0000,0.0000,0.0
21243,0.0000,0.0000,0.0
21243,0.0000,0.0000,0.0
21243,0.0000,0.0000,0.0
21243,0.0000,0.0000,0.0
21243,0.0000,0.0000,0.0
21243,0.0000,0.0000,0.0
21243,0.0000,0.0000,0.0
21243,0.0000,0.0000,0.0
21243,0.0000,0.0000,0.0
21243,0.0000,0.0000,0.0
21243,0.0000,0.0000,0.0
21243,0.0000,0.0000,0.0
21243,0.0000,0.0000,0.0
21243,0.0000,0.0000,0.0
21243,0.0000,0.0000,0.0
21243,0.0000,0.0000,0.0
21243,0.0000,0.0000,0.0
21243,0.0000,0.0000,0.0
21243,0.0000,0.0000,0.0
21243,0.0000,0.0000,0.0
21243,0.0000,0.0000,0.0
21243,0.0000,0.0000,0.0
21243,0.0000,0.0000,0.0
21243,0.0000,0.0000,0.0
21243,0.0000,0.0000,0.0
21243,0.0000,0.0000,0.0
21243,0.0000,0.0000,0.0
21243,0.0000,0.0000,0.0
21243,0.0000,0.0000,0.0
21243,0.0000,0.0000,0.0
21243,0.0000,0.0000,0.0
21243,0.0000,0.0000,0.0
21243,0.0000,0.0000,0.0
21243,0.0000,0.0000,0.0
21243,0.0000,0.0000,0.0
21243,0.0000,0.0000,0.0
21243,0.0000,0.0000,0.0
21243,0.0000,0.0000,0.0
21243,0.0000,0.0000,0.0
21243,0.0000,0.0000,0.0
21243,0.0000,0.0000,0.0
21243,0.0000,0.0000,0.0
21243,0.0000,0.0000,0.0
21243,0.0000,0.0000,0.0
21243,0.0000,0.0000,0.0
21243,0.0000,0.0000,0.0
21243,0.0000,0.0000,0.0
21243,0.0000,0.0000,0.0
21243,0.0000,0.0000,0.0
21243,0.0000,0.0000,0.0
21243,0.0000,0.0000,0.0
21243,0.0000,0.0000,0.0
21243,0.0000,0.0000,0.0
21243,0.0000,0.0000,0.0
21243,0.0000,0.0000,0.0
21243,0.0000,0.0000,0.0
21243,0.0000,0.0000,0.0
21243,0.0000,0.0000,0.0
21243,0.0000,0.0000,0.0
21243,0.0000,0.0000,0.0
21243,0.0000,0.0000,0.0
21243,0.0000,0.0000,0.0
21243,0.0000,0.0000,0.0
21243,0.0000,0.0000,0.0
21243,0.0000,0.0000,0.0
21243,0.0000,0.0000,0.0
21243,0.0000,0.0000,0.0
21243,0.0000,0.0000,0.0
21243,0.0000,0.0000,0.0
21243,0.0000,0.0000,0.0
21243,0.0000,0.0000,0.0
21243,0.0000,0.0000,0.0
21243,0.0000,0.0000,0.0
21243,0.0000,0.0000,0.0
21243,0.0000,0.0000,0.0
21243,0.0000,0.0000,0.0
21243,0.0000,0.0000,0.0
21243,0.0000,0.0000,0.0
21243,0.0000,0.0000,0.0
21243,0.0000,0.0000,0.0
21243,0.0000,0.0000,0.0
21243,0.0000,0.0000,0.0
21243,0.0000,0.0000,0.0
21243,0.0000,0.0000,0.0
21243,0.0000,0.0000,0.0
21243,0.0000,0.0000,0.0
21243,0.0000,0.0000,0.0
21243,0.0000,0.0000,0.0
21243,0.0000,0.0000,0.0
21243,0.0000,0.0000,0.0
21243,0.0000,0.0000,0.0
21243,0.0000,0.0000,0.0
21243,0.0000,0.0000,0.0
21243,0.0000,0.0000,0.0
21243,0.0000,0.0000,0.0
21243,0.0000,0.0000,0.0
21243,0.0000,0.0000,0.0
21243,0.0000,0.0000,0.0
21243,0.0000,0.0000,0.0
21243,0.0000,0.0000,0.0
21243,0.0000,0.0000,0.0
21243,0.0000,0.0000,0.0
21243,0.0000,0.0000,0.0
21243,0.0000,0.0000,0.0
21243,0.0000,0.0000,0.0
21243,0.0000,0.0000,0.0
21243,0.0000,0.0000,0.0
21243,0.0000,0.0000,0.0
21243,0.0000,0.0000,0.0
21243,0.0000,0.0000,0.0
21243,0.0000,0.0000,0.0
21243,0.0000,0.0000,0.0
21243,0.0000,0.0000,0.0
21243,0.0000,0.0000,0.0
21243,0.0000,0.0000,0.0
21243,0.0000,0.0000,0.0
21243,0.0000,0.0000,0.0
21243,0.0000,0.0000,0.0
21243,0.0000,0.0000,0.0
21243,0.0000,0.0000,0.0
21243,0.0000,0.0000,0.0
21243,0.0000,0.0000,0.0
21243,0.0000,0.0000,0.0
21243,0.0000,0.0000,0.0
21243,0.0000,0.0000,0.0
21243,0.0000,0.0000,0.0
21243,0.0000,0.0000,0.0
21243,0.0000,0.0000,0.0
21243,0.0000,0.0000,0.0
21243,0.0000,0.0000,0.0
21243,0.0000,0.0000,0.0
21243,0.0000,0.0000,0.0
21243,0.0000,0.0000,0.0
21243,0.0000,0.0000,0.0
21243,0.0000,0.0000,0.0
21243,0.0000,0.0000,0.0
21243,0.0000,0.0000,0.0
21243,0.0000,0.0000,0.0
21243,0.0000,0.0000,0.0
21243,0.0000,0.0000,0.0
21243,0.0000,0.0000,0.0
21243,0.0000,0.0000,0.0
21243,0.0000,0.0000,0.0
21243,0.0000,0.0000,0.0
21243,0.0000,0.0000,0.0
21243,0.0000,0.0000,0.0
21243,0.0000,0.0000,0.0
21243,0.0000,0.0000,0.0
21243,0.0000,0.0000,0.0
21243,0.0000,0.0000,0.0
21243,0.0000,0.0000,0.0
21243,0.0000,0.0000,0.0
21243,0.0000,0.0000,0.0
21243,0.0000,0.0000,0.0
21243,0.0000,0.0000,0.0
21243,0.0000,0.0000,0.0
21243,0.0000,0.0000,0.0
21243,0.0000,0.0000,0.0
21243,0.0000,0.0000,0.0
21243,0.0000,0.0000,0.0
21243,0.0000,0.0000,0.0
21243,0.0000,0.0000,0.0
21243,0.0000,0.0000,0.0
21243,0.0000,0.0000,0.0
21243,0.0000,0.0000,0.0
21243,0.0000,0.0000,0.0
21243,0.0000,0.0000,0.0
21243,0.0000,0.0000,0.0
21243,0.0000,0.0000,0.0
21243,0.0000,0.0000,0.0
21243,0.0000,0.0000,0.0
21243,0.0000,0.0000,0.0
21243,0.0000,0.0000,0.0
21243,0.0000,0.0000,0.0
21243,0.0000,0.0000,0.0
21243,0.0000,0.0000,0.0
21243,0.0000,0.0000,0.0
21243,0.0000,0.0000,0.0
21243,0.0000,0.0000,0.0
21243,0.0000,0.0000,0.0
21243,0.0000,0.0000,0.0
21243,0.0000,0.0000,0.0
21243,0.0000,0.0000,0.0
21243,0.0000,0.0000,0.0
21243,0.0000,0.0000,0.0
21243,0.0000,0.0000,0.0
21243,0.0000,0.0000,0.0
21243,0.0000,0.0000,0.0
21243,0.0000,0.0000,0.0
21243,0.0000,0.0000,0.0
21243,0.0000,0.0000,0.0
21243,0.0000,0.0000,0.0
21243,0.0000,0.0000,0.0
21243,0.0000,0.0000,0.0
21243,0.0000,0.0000,0.0
21243,0.0000,0.0000,0.0
21243,0.0000,0.0000,0.0
21243,0.0000,0.0000,0.0
21243,0.0000,0.0000,0.0
21243,0.0000,0.0000,0.0
21243,0.0000,0.0000,0.0
21243,0.0000,0.0000,0.0
21243,0.0000,0.0000,0.0
21243,0.0000,0.0000,0.0
21243,0.0000,0.0000,0.0
21243,0.0000,0.0000,0.0
21243,0.0000,0.0000,0.0
21243,0.0000,0.0000,0.0
21243,0.0000,0.0000,0.0
21243,0.0000,0.0000,0.0
21243,0.0000,0.0000,0.0
21243,0.0000,0.0000,0.0
21243,0.0000,0.0000,0.0
21243,0.0000,0.0000,0.0
21243,0.0000,0.0000,0.0
21243,0.0000,0.0000,0.0
21243,0.0000,0.0000,0.0
21243,0.0000,0.0000,0.0
21243,0.0000,0.0000,0.0
21243,0.0000,0.0000,0.0
21243,0.0000,0.0000,0.0
21243,0.0000,0.0000,0.0
21243,0.0000,0.0000,0.0
21243,0.0000,0.0000,0.0
21243,0.0000,0.0000,0.0
21243,0.0000,0.0000,0.0
21243,0.0000,0.0000,0.0
21243,0.0000,0.0000,0.0
21243,0.0000,0.0000,0.0
21243,0.0000,0.0000,0.0
21243,0.0000,0.0000,0.0
21243,0.0000,0.0000,0.0
21243,0.0000,0.0000,0.0
21243,0.0000,0.0000,0.0
21243,0.0000,0.0000,0.0
21243,0.0000,0.0000,0.0
21243,0.0000,0.0000,0.0
21243,0.0000,0.0000,0.0
21243,0.0000,0.0000,0.0
21243,0.0000,0.0000,0.0
21243,0.0000,0.0000,0.0
21243,0.0000,0.0000,0.0
21243,0.0000,0.0000,0.0
21243,0.0000,0.0000,0.0
21243,0.0000,0.0000,0.0
21243,0.0000,0.0000,0.0
21243,0.0000,0.0000,0.0
21243,0.0000,0.0000,0.0
21243,0.0000,0.0000,0.0
21243,0.0000,0.0000,0.0
21243,0.0000,0.0000,0.0
21243,0.0000,0.0000,0.0
21243,0.0000,0.0000,0.0
21243,0.0000,0.0000,0.0
21243,0.0000,0.0000,0.0
21243,0.0000,0.0000,0.0
21243,0.0000,0.0000,0.0
21243,0.0000,0.0000,0.0
21243,0.0000,0.0000,0.0
21243,0.0000,0.0000,0.0
21243,0.0000,0.0000,0.0
21243,0.0000,0.0000,0.0
21243,0.0000,0.0000,0.0
21243,0.0000,0.0000,0.0
21243,0.0000,0.0000,0.0
21243,0.0000,0.0000,0.0
21243,0.0000,0.0000,0.0
21243,0.0000,0.0000,0.0
21243,0.0000,0.0000,0.0
21243,0.0000,0.0000,0.0
21243,0.0000,0.0000,0.0
21243,0.0000,0.0000,0.0
21243,0.0000,0.0000,0.0
21243,0.0000,0.0000,0.0
21243,0.0000,0.0000,0.0
21243,0.0000,0.0000,0.0
21243,0.0000,0.0000,0.0
21243,0.0000,0.0000,0.0
21243,0.0000,0.0000,0.0
21243,0.0000,0.0000,0.0
21243,0.0000,0.0000,0.0
21243,0.0000,0.0000,0.0
21243,0.0000,0.0000,0.0
21243,0.0000,0.0000,0.0
21243,0.0000,0.0000,0.0
21243,0.0000,0.0000,0.0
21243,0.0000,0.0000,0.0
21243,0.0000,0.0000,0.0
21243,0.0000,0.0000,0.0
21243,0.0000,0.0000,0.0
21243,0.0000,0.0000,0.0
21243,0.0000,0.0000,0.0
21243,0.0000,0.0000,0.0
21243,0.0000,0.0000,0.0
21243,0.0000,0.0000,0.0
21243,0.0000,0.0000,0.0
21243,0.0000,0.0000,0.0
21243,0.0000,0.0000,0.0
21243,0.0000,0.0000,0.0
21243,0.0000,0.0000,0.0
21243,0.0000,0.0000,0.0
21243,0.0000,0.0000,0.0
21243,0.0000,0.0000,0.0
21243,0.0000,0.0000,0.0
21243,0.0000,0.0000,0.0
21243,0.0000,0.0000,0.0
21243,0.0000,0.0000,0.0
21243,0.0000,0.0000,0.0
21243,0.0000,0.0000,0.0
21243,0.0000,0.0000,0.0
21243,0.0000,0.0000,0.0
21243,0.0000,0.0000,0.0
21243,0.0000,0.0000,0.0
21243,0.0000,0.0000,0.0
21243,0.0000,0.0000,0.0
21243,0.0000,0.0000,0.0
21243,0.0000,0.0000,0.0
21243,0.0000,0.0000,0.0
21243,0.0000,0.0000,0.0
21243,0.0000,0.0000,0.0
21243,0.0000,0.0000,0.0
21243,0.0000,0.0000,0.0
21243,0.0000,0.0000,0.0
21243,0.0000,0.0000,0.0
21243,0.0000,0.0000,0.0
21243,0.0000,0.0000,0.0
21243,0.0000,0.0000,0.0
21243,0.0000,0.0000,0.0
21243,0.0000,0.0000,0.0
21243,0.0000,0.0000,0.0
21243,0.0000,0.0000,0.0
21243,0.0000,0.0000,0.0
21243,0.0000,0.0000,0.0
21243,0.0000,0.0000,0.0
21243,0.0000,0.0000,0.0
21243,0.0000,0.0000,0.0
21243,0.0000,0.0000,0.0
21243,0.0000,0.0000,0.0
21243,0.0000,0.0000,0.0
21243,0.0000,0.0000,0.0
21243,0.0000,0.0000,0.0
21243,0.0000,0.0000,0.0
21243,0.0000,0.0000,0.0
21243,0.0000,0.0000,0.0
21243,0.0000,0.0000,0.0
21243,0.0000,0.0000,0.0
21243,0.0000,0.0000,0.0
21243,0.0000,0.0000,0.0
21243,0.0000,0.0000,0.0
21243,0.0000,0.0000,0.0
21243,0.0000,0.0000,0.0
21243,0.0000,0.0000,0.0
21243,0.0000,0.0000,0.0
21243,0.0000,0.0000,0.0
21243,0.0000,0.0000,0.0
21243,0.0000,0.0000,0.0
21243,0.0000,0.0000,0.0
21243,0.0000,0.0000,0.0
21243,0.0000,0.0000,0.0
21243,0.0000,0.0000,0.0
21243,0.0000,0.0000,0.0
21243,0.0000,0.0000,0.0
21243,0.0000,0.0000,0.0
21243,0.0000,0.0000,0.0
21243,0.0000,0.0000,0.0
21243,0.0000,0.0000,0.0
21243,0.0000,0.0000,0.0
21243,0.0000,0.0000,0.0
21243,0.0000,0.0000,0.0
21243,0.0000,0.0000,0.0
21243,0.0000,0.0000,0.0
21243,0.0000,0.0000,0.0
21243,0.0000,0.0000,0.0
21243,0.0000,0.0000,0.0
21243,0.0000,0.0000,0.0
21243,0.0000,0.0000,0.0
21243,0.0000,0.0000,0.0
21243,0.0000,0.0000,0.0
21243,0.0000,0.0000,0.0
21243,0.0000,0.0000,0.0
21243,0.0000,0.0000,0.0
21243,0.0000,0.0000,0.0
21243,0.0000,0.0000,0.0
21243,0.0000,0.0000,0.0
21243,0.0000,0.0000,0.0
21243,0.0000,0.0000,0.0
21243,0.0000,0.0000,0.0
21243,0.0000,0.0000,0.0
21243,0.0000,0.0000,0.0
21243,0.0000,0.0000,0.0
21243,0.0000,0.0000,0.0
21243,0.0000,0.0000,0.0
21243,0.0000,0.0000,0.0
21243,0.0000,0.0000,0.0
21243,0.0000,0.0000,0.0
21243,0.0000,0.0000,0.0
21243,0.0000,0.0000,0.0
21243,0.0000,0.0000,0.0
21243,0.0000,0.0000,0.0
21243,0.0000,0.0000,0.0
21243,0.0000,0.0000,0.0
21243,0.0000,0.0000,0.0
21243,0.0000,0.0000,0.0
21243,0.0000,0.0000,0.0
21243,0.0000,0.0000,0.0
21243,0.0000,0.0000,0.0
21243,0.0000,0.0000,0.0
21243,0.0000,0.0000,0.0
21243,0.0000,0.0000,0.0
21243,0.0000,0.0000,0.0
21243,0.0000,0.0000,0.0
21243,0.0000,0.0000,0.0
21243,0.0000,0.0000,0.0
21243,0.0000,0.0000,0.0
21243,0.0000,0.0000,0.0
21243,0.0000,0.0000,0.0
21243,0.0000,0.0000,0.0
21243,0.0000,0.0000,0.0
21243,0.0000,0.0000,0.0
21243,0.0000,0.0000,0.0
21243,0.0000,0.0000,0.0
21243,0.0000,0.0000,0.0
21243,0.0000,0.0000,0.0
21243,0.0000,0.0000,0.0
21243,0.0000,0.0000,0.0
21243,0.0000,0.0000,0.0
21243,0.0000,0.0000,0.0
21243,0.0000,0.0000,0.0
21243,0.0000,0.0000,0.0
21243,0.0000,0.0000,0.0
21243,0.0000,0.0000,0.0
21243,0.0000,0.0000,0.0
21243,0.0000,0.0000,0.0
21243,0.0000,0.0000,0.0
21243,0.0000,0.0000,0.0
21243,0.0000,0.0000,0.0
21243,0.0000,0.0000,0.0
21243,0.0000,0.0000,0.0
21243,0.0000,0.0000,0.0
21243,0.0000,0.0000,0.0
21243,0.0000,0.0000,0.0
21243,0.0000,0.0000,0.0
21243,0.0000,0.0000,0.0
21243,0.0000,0.0000,0.0
21243,0.0000,0.0000,0.0
21243,0.0000,0.0000,0.0
21243,0.0000,0.0000,0.0
21243,0.0000,0.0000,0.0
21243,0.0000,0.0000,0.0
21243,0.0000,0.0000,0.0
21243,0.0000,0.0000,0.0
21243,0.0000,0.0000,0.0
21243,0.0000,0.0000,0.0
21243,0.0000,0.0000,0.0
21243,0.0000,0.0000,0.0
21243,0.0000,0.0000,0.0
21243,0.0000,0.0000,0.0
21243,0.0000,0.0000,0.0
21243,0.0000,0.0000,0.0
21243,0.0000,0.0000,0.0
21243,0.0000,0.0000,0.0
21243,0.0000,0.0000,0.0
21243,0.0000,0.0000,0.0
21243,0.0000,0.0000,0.0
21243,0.0000,0.0000,0.0
21243,0.0000,0.0000,0.0
21243,0.0000,0.0000,0.0
21243,0.0000,0.0000,0.0
21243,0.0000,0.0000,0.0
21243,0.0000,0.0000,0.0
21243,0.0000,0.0000,0.0
21243,0.0000,0.0000,0.0
21243,0.0000,0.0000,0.0
21243,0.0000,0.0000,0.0
21243,0.0000,0.0000,0.0
21243,0.0000,0.0000,0.0
21243,0.0000,0.0000,0.0
21243,0.0000,0.0000,0.0
21243,0.0000,0.0000,0.0
21243,0.0000,0.0000,0.0
21243,0.0000,0.0000,0.0
21243,0.0000,0.0000,0.0
21243,0.0000,0.0000,0.0
21243,0.0000,0.0000,0.0
21243,0.0000,0.0000,0.0
21243,0.0000,0.0000,0.0
21243,0.0000,0.0000,0.0
21243,0.0000,0.0000,0.0
21243,0.0000,0.0000,0.0
21243,0.0000,0.0000,0.0
21243,0.0000,0.0000,0.0
21243,0.0000,0.0000,0.0
21243,0.0000,0.0000,0.0
21243,0.0000,0.0000,0.0
21243,0.0000,0.0000,0.0
21243,0.0000,0.0000,0.0
21243,0.0000,0.0000,0.0
21243,0.0000,0.0000,0.0
21243,0.0000,0.0000,0.0
21243,0.0000,0.0000,0.0
21243,0.0000,0.0000,0.0
21243,0.0000,0.0000,0.0
21243,0.0000,0.0000,0.0
21243,0.0000,0.0000,0.0
21243,0.0000,0.0000,0.0
21243,0.0000,0.0000,0.0
21243,0.0000,0.0000,0.0
21243,0.0000,0.0000,0.0
21243,0.0000,0.0000,0.0
21243,0.0000,0.0000,0.0
21243,0.0000,0.0000,0.0
21243,0.0000,0.0000,0.0
21243,0.0000,0.0000,0.0
21243,0.0000,0.0000,0.0
21243,0.0000,0.0000,0.0
21243,0.0000,0.0000,0.0
21243,0.0000,0.0000,0.0
21243,0.0000,0.0000,0.0
21243,0.0000,0.0000,0.0
21243,0.0000,0.0000,0.0
21243,0.0000,0.0000,0.0
21243,0.0000,0.0000,0.0
21243,0.0000,0.0000,0.0
21243,0.0000,0.0000,0.0
21243,0.0000,0.0000,0.0
21243,0.0000,0.0000,0.0
21243,0.0000,0.0000,0.0
21243,0.0000,0.0000,0.0
21243,0.0000,0.0000,0.0
21243,0.0000,0.0000,0.0
21243,0.0000,0.0000,0.0
21243,0.0000,0.0000,0.0
21243,0.0000,0.0000,0.0
21243,0.0000,0.0000,0.0
21243,0.0000,0.0000,0.0
21243,0.0000,0.0000,0.0
21243,0.0000,0.0000,0.0
21243,0.0000,0.0000,0.0
21243,0.0000,0.0000,0.0
21243,0.0000,0.0000,0.0
21243,0.0000,0.0000,0.0
21243,0.0000,0.0000,0.0
21243,0.0000,0.0000,0.0
21243,0.0000,0.0000,0.0
21243,0.0000,0.0000,0.0
21243,0.0000,0.0000,0.0
21243,0.0000,0.0000,0.0
21243,0.0000,0.0000,0.0
21243,0.0000,0.0000,0.0
21243,0.0000,0.0000,0.0
21243,0.0000,0.0000,0.0
21243,0.0000,0.0000,0.0
21243,0.0000,0.0000,0.0
21243,0.0000,0.0000,0.0
21243,0.0000,0.0000,0.0
21243,0.0000,0.0000,0.0
21243,0.0000,0.0000,0.0
21243,0.0000,0.0000,0.0
21243,0.0000,0.0000,0.0
21243,0.0000,0.0000,0.0
21243,0.0000,0.0000,0.0
21243,0.0000,0.0000,0.0
21243,0.0000,0.0000,0.0
21243,0.0000,0.0000,0.0
21243,0.0000,0.0000,0.0
21243,0.0000,0.0000,0.0
21243,0.0000,0.0000,0.0
21243,0.0000,0.0000,0.0
21243,0.0000,0.0000,0.0
21243,0.0000,0.0000,0.0
21243,0.0000,0.0000,0.0
21243,0.0000,0.0000,0.0
21243,0.0000,0.0000,0.0
21243,0.0000,0.0000,0.0
21243,0.0000,0.0000,0.0
21243,0.0000,0.0000,0.0
21243,0.0000,0.0000,0.0
21243,0.0000,0.0000,0.0
21243,0.0000,0.0000,0.0
21243,0.0000,0.0000,0.0
21243,0.0000,0.0000,0.0
21243,0.0000,0.0000,0.0
21243,0.0000,0.0000,0.0
21243,0.0000,0.0000,0.0
21243,0.0000,0.0000,0.0
21243,0.0000,0.0000,0.0
21243,0.0000,0.0000,0.0
21243,0.0000,0.0000,0.0
21243,0.0000,0.0000,0.0
21243,0.0000,0.0000,0.0
21243,0.0000,0.0000,0.0
21243,0.0000,0.0000,0.0
21243,0.0000,0.0000,0.0
21243,0.0000,0.0000,0.0
21243,0.0000,0.0000,0.0
21243,0.0000,0.0000,0.0
21243,0.0000,0.0000,0.0
21243,0.0000,0.0000,0.0
21243,0.0000,0.0000,0.0
21243,0.0000,0.0000,0.0
21243,0.0000,0.0000,0.0
21243,0.0000,0.0000,0.0
21243,0.0000,0.0000,0.0
21243,0.0000,0.0000,0.0
21243,0.0000,0.0000,0.0
21243,0.0000,0.0000,0.0
21243,0.0000,0.0000,0.0
21243,0.0000,0.0000,0.0
21243,0.0000,0.0000,0.0
21243,0.0000,0.0000,0.0
21243,0.0000,0.0000,0.0
21243,0.0000,0.0000,0.0
21243,0.0000,0.0000,0.0
21243,0.0000,0.0000,0.0
21243,0.0000,0.0000,0.0
21243,0.0000,0.0000,0.0
21243,0.0000,0.0000,0.0
21243,0.0000,0.0000,0.0
21243,0.0000,0.0000,0.0
21243,0.0000,0.0000,0.0
21243,0.0000,0.0000,0.0
21243,0.0000,0.0000,0.0
21243,0.0000,0.0000,0.0
21243,0.0000,0.0000,0.0
21243,0.0000,0.0000,0.0
21243,0.0000,0.0000,0.0
21243,0.0000,0.0000,0.0
21243,0.0000,0.0000,0.0
21243,0.0000,0.0000,0.0
21243,0.0000,0.0000,0.0
21243,0.0000,0.0000,0.0
21243,0.0000,0.0000,0.0
21243,0.0000,0.0000,0.0
21243,0.0000,0.0000,0.0
21243,0.0000,0.0000,0.0
21243,0.0000,0.0000,0.0
21243,0.0000,0.0000,0.0
21243,0.0000,0.0000,0.0
21243,0.0000,0.0000,0.0
21243,0.0000,0.0000,0.0
21243,0.0000,0.0000,0.0
21243,0.0000,0.0000,0.0
21243,0.0000,0.0000,0.0
21243,0.0000,0.0000,0.0
21243,0.0000,0.0000,0.0
21243,0.0000,0.0000,0.0
21243,0.0000,0.0000,0.0
21243,0.0000,0.0000,0.0
21243,0.0000,0.0000,0.0
21243,0.0000,0.0000,0.0
21243,0.0000,0.0000,0.0
21243,0.0000,0.0000,0.0
21243,0.0000,0.0000,0.0
21243,0.0000,0.0000,0.0
21243,0.0000,0.0000,0.0
21243,0.0000,0.0000,0.0
21243,0.0000,0.0000,0.0
21243,0.0000,0.0000,0.0
21243,0.0000,0.0000,0.0
21243,0.0000,0.0000,0.0
21243,0.0000,0.0000,0.0
21243,0.0000,0.0000,0.0
21243,0.0000,0.0000,0.0
21243,0.0000,0.0000,0.0
21243,0.0000,0.0000,0.0
21243,0.0000,0.0000,0.0
21243,0.0000,0.0000,0.0
21243,0.0000,0.0000,0.0
21243,0.0000,0.0000,0.0
21243,0.0000,0.0000,0.0
21243,0.0000,0.0000,0.0
21243,0.0000,0.0000,0.0
21243,0.0000,0.0000,0.0
21243,0.0000,0.0000,0.0
21243,0.0000,0.0000,0.0
21243,0.0000,0.0000,0.0
21243,0.0000,0.0000,0.0
21243,0.0000,0.0000,0.0
21243,0.0000,0.0000,0.0
21243,0.0000,0.0000,0.0
21243,0.0000,0.0000,0.0
21243,0.0000,0.0000,0.0
21243,0.0000,0.0000,0.0
21243,0.0000,0.0000,0.0
21243,0.0000,0.0000,0.0
21243,0.0000,0.0000,0.0
21243,0.0000,0.0000,0.0
21243,0.0000,0.0000,0.0
21243,0.0000,0.0000,0.0
21243,0.0000,0.0000,0.0
21243,0.0000,0.0000,0.0
21243,0.0000,0.0000,0.0
21243,0.0000,0.0000,0.0
21243,0.0000,0.0000,0.0
21243,0.0000,0.0000,0.0
21243,0.0000,0.0000,0.0
21243,0.0000,0.0000,0.0
21243,0.0000,0.0000,0.0
21243,0.0000,0.0000,0.0
21243,0.0000,0.0000,0.0
21243,0.0000,0.0000,0.0
21243,0.0000,0.0000,0.0
21243,0.0000,0.0000,0.0
21243,0.0000,0.0000,0.0
21243,0.0000,0.0000,0.0
21243,0.0000,0.0000,0.0
21243,0.0000,0.0000,0.0
21243,0.0000,0.0000,0.0
21243,0.0000,0.0000,0.0
21243,0.0000,0.0000,0.0
21243,0.0000,0.0000,0.0
21243,0.0000,0.0000,0.0
21243,0.0000,0.0000,0.0
21243,0.0000,0.0000,0.0
21243,0.0000,0.0000,0.0
21243,0.0000,0.0000,0.0
21243,0.0000,0.0000,0.0
21243,0.0000,0.0000,0.0
21243,0.0000,0.0000,0.0
21243,0.0000,0.0000,0.0
21243,0.0000,0.0000,0.0
21243,0.0000,0.0000,0.0
21243,0.0000,0.0000,0.0
21243,0.0000,0.0000,0.0
21243,0.0000,0.0000,0.0
21243,0.0000,0.0000,0.0
21243,0.0000,0.0000,0.0
21243,0.0000,0.0000,0.0
21243,0.0000,0.0000,0.0
21243,0.0000,0.0000,0.0
21243,0.0000,0.0000,0.0
21243,0.0000,0.0000,0.0
21243,0.0000,0.0000,0.0
21243,0.0000,0.0000,0.0
21243,0.0000,0.0000,0.0
21243,0.0000,0.0000,0.0
21243,0.0000,0.0000,0.0
21243,0.0000,0.0000,0.0
21243,0.0000,0.0000,0.0
21243,0.0000,0.0000,0.0
21243,0.0000,0.0000,0.0
21243,0.0000,0.0000,0.0
21243,0.0000,0.0000,0.0
21243,0.0000,0.0000,0.0
21243,0.0000,0.0000,0.0
21243,0.0000,0.0000,0.0
21243,0.0000,0.0000,0.0
21243,0.0000,0.0000,0.0
21243,0.0000,0.0000,0.0
21243,0.0000,0.0000,0.0
21243,0.0000,0.0000,0.0
21243,0.0000,0.0000,0.0
21243,0.0000,0.0000,0.0
21243,0.0000,0.0000,0.0
21243,0.0000,0.0000,0.0
21243,0.0000,0.0000,0.0
21243,0.0000,0.0000,0.0
21243,0.0000,0.0000,0.0
21243,0.0000,0.0000,0.0
21243,0.0000,0.0000,0.0
21243,0.0000,0.0000,0.0
21243,0.0000,0.0000,0.0
21243,0.0000,0.0000,0.0
21243,0.0000,0.0000,0.0
21243,0.0000,0.0000,0.0
21243,0.0000,0.0000,0.0
21243,0.0000,0.0000,0.0
21243,0.0000,0.0000,0.0
21243,0.0000,0.0000,0.0
21243,0.0000,0.0000,0.0
21243,0.0000,0.0000,0.0
21243,0.0000,0.0000,0.0
21243,0.0000,0.0000,0.0
21243,0.0000,0.0000,0.0
21243,0.0000,0.0000,0.0
21243,0.0000,0.0000,0.0
21243,0.0000,0.0000,0.0
21243,0.0000,0.0000,0.0
21243,0.0000,0.0000,0.0
21243,0.0000,0.0000,0.0
21243,0.0000,0.0000,0.0
21243,0.0000,0.0000,0.0
21243,0.0000,0.0000,0.0
21243,0.0000,0.0000,0.0
21243,0.0000,0.0000,0.0
21243,0.0000,0.0000,0.0
21243,0.0000,0.0000,0.0
21243,0.0000,0.0000,0.0
21243,0.0000,0.0000,0.0
21243,0.0000,0.0000,0.0
21243,0.0000,0.0000,0.0
21243,0.0000,0.0000,0.0
21243,0.0000,0.0000,0.0
21243,0.0000,0.0000,0.0
21243,0.0000,0.0000,0.0
21243,0.0000,0.0000,0.0
21243,0.0000,0.0000,0.0
21243,0.0000,0.0000,0.0
21243,0.0000,0.0000,0.0
21243,0.0000,0.0000,0.0
21243,0.0000,0.0000,0.0
21243,0.0000,0.0000,0.0
21243,0.0000,0.0000,0.0
21243,0.0000,0.0000,0.0
21243,0.0000,0.0000,0.0
21243,0.0000,0.0000,0.0
21243,0.0000,0.0000,0.0
21243,0.0000,0.0000,0.0
21243,0.0000,0.0000,0.0
21243,0.0000,0.0000,0.0
21243,0.0000,0.0000,0.0
21243,0.0000,0.0000,0.0
21243,0.0000,0.0000,0.0
21243,0.0000,0.0000,0.0
21243,0.0000,0.0000,0.0
21243,0.0000,0.0000,0.0
21243,0.0000,0.0000,0.0
21243,0.0000,0.0000,0.0
21243,0.0000,0.0000,0.0
21243,0.0000,0.0000,0.0
21243,0.0000,0.0000,0.0
21243,0.0000,0.0000,0.0
21243,0.0000,0.0000,0.0
21243,0.0000,0.0000,0.0
21243,0.0000,0.0000,0.0
21243,0.0000,0.0000,0.0
21243,0.0000,0.0000,0.0
21243,0.0000,0.0000,0.0
21243,0.0000,0.0000,0.0
21243,0.0000,0.0000,0.0
21243,0.0000,0.0000,0.0
21243,0.0000,0.0000,0.0
21243,0.0000,0.0000,0.0
21243,0.0000,0.0000,0.0
21243,0.0000,0.0000,0.0
21243,0.0000,0.0000,0.0
21243,0.0000,0.0000,0.0
21243,0.0000,0.0000,0.0
21243,0.0000,0.0000,0.0
21243,0.0000,0.0000,0.0
21243,0.0000,0.0000,0.0
21243,0.0000,0.0000,0.0
21243,0.0000,0.0000,0.0
21243,0.0000,0.0000,0.0
21243,0.0000,0.0000,0.0
21243,0.0000,0.0000,0.0
21243,0.0000,0.0000,0.0
21243,0.0000,0.0000,0.0
21243,0.0000,0.0000,0.0
21243,0.0000,0.0000,0.0
21243,0.0000,0.0000,0.0
21243,0.0000,0.0000,0.0
21243,0.0000,0.0000,0.0
21243,0.0000,0.0000,0.0
21243,0.0000,0.0000,0.0
21243,0.0000,0.0000,0.0
21243,0.0000,0.0000,0.0
21243,0.0000,0.0000,0.0
21243,0.0000,0.0000,0.0
21243,0.0000,0.0000,0.0
21243,0.0000,0.0000,0.0
21243,0.0000,0.0000,0.0
21243,0.0000,0.0000,0.0
21243,0.0000,0.0000,0.0
21243,0.0000,0.0000,0.0
21243,0.0000,0.0000,0.0
21243,0.0000,0.0000,0.0
21243,0.0000,0.0000,0.0
21243,0.0000,0.0000,0.0
21243,0.0000,0.0000,0.0
21243,0.0000,0.0000,0.0
21243,0.0000,0.0000,0.0
21243,0.0000,0.0000,0.0
21243,0.0000,0.0000,0.0
21243,0.0000,0.0000,0.0
21243,0.0000,0.0000,0.0
21243,0.0000,0.0000,0.0
21243,0.0000,0.0000,0.0
21243,0.0000,0.0000,0.0
21243,0.0000,0.0000,0.0
21243,0.0000,0.0000,0.0
21243,0.0000,0.0000,0.0
21243,0.0000,0.0000,0.0
21243,0.0000,0.0000,0.0
21243,0.0000,0.0000,0.0
21243,0.0000,0.0000,0.0
21243,0.0000,0.0000,0.0
21243,0.0000,0.0000,0.0
21243,0.0000,0.0000,0.0
21243,0.0000,0.0000,0.0
21243,0.0000,0.0000,0.0
21243,0.0000,0.0000,0.0
21243,0.0000,0.0000,0.0
21243,0.0000,0.0000,0.0
21243,0.0000,0.0000,0.0
21243,0.0000,0.0000,0.0
21243,0.0000,0.0000,0.0
21243,0.0000,0.0000,0.0
21243,0.0000,0.0000,0.0
21243,0.0000,0.0000,0.0
21243,0.0000,0.0000,0.0
21243,0.0000,0.0000,0.0
21243,0.0000,0.0000,0.0
21243,0.0000,0.0000,0.0
21243,0.0000,0.0000,0.0
21243,0.0000,0.0000,0.0
21243,0.0000,0.0000,0.0
21243,0.0000,0.0000,0.0
21243,0.0000,0.0000,0.0
21243,0.0000,0.0000,0.0
21243,0.0000,0.0000,0.0
21243,0.0000,0.0000,0.0
21243,0.0000,0.0000,0.0
21243,0.0000,0.0000,0.0
21243,0.0000,0.0000,0.0
21243,0.0000,0.0000,0.0
21243,0.0000,0.0000,0.0
21243,0.0000,0.0000,0.0
21243,0.0000,0.0000,0.0
21243,0.0000,0.0000,0.0
21243,0.0000,0.0000,0.0
21243,0.0000,0.0000,0.0
21243,0.0000,0.0000,0.0
21243,0.0000,0.0000,0.0
21243,0.0000,0.0000,0.0
21243,0.0000,0.0000,0.0
21243,0.0000,0.0000,0.0
21243,0.0000,0.0000,0.0
21243,0.0000,0.0000,0.0
21243,0.0000,0.0000,0.0
21243,0.0000,0.0000,0.0
21243,0.0000,0.0000,0.0
21243,0.0000,0.0000,0.0
21243,0.0000,0.0000,0.0
21243,0.0000,0.0000,0.0
21243,0.0000,0.0000,0.0
21243,0.0000,0.0000,0.0
21243,0.0000,0.0000,0.0
21243,0.0000,0.0000,0.0
21243,0.0000,0.0000,0.0
21243,0.0000,0.0000,0.0
21243,0.0000,0.0000,0.0
21243,0.0000,0.0000,0.0
21243,0.0000,0.0000,0.0
21243,0.0000,0.0000,0.0
21243,0.0000,0.0000,0.0
21243,0.0000,0.0000,0.0
21243,0.0000,0.0000,0.0
21243,0.0000,0.0000,0.0
21243,0.0000,0.0000,0.0
21243,0.0000,0.0000,0.0
21243,0.0000,0.0000,0.0
21243,0.0000,0.0000,0.0
21243,0.0000,0.0000,0.0
21243,0.0000,0.0000,0.0
21243,0.0000,0.0000,0.0
21243,0.0000,0.0000,0.0
21243,0.0000,0.0000,0.0
21243,0.0000,0.0000,0.0
21243,0.0000,0.0000,0.0
21243,0.0000,0.0000,0.0
21243,0.0000,0.0000,0.0
21243,0.0000,0.0000,0.0
21243,0.0000,0.0000,0.0
21243,0.0000,0.0000,0.0
21243,0.0000,0.0000,0.0
21243,0.0000,0.0000,0.0
21243,0.0000,0.0000,0.0
21243,0.0000,0.0000,0.0
21243,0.0000,0.0000,0.0
21243,0.0000,0.0000,0.0
21243,0.0000,0.0000,0.0
21243,0.0000,0.0000,0.0
21243,0.0000,0.0000,0.0
21243,0.0000,0.0000,0.0
21243,0.0000,0.0000,0.0
21243,0.0000,0.0000,0.0
21243,0.0000,0.0000,0.0
21243,0.0000,0.0000,0.0
21243,0.0000,0.0000,0.0
21243,0.0000,0.0000,0.0
21243,0.0000,0.0000,0.0
21243,0.0000,0.0000,0.0
21243,0.0000,0.0000,0.0
21243,0.0000,0.0000,0.0
21243,0.0000,0.0000,0.0
21243,0.0000,0.0000,0.0
21243,0.0000,0.0000,0.0
21243,0.0000,0.0000,0.0
21243,0.0000,0.0000,0.0
21243,0.0000,0.0000,0.0
21243,0.0000,0.0000,0.0
21243,0.0000,0.0000,0.0
21243,0.0000,0.0000,0.0
21243,0.0000,0.0000,0.0
21243,0.0000,0.0000,0.0
21243,0.0000,0.0000,0.0
21243,0.0000,0.0000,0.0
21243,0.0000,0.0000,0.0
21243,0.0000,0.0000,0.0
21243,0.0000,0.0000,0.0
21243,0.0000,0.0000,0.0
21243,0.0000,0.0000,0.0
21243,0.0000,0.0000,0.0
21243,0.0000,0.0000,0.0
21243,0.0000,0.0000,0.0
21243,0.0000,0.0000,0.0
21243,0.0000,0.0000,0.0
21243,0.0000,0.0000,0.0
21243,0.0000,0.0000,0.0
21243,0.0000,0.0000,0.0
21243,0.0000,0.0000,0.0
21243,0.0000,0.0000,0.0
21243,0.0000,0.0000,0.0
21243,0.0000,0.0000,0.0
21243,0.0000,0.0000,0.0
21243,0.0000,0.0000,0.0
21243,0.0000,0.0000,0.0
21243,0.0000,0.0000,0.0
21243,0.0000,0.0000,0.0
21243,0.0000,0.0000,0.0
21243,0.0000,0.0000,0.0
21243,0.0000,0.0000,0.0
21243,0.0000,0.0000,0.0
21243,0.0000,0.0000,0.0
21243,0.0000,0.0000,0.0
21243,0.0000,0.0000,0.0
21243,0.0000,0.0000,0.0
21243,0.0000,0.0000,0.0
21243,0.0000,0.0000,0.0
21243,0.0000,0.0000,0.0
21243,0.0000,0.0000,0.0
21243,0.0000,0.0000,0.0
21243,0.0000,0.0000,0.0
21243,0.0000,0.0000,0.0
21243,0.0000,0.0000,0.0
21243,0.0000,0.0000,0.0
21243,0.0000,0.0000,0.0
21243,0.0000,0.0000,0.0
21243,0.0000,0.0000,0.0
21243,0.0000,0.0000,0.0
21243,0.0000,0.0000,0.0
21243,0.0000,0.0000,0.0
21243,0.0000,0.0000,0.0
21243,0.0000,0.0000,0.0
21243,0.0000,0.0000,0.0
21243,0.0000,0.0000,0.0
21243,0.0000,0.0000,0.0
21243,0.0000,0.0000,0.0
21243,0.0000,0.0000,0.0
21243,0.0000,0.0000,0.0
21243,0.0000,0.0000,0.0
21243,0.0000,0.0000,0.0
21243,0.0000,0.0000,0.0
21243,0.0000,0.0000,0.0
21243,0.0000,0.0000,0.0
21243,0.0000,0.0000,0.0
21243,0.0000,0.0000,0.0
21243,0.0000,0.0000,0.0
21243,0.0000,0.0000,0.0
21243,0.0000,0.0000,0.0
21243,0.0000,0.0000,0.0
21243,0.0000,0.0000,0.0
21243,0.0000,0.0000,0.0
21243,0.0000,0.0000,0.0
21243,0.0000,0.0000,0.0
21243,0.0000,0.0000,0.0
21243,0.0000,0.0000,0.0
21243,0.0000,0.0000,0.0
21243,0.0000,0.0000,0.0
21243,0.0000,0.0000,0.0
21243,0.0000,0.0000,0.0
21243,0.0000,0.0000,0.0
21243,0.0000,0.0000,0.0
21243,0.0000,0.0000,0.0
21243,0.0000,0.0000,0.0
21243,0.0000,0.0000,0.0
21243,0.0000,0.0000,0.0
21243,0.0000,0.0000,0.0
21243,0.0000,0.0000,0.0
21243,0.0000,0.0000,0.0
21243,0.0000,0.0000,0.0
21243,0.0000,0.0000,0.0
21243,0.0000,0.0000,0.0
21243,0.0000,0.0000,0.0
21243,0.0000,0.0000,0.0
21243,0.0000,0.0000,0.0
21243,0.0000,0.0000,0.0
21243,0.0000,0.0000,0.0
21243,0.0000,0.0000,0.0
21243,0.0000,0.0000,0.0
21243,0.0000,0.0000,0.0
21243,0.0000,0.0000,0.0
21243,0.0000,0.0000,0.0
21243,0.0000,0.0000,0.0
21243,0.0000,0.0000,0.0
21243,0.0000,0.0000,0.0
21243,0.0000,0.0000,0.0
21243,0.0000,0.0000,0.0
21243,0.0000,0.0000,0.0
21243,0.0000,0.0000,0.0
21243,0.0000,0.0000,0.0
21243,0.0000,0.0000,0.0
21243,0.0000,0.0000,0.0
21243,0.0000,0.0000,0.0
21243,0.0000,0.0000,0.0
21243,0.0000,0.0000,0.0
21243,0.0000,0.0000,0.0
21243,0.0000,0.0000,0.0
21243,0.0000,0.0000,0.0
21243,0.0000,0.0000,0.0
21243,0.0000,0.0000,0.0
21243,0.0000,0.0000,0.0
21243,0.0000,0.0000,0.0
21243,0.0000,0.0000,0.0
21243,0.0000,0.0000,0.0
21243,0.0000,0.0000,0.0
21243,0.0000,0.0000,0.0
21243,0.0000,0.0000,0.0
21243,0.0000,0.0000,0.0
21243,0.0000,0.0000,0.0
21243,0.0000,0.0000,0.0
21243,0.0000,0.0000,0.0
21243,0.0000,0.0000,0.0
21243,0.0000,0.0000,0.0
21243,0.0000,0.0000,0.0
21243,0.0000,0.0000,0.0
21243,0.0000,0.0000,0.0
21243,0.0000,0.0000,0.0
21243,0.0000,0.0000,0.0
21243,0.0000,0.0000,0.0
21243,0.0000,0.0000,0.0
21243,0.0000,0.0000,0.0
21243,0.0000,0.0000,0.0
21243,0.0000,0.0000,0.0
21243,0.0000,0.0000,0.0
21243,0.0000,0.0000,0.0
21243,0.0000,0.0000,0.0
21243,0.0000,0.0000,0.0
21243,0.0000,0.0000,0.0
21243,0.0000,0.0000,0.0
21243,0.0000,0.0000,0.0
21243,0.0000,0.0000,0.0
21243,0.0000,0.0000,0.0
21243,0.0000,0.0000,0.0
21243,0.0000,0.0000,0.0
21243,0.0000,0.0000,0.0
21243,0.0000,0.0000,0.0
21243,0.0000,0.0000,0.0
21243,0.0000,0.0000,0.0
21243,0.0000,0.0000,0.0
21243,0.0000,0.0000,0.0
21243,0.0000,0.0000,0.0
21243,0.0000,0.0000,0.0
21243,0.0000,0.0000,0.0
21243,0.0000,0.0000,0.0
21243,0.0000,0.0000,0.0
21243,0.0000,0.0000,0.0
21243,0.0000,0.0000,0.0
21243,0.0000,0.0000,0.0
21243,0.0000,0.0000,0.0
21243,0.0000,0.0000,0.0
21243,0.0000,0.0000,0.0
21243,0.0000,0.0000,0.0
21243,0.0000,0.0000,0.0
21243,0.0000,0.0000,0.0
21243,0.0000,0.0000,0.0
21243,0.0000,0.0000,0.0
21243,0.0000,0.0000,0.0
21243,0.0000,0.0000,0.0
21243,0.0000,0.0000,0.0
21243,0.0000,0.0000,0.0
21243,0.0000,0.0000,0.0
21243,0.0000,0.0000,0.0
21243,0.0000,0.0000,0.0
21243,0.0000,0.0000,0.0
21243,0.0000,0.0000,0.0
21243,0.0000,0.0000,0.0
21243,0.0000,0.0000,0.0
21243,0.0000,0.0000,0.0
21243,0.0000,0.0000,0.0
21243,0.0000,0.0000,0.0
21243,0.0000,0.0000,0.0
21243,0.0000,0.0000,0.0
21243,0.0000,0.0000,0.0
21243,0.0000,0.0000,0.0
21243,0.0000,0.0000,0.0
21243,0.0000,0.0000,0.0
21243,0.0000,0.0000,0.0
21243,0.0000,0.0000,0.0
21243,0.0000,0.0000,0.0
21243,0.0000,0.0000,0.0
21243,0.0000,0.0000,0.0
21243,0.0000,0.0000,0.0
21243,0.0000,0.0000,0.0
21243,0.0000,0.0000,0.0
21243,0.0000,0.0000,0.0
21243,0.0000,0.0000,0.0
21243,0.0000,0.0000,0.0
21243,0.0000,0.0000,0.0
21243,0.0000,0.0000,0.0
21243,0.0000,0.0000,0.0
21243,0.0000,0.0000,0.0
21243,0.0000,0.0000,0.0
21243,0.0000,0.0000,0.0
21243,0.0000,0.0000,0.0
21243,0.0000,0.0000,0.0
21243,0.0000,0.0000,0.0
21243,0.0000,0.0000,0.0
21243,0.0000,0.0000,0.0
21243,0.0000,0.0000,0.0
21243,0.0000,0.0000,0.0
21243,0.0000,0.0000,0.0
21243,0.0000,0.0000,0.0
21243,0.0000,0.0000,0.0
21243,0.0000,0.0000,0.0
21243,0.0000,0.0000,0.0
21243,0.0000,0.0000,0.0
21243,0.0000,0.0000,0.0
21243,0.0000,0.0000,0.0
21243,0.0000,0.0000,0.0
21243,0.0000,0.0000,0.0
21243,0.0000,0.0000,0.0
21243,0.0000,0.0000,0.0
21243,0.0000,0.0000,0.0
21243,0.0000,0.0000,0.0
21243,0.0000,0.0000,0.0
21243,0.0000,0.0000,0.0
21243,0.0000,0.0000,0.0
21243,0.0000,0.0000,0.0
21243,0.0000,0.0000,0.0
21243,0.0000,0.0000,0.0
21243,0.0000,0.0000,0.0
21243,0.0000,0.0000,0.0
21243,0.0000,0.0000,0.0
21243,0.0000,0.0000,0.0
21243,0.0000,0.0000,0.0
21243,0.0000,0.0000,0.0
21243,0.0000,0.0000,0.0
21243,0.0000,0.0000,0.0
21243,0.0000,0.0000,0.0
21243,0.0000,0.0000,0.0
21243,0.0000,0.0000,0.0
21243,0.0000,0.0000,0.0
21243,0.0000,0.0000,0.0
21243,0.0000,0.0000,0.0
21243,0.0000,0.0000,0.0
21243,0.0000,0.0000,0.0
21243,0.0000,0.0000,0.0
21243,0.0000,0.0000,0.0
21243,0.0000,0.0000,0.0
21243,0.0000,0.0000,0.0
21243,0.0000,0.0000,0.0
21243,0.0000,0.0000,0.0
21243,0.0000,0.0000,0.0
21243,0.0000,0.0000,0.0
21243,0.0000,0.0000,0.0
21243,0.0000,0.0000,0.0
21243,0.0000,0.0000,0.0
21243,0.0000,0.0000,0.0
21243,0.0000,0.0000,0.0
21243,0.0000,0.0000,0.0
21243,0.0000,0.0000,0.0
21243,0.0000,0.0000,0.0
21243,0.0000,0.0000,0.0
21243,0.0000,0.0000,0.0
21243,0.0000,0.0000,0.0
21243,0.0000,0.0000,0.0
21243,0.0000,0.0000,0.0
21243,0.0000,0.0000,0.0
21243,0.0000,0.0000,0.0
21243,0.0000,0.0000,0.0
21243,0.0000,0.0000,0.0
21243,0.0000,0.0000,0.0
21243,0.0000,0.0000,0.0
21243,0.0000,0.0000,0.0
21243,0.0000,0.0000,0.0
21243,0.0000,0.0000,0.0
21243,0.0000,0.0000,0.0
21243,0.0000,0.0000,0.0
21243,0.0000,0.0000,0.0
21243,0.0000,0.0000,0.0
21243,0.0000,0.0000,0.0
21243,0.0000,0.0000,0.0
21243,0.0000,0.0000,0.0
21243,0.0000,0.0000,0.0
21243,0.0000,0.0000,0.0
21243,0.0000,0.0000,0.0
21243,0.0000,0.0000,0.0
21243,0.0000,0.0000,0.0
21243,0.0000,0.0000,0.0
21243,0.0000,0.0000,0.0
21243,0.0000,0.0000,0.0
21243,0.0000,0.0000,0.0
21243,0.0000,0.0000,0.0
21243,0.0000,0.0000,0.0
21243,0.0000,0.0000,0.0
21243,0.0000,0.0000,0.0
21243,0.0000,0.0000,0.0
21243,0.0000,0.0000,0.0
21243,0.0000,0.0000,0.0
21243,0.0000,0.0000,0.0
21243,0.0000,0.0000,0.0
21243,0.0000,0.0000,0.0
21243,0.0000,0.0000,0.0
21243,0.0000,0.0000,0.0
21243,0.0000,0.0000,0.0
21243,0.0000,0.0000,0.0
21243,0.0000,0.0000,0.0
21243,0.0000,0.0000,0.0
21243,0.0000,0.0000,0.0
21243,0.0000,0.0000,0.0
21243,0.0000,0.0000,0.0
21243,0.0000,0.0000,0.0
21243,0.0000,0.0000,0.0
21243,0.0000,0.0000,0.0
21243,0.0000,0.0000,0.0
21243,0.0000,0.0000,0.0
21243,0.0000,0.0000,0.0
21243,0.0000,0.0000,0.0
21243,0.0000,0.0000,0.0
21243,0.0000,0.0000,0.0
21243,0.0000,0.0000,0.0
21243,0.0000,0.0000,0.0
21243,0.0000,0.0000,0.0
21243,0.0000,0.0000,0.0
21243,0.0000,0.0000,0.0
21243,0.0000,0.0000,0.0
21243,0.0000,0.0000,0.0
21243,0.0000,0.0000,0.0
21243,0.0000,0.0000,0.0
21243,0.0000,0.0000,0.0
21243,0.0000,0.0000,0.0
21243,0.0000,0.0000,0.0
21243,0.0000,0.0000,0.0
21243,0.0000,0.0000,0.0
21243,0.0000,0.0000,0.0
21243,0.0000,0.0000,0.0
21243,0.0000,0.0000,0.0
21243,0.0000,0.0000,0.0
21243,0.0000,0.0000,0.0
21243,0.0000,0.0000,0.0
21243,0.0000,0.0000,0.0
21243,0.0000,0.0000,0.0
21243,0.0000,0.0000,0.0
21243,0.0000,0.0000,0.0
21243,0.0000,0.0000,0.0
21243,0.0000,0.0000,0.0
21243,0.0000,0.0000,0.0
21243,0.0000,0.0000,0.0
21243,0.0000,0.0000,0.0
21243,0.0000,0.0000,0.0
21243,0.0000,0.0000,0.0
21243,0.0000,0.0000,0.0
21243,0.0000,0.0000,0.0
21243,0.0000,0.0000,0.0
21243,0.0000,0.0000,0.0
21243,0.0000,0.0000,0.0
21243,0.0000,0.0000,0.0
21243,0.0000,0.0000,0.0
21243,0.0000,0.0000,0.0
21243,0.0000,0.0000,0.0
21243,0.0000,0.0000,0.0
21243,0.0000,0.0000,0.0
21243,0.0000,0.0000,0.0
21243,0.0000,0.0000,0.0
21243,0.0000,0.0000,0.0
21243,0.0000,0.0000,0.0
21243,0.0000,0.0000,0.0
21243,0.0000,0.0000,0.0
21243,0.0000,0.0000,0.0
21243,0.0000,0.0000,0.0
21243,0.0000,0.0000,0.0
21243,0.0000,0.0000,0.0
21243,0.0000,0.0000,0.0
21243,0.0000,0.0000,0.0
21243,0.0000,0.0000,0.0
21243,0.0000,0.0000,0.0
21243,0.0000,0.0000,0.0
21243,0.0000,0.0000,0.0
21243,0.0000,0.0000,0.0
21243,0.0000,0.0000,0.0
21243,0.0000,0.0000,0.0
21243,0.0000,0.0000,0.0
21243,0.0000,0.0000,0.0
21243,0.0000,0.0000,0.0
21243,0.0000,0.0000,0.0
21243,0.0000,0.0000,0.0
21243,0.0000,0.0000,0.0
21243,0.0000,0.0000,0.0
21243,0.0000,0.0000,0.0
21243,0.0000,0.0000,0.0
21243,0.0000,0.0000,0.0
21243,0.0000,0.0000,0.0
21243,0.0000,0.0000,0.0
21243,0.0000,0.0000,0.0
21243,0.0000,0.0000,0.0
21243,0.0000,0.0000,0.0
21243,0.0000,0.0000,0.0
21243,0.0000,0.0000,0.0
21243,0.0000,0.0000,0.0
21243,0.0000,0.0000,0.0
21243,0.0000,0.0000,0.0
21243,0.0000,0.0000,0.0
21243,0.0000,0.0000,0.0
21243,0.0000,0.0000,0.0
21243,0.0000,0.0000,0.0
21243,0.0000,0.0000,0.0
21243,0.0000,0.0000,0.0
21243,0.0000,0.0000,0.0
21243,0.0000,0.0000,0.0
21243,0.0000,0.0000,0.0
21243,0.0000,0.0000,0.0
21243,0.0000,0.0000,0.0
21243,0.0000,0.0000,0.0
21243,0.0000,0.0000,0.0
21243,0.0000,0.0000,0.0
21243,0.0000,0.0000,0.0
21243,0.0000,0.0000,0.0
21243,0.0000,0.0000,0.0
21243,0.0000,0.0000,0.0
21243,0.0000,0.0000,0.0
21243,0.0000,0.0000,0.0
21243,0.0000,0.0000,0.0
21243,0.0000,0.0000,0.0
21243,0.0000,0.0000,0.0
21243,0.0000,0.0000,0.0
21243,0.0000,0.0000,0.0
21243,0.0000,0.0000,0.0
21243,0.0000,0.0000,0.0
21243,0.0000,0.0000,0.0
21243,0.0000,0.0000,0.0
21243,0.0000,0.0000,0.0
21243,0.0000,0.0000,0.0
21243,0.0000,0.0000,0.0
21243,0.0000,0.0000,0.0
21243,0.0000,0.0000,0.0
21243,0.0000,0.0000,0.0
21243,0.0000,0.0000,0.0
21243,0.0000,0.0000,0.0
21243,0.0000,0.0000,0.0
21243,0.0000,0.0000,0.0
21243,0.0000,0.0000,0.0
21243,0.0000,0.0000,0.0
21243,0.0000,0.0000,0.0
21243,0.0000,0.0000,0.0
21243,0.0000,0.0000,0.0
21243,0.0000,0.0000,0.0
21243,0.0000,0.0000,0.0
21243,0.0000,0.0000,0.0
21243,0.0000,0.0000,0.0
21243,0.0000,0.0000,0.0
21243,0.0000,0.0000,0.0
21243,0.0000,0.0000,0.0
21243,0.0000,0.0000,0.0
21243,0.0000,0.0000,0.0
21243,0.0000,0.0000,0.0
21243,0.0000,0.0000,0.0
21243,0.0000,0.0000,0.0
21243,0.0000,0.0000,0.0
21243,0.0000,0.0000,0.0
21243,0.0000,0.0000,0.0
21243,0.0000,0.0000,0.0
21243,0.0000,0.0000,0.0
21243,0.0000,0.0000,0.0
21243,0.0000,0.0000,0.0
21243,0.0000,0.0000,0.0
21243,0.0000,0.0000,0.0
21243,0.0000,0.0000,0.0
21243,0.0000,0.0000,0.0
21243,0.0000,0.0000,0.0
21243,0.0000,0.0000,0.0
21243,0.0000,0.0000,0.0
21243,0.0000,0.0000,0.0
21243,0.0000,0.0000,0.0
21243,0.0000,0.0000,0.0
21243,0.0000,0.0000,0.0
21243,0.0000,0.0000,0.0
21243,0.0000,0.0000,0.0
21243,0.0000,0.0000,0.0
21243,0.0000,0.0000,0.0
21243,0.0000,0.0000,0.0
21243,0.0000,0.0000,0.0
21243,0.0000,0.0000,0.0
21243,0.0000,0.0000,0.0
21243,0.0000,0.0000,0.0
21243,0.0000,0.0000,0.0
21243,0.0000,0.0000,0.0
21243,0.0000,0.0000,0.0
21243,0.0000,0.0000,0.0
21243,0.0000,0.0000,0.0
21243,0.0000,0.0000,0.0
21243,0.0000,0.0000,0.0
21243,0.0000,0.0000,0.0
21243,0.0000,0.0000,0.0
21243,0.0000,0.0000,0.0
21243,0.0000,0.0000,0.0
21243,0.0000,0.0000,0.0
21243,0.0000,0.0000,0.0
21243,0.0000,0.0000,0.0
21243,0.0000,0.0000,0.0
21243,0.0000,0.0000,0.0
21243,0.0000,0.0000,0.0
21243,0.0000,0.0000,0.0
21243,0.0000,0.0000,0.0
21243,0.0000,0.0000,0.0
21243,0.0000,0.0000,0.0
21243,0.0000,0.0000,0.0
21243,0.0000,0.0000,0.0
21243,0.0000,0.0000,0.0
21243,0.0000,0.0000,0.0
21243,0.0000,0.0000,0.0
21243,0.0000,0.0000,0.0
21243,0.0000,0.0000,0.0
21243,0.0000,0.0000,0.0
21243,0.0000,0.0000,0.0
21243,0.0000,0.0000,0.0
21243,0.0000,0.0000,0.0
21243,0.0000,0.0000,0.0
21243,0.0000,0.0000,0.0
21243,0.0000,0.0000,0.0
21243,0.0000,0.0000,0.0
21243,0.0000,0.0000,0.0
21243,0.0000,0.0000,0.0
21243,0.0000,0.0000,0.0
21243,0.0000,0.0000,0.0
21243,0.0000,0.0000,0.0
21243,0.0000,0.0000,0.0
21243,0.0000,0.0000,0.0
21243,0.0000,0.0000,0.0
21243,0.0000,0.0000,0.0
21243,0.0000,0.0000,0.0
21243,0.0000,0.0000,0.0
21243,0.0000,0.0000,0.0
21243,0.0000,0.0000,0.0
21243,0.0000,0.0000,0.0
21243,0.0000,0.0000,0.0
21243,0.0000,0.0000,0.0
21243,0.0000,0.0000,0.0
21243,0.0000,0.0000,0.0
21243,0.0000,0.0000,0.0
21243,0.0000,0.0000,0.0
21243,0.0000,0.0000,0.0
21243,0.0000,0.0000,0.0
21243,0.0000,0.0000,0.0
21243,0.0000,0.0000,0.0
21243,0.0000,0.0000,0.0
21243,0.0000,0.0000,0.0
21243,0.0000,0.0000,0.0
21243,0.0000,0.0000,0.0
21243,0.0000,0.0000,0.0
21243,0.0000,0.0000,0.0
21243,0.0000,0.0000,0.0
21243,0.0000,0.0000,0.0
21243,0.0000,0.0000,0.0
21243,0.0000,0.0000,0.0
21243,0.0000,0.0000,0.0
21243,0.0000,0.0000,0.0
21243,0.0000,0.0000,0.0
21243,0.0000,0.0000,0.0
21243,0.0000,0.0000,0.0
21243,0.0000,0.0000,0.0
21243,0.0000,0.0000,0.0
21243,0.0000,0.0000,0.0
21243,0.0000,0.0000,0.0
21243,0.0000,0.0000,0.0
21243,0.0000,0.0000,0.0
21243,0.0000,0.0000,0.0
21243,0.0000,0.0000,0.0
21243,0.0000,0.0000,0.0
21243,0.0000,0.0000,0.0
21243,0.0000,0.0000,0.0
21243,0.0000,0.0000,0.0
21243,0.0000,0.0000,0.0
21243,0.0000,0.0000,0.0
21243,0.0000,0.0000,0.0
21243,0.0000,0.0000,0.0
21243,0.0000,0.0000,0.0
21243,0.0000,0.0000,0.0
21243,0.0000,0.0000,0.0
21243,0.0000,0.0000,0.0
21243,0.0000,0.0000,0.0
21243,0.0000,0.0000,0.0
21243,0.0000,0.0000,0.0
21243,0.0000,0.0000,0.0
21243,0.0000,0.0000,0.0
21243,0.0000,0.0000,0.0
21243,0.0000,0.0000,0.0
21243,0.0000,0.0000,0.0
21243,0.0000,0.0000,0.0
21243,0.0000,0.0000,0.0
21243,0.0000,0.0000,0.0
21243,0.0000,0.0000,0.0
21243,0.0000,0.0000,0.0
21243,0.0000,0.0000,0.0
21243,0.0000,0.0000,0.0
21243,0.0000,0.0000,0.0
21243,0.0000,0.0000,0.0
21243,0.0000,0.0000,0.0
21243,0.0000,0.0000,0.0
21243,0.0000,0.0000,0.0
21243,0.0000,0.0000,0.0
21243,0.0000,0.0000,0.0
21243,0.0000,0.0000,0.0
21243,0.0000,0.0000,0.0
21243,0.0000,0.0000,0.0
21243,0.0000,0.0000,0.0
21243,0.0000,0.0000,0.0
21243,0.0000,0.0000,0.0
21243,0.0000,0.0000,0.0
21243,0.0000,0.0000,0.0
21243,0.0000,0.0000,0.0
21243,0.0000,0.0000,0.0
21243,0.0000,0.0000,0.0
21243,0.0000,0.0000,0.0
21243,0.0000,0.0000,0.0
21243,0.0000,0.0000,0.0
21243,0.0000,0.0000,0.0
21243,0.0000,0.0000,0.0
21243,0.0000,0.0000,0.0
21243,0.0000,0.0000,0.0
21243,0.0000,0.0000,0.0
21243,0.0000,0.0000,0.0
21243,0.0000,0.0000,0.0
21243,0.0000,0.0000,0.0
21243,0.0000,0.0000,0.0
21243,0.0000,0.0000,0.0
21243,0.0000,0.0000,0.0
21243,0.0000,0.0000,0.0
21243,0.0000,0.0000,0.0
21243,0.0000,0.0000,0.0
21243,0.0000,0.0000,0.0
21243,0.0000,0.0000,0.0
21243,0.0000,0.0000,0.0
21243,0.0000,0.0000,0.0
21243,0.0000,0.0000,0.0
21243,0.0000,0.0000,0.0
21243,0.0000,0.0000,0.0
21243,0.0000,0.0000,0.0
21243,0.0000,0.0000,0.0
21243,0.0000,0.0000,0.0
21243,0.0000,0.0000,0.0
21243,0.0000,0.0000,0.0
21243,0.0000,0.0000,0.0
21243,0.0000,0.0000,0.0
21243,0.0000,0.0000,0.0
21243,0.0000,0.0000,0.0
21243,0.0000,0.0000,0.0
21243,0.0000,0.0000,0.0
21243,0.0000,0.0000,0.0
21243,0.0000,0.0000,0.0
21243,0.0000,0.0000,0.0
21243,0.0000,0.0000,0.0
21243,0.0000,0.0000,0.0
21243,0.0000,0.0000,0.0
21243,0.0000,0.0000,0.0
21243,0.0000,0.0000,0.0
21243,0.0000,0.0000,0.0
21243,0.0000,0.0000,0.0
21243,0.0000,0.0000,0.0
21243,0.0000,0.0000,0.0
21243,0.0000,0.0000,0.0
21243,0.0000,0.0000,0.0
21243,0.0000,0.0000,0.0
21243,0.0000,0.0000,0.0
21243,0.0000,0.0000,0.0
21243,0.0000,0.0000,0.0
21243,0.0000,0.0000,0.0
21243,0.0000,0.0000,0.0
21243,0.0000,0.0000,0.0
21243,0.0000,0.0000,0.0
21243,0.0000,0.0000,0.0
21243,0.0000,0.0000,0.0
21243,0.0000,0.0000,0.0
21243,0.0000,0.0000,0.0
21243,0.0000,0.0000,0.0
21243,0.0000,0.0000,0.0
21243,0.0000,0.0000,0.0
21243,0.0000,0.0000,0.0
21243,0.0000,0.0000,0.0
21243,0.0000,0.0000,0.0
21243,0.0000,0.0000,0.0
21243,0.0000,0.0000,0.0
21243,0.0000,0.0000,0.0
21243,0.0000,0.0000,0.0
21243,0.0000,0.0000,0.0
21243,0.0000,0.0000,0.0
21243,0.0000,0.0000,0.0
21243,0.0000,0.0000,0.0
21243,0.0000,0.0000,0.0
21243,0.0000,0.0000,0.0
21243,0.0000,0.0000,0.0
21243,0.0000,0.0000,0.0
21243,0.0000,0.0000,0.0
21243,0.0000,0.0000,0.0
21243,0.0000,0.0000,0.0
21243,0.0000,0.0000,0.0
21243,0.0000,0.0000,0.0
21243,0.0000,0.0000,0.0
21243,0.0000,0.0000,0.0
21243,0.0000,0.0000,0.0
21243,0.0000,0.0000,0.0
21243,0.0000,0.0000,0.0
21243,0.0000,0.0000,0.0
21243,0.0000,0.0000,0.0
21243,0.0000,0.0000,0.0
21243,0.0000,0.0000,0.0
21243,0.0000,0.0000,0.0
21243,0.0000,0.0000,0.0
21243,0.0000,0.0000,0.0
21243,0.0000,0.0000,0.0
21243,0.0000,0.0000,0.0
21243,0.0000,0.0000,0.0
21243,0.0000,0.0000,0.0
21243,0.0000,0.0000,0.0
21243,0.0000,0.0000,0.0
21243,0.0000,0.0000,0.0
21243,0.0000,0.0000,0.0
21243,0.0000,0.0000,0.0
21243,0.0000,0.0000,0.0
21243,0.0000,0.0000,0.0
21243,0.0000,0.0000,0.0
21243,0.0000,0.0000,0.0
21243,0.0000,0.0000,0.0
21243,0.0000,0.0000,0.0
21243,0.0000,0.0000,0.0
21243,0.0000,0.0000,0.0
21243,0.0000,0.0000,0.0
21243,0.0000,0.0000,0.0
21243,0.0000,0.0000,0.0
21243,0.0000,0.0000,0.0
21243,0.0000,0.0000,0.0
21243,0.0000,0.0000,0.0
21243,0.0000,0.0000,0.0
21243,0.0000,0.0000,0.0
21243,0.0000,0.0000,0.0
21243,0.0000,0.0000,0.0
21243,0.0000,0.0000,0.0
21243,0.0000,0.0000,0.0
21243,0.0000,0.0000,0.0
21243,0.0000,0.0000,0.0
21243,0.0000,0.0000,0.0
21243,0.0000,0.0000,0.0
21243,0.0000,0.0000,0.0
21243,0.0000,0.0000,0.0
21243,0.0000,0.0000,0.0
21243,0.0000,0.0000,0.0
21243,0.0000,0.0000,0.0
21243,0.0000,0.0000,0.0
21243,0.0000,0.0000,0.0
21243,0.0000,0.0000,0.0
21243,0.0000,0.0000,0.0
21243,0.0000,0.0000,0.0
21243,0.0000,0.0000,0.0
21243,0.0000,0.0000,0.0
21243,0.0000,0.0000,0.0
21243,0.0000,0.0000,0.0
21243,0.0000,0.0000,0.0
21243,0.0000,0.0000,0.0
21243,0.0000,0.0000,0.0
21243,0.0000,0.0000,0.0
21243,0.0000,0.0000,0.0
21243,0.0000,0.0000,0.0
21243,0.0000,0.0000,0.0
21243,0.0000,0.0000,0.0
21243,0.0000,0.0000,0.0
21243,0.0000,0.0000,0.0
21243,0.0000,0.0000,0.0
21243,0.0000,0.0000,0.0
21243,0.0000,0.0000,0.0
21243,0.0000,0.0000,0.0
21243,0.0000,0.0000,0.0
21243,0.0000,0.0000,0.0
21243,0.0000,0.0000,0.0
21243,0.0000,0.0000,0.0
21243,0.0000,0.0000,0.0
21243,0.0000,0.0000,0.0
21243,0.0000,0.0000,0.0
21243,0.0000,0.0000,0.0
21243,0.0000,0.0000,0.0
21243,0.0000,0.0000,0.0
21243,0.0000,0.0000,0.0
21243,0.0000,0.0000,0.0
21243,0.0000,0.0000,0.0
21243,0.0000,0.0000,0.0
21243,0.0000,0.0000,0.0
21243,0.0000,0.0000,0.0
21243,0.0000,0.0000,0.0
21243,0.0000,0.0000,0.0
21243,0.0000,0.0000,0.0
21243,0.0000,0.0000,0.0
21243,0.0000,0.0000,0.0
21243,0.0000,0.0000,0.0
21243,0.0000,0.0000,0.0
21243,0.0000,0.0000,0.0
21243,0.0000,0.0000,0.0
21243,0.0000,0.0000,0.0
21243,0.0000,0.0000,0.0
21243,0.0000,0.0000,0.0
21243,0.0000,0.0000,0.0
21243,0.0000,0.0000,0.0
21243,0.0000,0.0000,0.0
21243,0.0000,0.0000,0.0
21243,0.0000,0.0000,0.0
21243,0.0000,0.0000,0.0
21243,0.0000,0.0000,0.0
21243,0.0000,0.0000,0.0
21243,0.0000,0.0000,0.0
21243,0.0000,0.0000,0.0
21243,0.0000,0.0000,0.0
21243,0.0000,0.0000,0.0
21243,0.0000,0.0000,0.0
21243,0.0000,0.0000,0.0
21243,0.0000,0.0000,0.0
21243,0.0000,0.0000,0.0
21243,0.0000,0.0000,0.0
21243,0.0000,0.0000,0.0
21243,0.0000,0.0000,0.0
21243,0.0000,0.0000,0.0
21243,0.0000,0.0000,0.0
21243,0.0000,0.0000,0.0
21243,0.0000,0.0000,0.0
21243,0.0000,0.0000,0.0
21243,0.0000,0.0000,0.0
21243,0.0000,0.0000,0.0
21243,0.0000,0.0000,0.0
21243,0.0000,0.0000,0.0
21243,0.0000,0.0000,0.0
21243,0.0000,0.0000,0.0
21243,0.0000,0.0000,0.0
21243,0.0000,0.0000,0.0
21243,0.0000,0.0000,0.0
21243,0.0000,0.0000,0.0
21243,0.0000,0.0000,0.0
21243,0.0000,0.0000,0.0
21243,0.0000,0.0000,0.0
21243,0.0000,0.0000,0.0
21243,0.0000,0.0000,0.0
21243,0.0000,0.0000,0.0
21243,0.0000,0.0000,0.0
21243,0.0000,0.0000,0.0
21243,0.0000,0.0000,0.0
21243,0.0000,0.0000,0.0
21243,0.0000,0.0000,0.0
21243,0.0000,0.0000,0.0
21243,0.0000,0.0000,0.0
21243,0.0000,0.0000,0.0
21243,0.0000,0.0000,0.0
21243,0.0000,0.0000,0.0
21243,0.0000,0.0000,0.0
21243,0.0000,0.0000,0.0
21243,0.0000,0.0000,0.0
21243,0.0000,0.0000,0.0
21243,0.0000,0.0000,0.0
21243,0.0000,0.0000,0.0
21243,0.0000,0.0000,0.0
21243,0.0000,0.0000,0.0
21243,0.0000,0.0000,0.0
21243,0.0000,0.0000,0.0
21243,0.0000,0.0000,0.0
21243,0.0000,0.0000,0.0
21243,0.0000,0.0000,0.0
21243,0.0000,0.0000,0.0
21243,0.0000,0.0000,0.0
21243,0.0000,0.0000,0.0
21243,0.0000,0.0000,0.0
21243,0.0000,0.0000,0.0
21243,0.0000,0.0000,0.0
21243,0.0000,0.0000,0.0
21243,0.0000,0.0000,0.0
21243,0.0000,0.0000,0.0
21243,0.0000,0.0000,0.0
21243,0.0000,0.0000,0.0
21243,0.0000,0.0000,0.0
21243,0.0000,0.0000,0.0
21243,0.0000,0.0000,0.0
21243,0.0000,0.0000,0.0
21243,0.0000,0.0000,0.0
21243,0.0000,0.0000,0.0
21243,0.0000,0.0000,0.0
21243,0.0000,0.0000,0.0
21243,0.0000,0.0000,0.0
21243,0.0000,0.0000,0.0
21243,0.0000,0.0000,0.0
21243,0.0000,0.0000,0.0
21243,0.0000,0.0000,0.0
21243,0.0000,0.0000,0.0
21243,0.0000,0.0000,0.0
21243,0.0000,0.0000,0.0
21243,0.0000,0.0000,0.0
21243,0.0000,0.0000,0.0
21243,0.0000,0.0000,0.0
21243,0.0000,0.0000,0.0
21243,0.0000,0.0000,0.0
21243,0.0000,0.0000,0.0
21243,0.0000,0.0000,0.0
21243,0.0000,0.0000,0.0
21243,0.0000,0.0000,0.0
21243,0.0000,0.0000,0.0
21243,0.0000,0.0000,0.0
21243,0.0000,0.0000,0.0
21243,0.0000,0.0000,0.0
21243,0.0000,0.0000,0.0
21243,0.0000,0.0000,0.0
21243,0.0000,0.0000,0.0
21243,0.0000,0.0000,0.0
21243,0.0000,0.0000,0.0
21243,0.0000,0.0000,0.0
21243,0.0000,0.0000,0.0
21243,0.0000,0.0000,0.0
21243,0.0000,0.0000,0.0
21243,0.0000,0.0000,0.0
21243,0.0000,0.0000,0.0
21243,0.0000,0.0000,0.0
21243,0.0000,0.0000,0.0
21243,0.0000,0.0000,0.0
21243,0.0000,0.0000,0.0
21243,0.0000,0.0000,0.0
21243,0.0000,0.0000,0.0
21243,0.0000,0.0000,0.0
21243,0.0000,0.0000,0.0
21243,0.0000,0.0000,0.0
21243,0.0000,0.0000,0.0
21243,0.0000,0.0000,0.0
21243,0.0000,0.0000,0.0
21243,0.0000,0.0000,0.0
21243,0.0000,0.0000,0.0
21243,0.0000,0.0000,0.0
21243,0.0000,0.0000,0.0
21243,0.0000,0.0000,0.0
21243,0.0000,0.0000,0.0
21243,0.0000,0.0000,0.0
21243,0.0000,0.0000,0.0
21243,0.0000,0.0000,0.0
21243,0.0000,0.0000,0.0
21243,0.0000,0.0000,0.0
21243,0.0000,0.0000,0.0
21243,0.0000,0.0000,0.0
21243,0.0000,0.0000,0.0
21243,0.0000,0.0000,0.0
21243,0.0000,0.0000,0.0
21243,0.0000,0.0000,0.0
21243,0.0000,0.0000,0.0
21243,0.0000,0.0000,0.0
21243,0.0000,0.0000,0.0
21243,0.0000,0.0000,0.0
21243,0.0000,0.0000,0.0
21243,0.0000,0.0000,0.0
21243,0.0000,0.0000,0.0
21243,0.0000,0.0000,0.0
21243,0.0000,0.0000,0.0
21243,0.0000,0.0000,0.0
21243,0.0000,0.0000,0.0
21243,0.0000,0.0000,0.0
21243,0.0000,0.0000,0.0
21243,0.0000,0.0000,0.0
21243,0.0000,0.0000,0.0
21243,0.0000,0.0000,0.0
21243,0.0000,0.0000,0.0
21243,0.0000,0.0000,0.0
21243,0.0000,0.0000,0.0
21243,0.0000,0.0000,0.0
21243,0.0000,0.0000,0.0
21243,0.0000,0.0000,0.0
21243,0.0000,0.0000,0.0
21243,0.0000,0.0000,0.0
21243,0.0000,0.0000,0.0
21243,0.0000,0.0000,0.0
21243,0.0000,0.0000,0.0
21243,0.0000,0.0000,0.0
21243,0.0000,0.0000,0.0
21243,0.0000,0.0000,0.0
21243,0.0000,0.0000,0.0
21243,0.0000,0.0000,0.0
21243,0.0000,0.0000,0.0
21243,0.0000,0.0000,0.0
21243,0.0000,0.0000,0.0
21243,0.0000,0.0000,0.0
21243,0.0000,0.0000,0.0
21243,0.0000,0.0000,0.0
21243,0.0000,0.0000,0.0
21243,0.0000,0.0000,0.0
21243,0.0000,0.0000,0.0
21243,0.0000,0.0000,0.0
21243,0.0000,0.0000,0.0
21243,0.0000,0.0000,0.0
21243,0.0000,0.0000,0.0
21243,0.0000,0.0000,0.0
21243,0.0000,0.0000,0.0
21243,0.0000,0.0000,0.0
21243,0.0000,0.0000,0.0
21243,0.0000,0.0000,0.0
21243,0.0000,0.0000,0.0
21243,0.0000,0.0000,0.0
21243,0.0000,0.0000,0.0
21243,0.0000,0.0000,0.0
21243,0.0000,0.0000,0.0
21243,0.0000,0.0000,0.0
21243,0.0000,0.0000,0.0
21243,0.0000,0.0000,0.0
21243,0.0000,0.0000,0.0
21243,0.0000,0.0000,0.0
21243,0.0000,0.0000,0.0
21243,0.0000,0.0000,0.0
21243,0.0000,0.0000,0.0
21243,0.0000,0.0000,0.0
21243,0.0000,0.0000,0.0
21243,0.0000,0.0000,0.0
21243,0.0000,0.0000,0.0
21243,0.0000,0.0000,0.0
21243,0.0000,0.0000,0.0
21243,0.0000,0.0000,0.0
21243,0.0000,0.0000,0.0
21243,0.0000,0.0000,0.0
21243,0.0000,0.0000,0.0
21243,0.0000,0.0000,0.0
21243,0.0000,0.0000,0.0
21243,0.0000,0.0000,0.0
21243,0.0000,0.0000,0.0
21243,0.0000,0.0000,0.0
21243,0.0000,0.0000,0.0
21243,0.0000,0.0000,0.0
21243,0.0000,0.0000,0.0
21243,0.0000,0.0000,0.0
21243,0.0000,0.0000,0.0
21243,0.0000,0.0000,0.0
21243,0.0000,0.0000,0.0
21243,0.0000,0.0000,0.0
21243,0.0000,0.0000,0.0
21243,0.0000,0.0000,0.0
21243,0.0000,0.0000,0.0
21243,0.0000,0.0000,0.0
21243,0.0000,0.0000,0.0
21243,0.0000,0.0000,0.0
21243,0.0000,0.0000,0.0
21243,0.0000,0.0000,0.0
21243,0.0000,0.0000,0.0
21243,0.0000,0.0000,0.0
21243,0.0000,0.0000,0.0
21243,0.0000,0.0000,0.0
21243,0.0000,0.0000,0.0
21243,0.0000,0.0000,0.0
21243,0.0000,0.0000,0.0
21243,0.0000,0.0000,0.0
21243,0.0000,0.0000,0.0
21243,0.0000,0.0000,0.0
21243,0.0000,0.0000,0.0
21243,0.0000,0.0000,0.0
21243,0.0000,0.0000,0.0
21243,0.0000,0.0000,0.0
21243,0.0000,0.0000,0.0
21243,0.0000,0.0000,0.0
21243,0.0000,0.0000,0.0
21243,0.0000,0.0000,0.0
21243,0.0000,0.0000,0.0
21243,0.0000,0.0000,0.0
21243,0.0000,0.0000,0.0
21243,0.0000,0.0000,0.0
21243,0.0000,0.0000,0.0
21243,0.0000,0.0000,0.0
21243,0.0000,0.0000,0.0
21243,0.0000,0.0000,0.0
21243,0.0000,0.0000,0.0
21243,0.0000,0.0000,0.0
21243,0.0000,0.0000,0.0
21243,0.0000,0.0000,0.0
21243,0.0000,0.0000,0.0
21243,0.0000,0.0000,0.0
21243,0.0000,0.0000,0.0
21243,0.0000,0.0000,0.0
21243,0.0000,0.0000,0.0
21243,0.0000,0.0000,0.0
21243,0.0000,0.0000,0.0
21243,0.0000,0.0000,0.0
21243,0.0000,0.0000,0.0
21243,0.0000,0.0000,0.0
21243,0.0000,0.0000,0.0
21243,0.0000,0.0000,0.0
21243,0.0000,0.0000,0.0
21243,0.0000,0.0000,0.0
21243,0.0000,0.0000,0.0
21243,0.0000,0.0000,0.0
21243,0.0000,0.0000,0.0
21243,0.0000,0.0000,0.0
21243,0.0000,0.0000,0.0
21243,0.0000,0.0000,0.0
21243,0.0000,0.0000,0.0
21243,0.0000,0.0000,0.0
21243,0.0000,0.0000,0.0
21243,0.0000,0.0000,0.0
21243,0.0000,0.0000,0.0
21243,0.0000,0.0000,0.0
21243,0.0000,0.0000,0.0
21243,0.0000,0.0000,0.0
21243,0.0000,0.0000,0.0
21243,0.0000,0.0000,0.0
21243,0.0000,0.0000,0.0
21243,0.0000,0.0000,0.0
21243,0.0000,0.0000,0.0
21243,0.0000,0.0000,0.0
21243,0.0000,0.0000,0.0
21243,0.0000,0.0000,0.0
21243,0.0000,0.0000,0.0
21243,0.0000,0.0000,0.0
21243,0.0000,0.0000,0.0
21243,0.0000,0.0000,0.0
21243,0.0000,0.0000,0.0
21243,0.0000,0.0000,0.0
21243,0.0000,0.0000,0.0
21243,0.0000,0.0000,0.0
21243,0.0000,0.0000,0.0
21243,0.0000,0.0000,0.0
21243,0.0000,0.0000,0.0
21243,0.0000,0.0000,0.0
21243,0.0000,0.0000,0.0
21243,0.0000,0.0000,0.0
21243,0.0000,0.0000,0.0
21243,0.0000,0.0000,0.0
21243,0.0000,0.0000,0.0
21243,0.0000,0.0000,0.0
21243,0.0000,0.0000,0.0
21243,0.0000,0.0000,0.0
21243,0.0000,0.0000,0.0
21243,0.0000,0.0000,0.0
21243,0.0000,0.0000,0.0
21243,0.0000,0.0000,0.0
21243,0.0000,0.0000,0.0
21243,0.0000,0.0000,0.0
21243,0.0000,0.0000,0.0
21243,0.0000,0.0000,0.0
21243,0.0000,0.0000,0.0
21243,0.0000,0.0000,0.0
21243,0.0000,0.0000,0.0
21243,0.0000,0.0000,0.0
21243,0.0000,0.0000,0.0
21243,0.0000,0.0000,0.0
21243,0.0000,0.0000,0.0
21243,0.0000,0.0000,0.0
21243,0.0000,0.0000,0.0
21243,0.0000,0.0000,0.0
21243,0.0000,0.0000,0.0
21243,0.0000,0.0000,0.0
21243,0.0000,0.0000,0.0
21243,0.0000,0.0000,0.0
21243,0.0000,0.0000,0.0
21243,0.0000,0.0000,0.0
21243,0.0000,0.0000,0.0
21243,0.0000,0.0000,0.0
21243,0.0000,0.0000,0.0
21243,0.0000,0.0000,0.0
21243,0.0000,0.0000,0.0
21243,0.0000,0.0000,0.0
21243,0.0000,0.0000,0.0
21243,0.0000,0.0000,0.0
21243,0.0000,0.0000,0.0
21243,0.0000,0.0000,0.0
21243,0.0000,0.0000,0.0
21243,0.0000,0.0000,0.0
21243,0.0000,0.0000,0.0
21243,0.0000,0.0000,0.0
21243,0.0000,0.0000,0.0
21243,0.0000,0.0000,0.0
21243,0.0000,0.0000,0.0
21243,0.0000,0.0000,0.0
21243,0.0000,0.0000,0.0
21243,0.0000,0.0000,0.0
21243,0.0000,0.0000,0.0
21243,0.0000,0.0000,0.0
21243,0.0000,0.0000,0.0
21243,0.0000,0.0000,0.0
21243,0.0000,0.0000,0.0
21243,0.0000,0.0000,0.0
21243,0.0000,0.0000,0.0
21243,0.0000,0.0000,0.0
21243,0.0000,0.0000,0.0
21243,0.0000,0.0000,0.0
21243,0.0000,0.0000,0.0
21243,0.0000,0.0000,0.0
21243,0.0000,0.0000,0.0
21243,0.0000,0.0000,0.0
21243,0.0000,0.0000,0.0
21243,0.0000,0.0000,0.0
21243,0.0000,0.0000,0.0
21243,0.0000,0.0000,0.0
21243,0.0000,0.0000,0.0
21243,0.0000,0.0000,0.0
21243,0.0000,0.0000,0.0
21243,0.0000,0.0000,0.0
21243,0.0000,0.0000,0.0
21243,0.0000,0.0000,0.0
21243,0.0000,0.0000,0.0
21243,0.0000,0.0000,0.0
21243,0.0000,0.0000,0.0
21243,0.0000,0.0000,0.0
21243,0.0000,0.0000,0.0
21243,0.0000,0.0000,0.0
21243,0.0000,0.0000,0.0
21243,0.0000,0.0000,0.0
21243,0.0000,0.0000,0.0
21243,0.0000,0.0000,0.0
21243,0.0000,0.0000,0.0
21243,0.0000,0.0000,0.0
21243,0.0000,0.0000,0.0
21243,0.0000,0.0000,0.0
21243,0.0000,0.0000,0.0
21243,0.0000,0.0000,0.0
21243,0.0000,0.0000,0.0
21243,0.0000,0.0000,0.0
21243,0.0000,0.0000,0.0
21243,0.0000,0.0000,0.0
21243,0.0000,0.0000,0.0
21243,0.0000,0.0000,0.0
21243,0.0000,0.0000,0.0
21243,0.0000,0.0000,0.0
21243,0.0000,0.0000,0.0
21243,0.0000,0.0000,0.0
21243,0.0000,0.0000,0.0
21243,0.0000,0.0000,0.0
21243,0.0000,0.0000,0.0
21243,0.0000,0.0000,0.0
21243,0.0000,0.0000,0.0
21243,0.0000,0.0000,0.0
21243,0.0000,0.0000,0.0
21243,0.0000,0.0000,0.0
21243,0.0000,0.0000,0.0
21243,0.0000,0.0000,0.0
21243,0.0000,0.0000,0.0
21243,0.0000,0.0000,0.0
21243,0.0000,0.0000,0.0
21243,0.0000,0.0000,0.0
21243,0.0000,0.0000,0.0
21243,0.0000,0.0000,0.0
21243,0.0000,0.0000,0.0
21243,0.0000,0.0000,0.0
21243,0.0000,0.0000,0.0
21243,0.0000,0.0000,0.0
21243,0.0000,0.0000,0.0
21243,0.0000,0.0000,0.0
21243,0.0000,0.0000,0.0
21243,0.0000,0.0000,0.0
21243,0.0000,0.0000,0.0
21243,0.0000,0.0000,0.0
21243,0.0000,0.0000,0.0
21243,0.0000,0.0000,0.0
21243,0.0000,0.0000,0.0
21243,0.0000,0.0000,0.0
21243,0.0000,0.0000,0.0
21243,0.0000,0.0000,0.0
21243,0.0000,0.0000,0.0
21243,0.0000,0.0000,0.0
21243,0.0000,0.0000,0.0
21243,0.0000,0.0000,0.0
21243,0.0000,0.0000,0.0
21243,0.0000,0.0000,0.0
21243,0.0000,0.0000,0.0
21243,0.0000,0.0000,0.0
21243,0.0000,0.0000,0.0
21243,0.0000,0.0000,0.0
21243,0.0000,0.0000,0.0
21243,0.0000,0.0000,0.0
21243,0.0000,0.0000,0.0
21243,0.0000,0.0000,0.0
21243,0.0000,0.0000,0.0
21243,0.0000,0.0000,0.0
21243,0.0000,0.0000,0.0
21243,0.0000,0.0000,0.0
21243,0.0000,0.0000,0.0
21243,0.0000,0.0000,0.0
21243,0.0000,0.0000,0.0
21243,0.0000,0.0000,0.0
21243,0.0000,0.0000,0.0
21243,0.0000,0.0000,0.0
21243,0.0000,0.0000,0.0
21243,0.0000,0.0000,0.0
21243,0.0000,0.0000,0.0
21243,0.0000,0.0000,0.0
21243,0.0000,0.0000,0.0
21243,0.0000,0.0000,0.0
21243,0.0000,0.0000,0.0
21243,0.0000,0.0000,0.0
21243,0.0000,0.0000,0.0
21243,0.0000,0.0000,0.0
21243,0.0000,0.0000,0.0
21243,0.0000,0.0000,0.0
21243,0.0000,0.0000,0.0
21243,0.0000,0.0000,0.0
21243,0.0000,0.0000,0.0
21243,0.0000,0.0000,0.0
21243,0.0000,0.0000,0.0
21243,0.0000,0.0000,0.0
21243,0.0000,0.0000,0.0
21243,0.0000,0.0000,0.0
21243,0.0000,0.0000,0.0
21243,0.0000,0.0000,0.0
21243,0.0000,0.0000,0.0
21243,0.0000,0.0000,0.0
21243,0.0000,0.0000,0.0
21243,0.0000,0.0000,0.0
21243,0.0000,0.0000,0.0
21243,0.0000,0.0000,0.0
21243,0.0000,0.0000,0.0
21243,0.0000,0.0000,0.0
21243,0.0000,0.0000,0.0
21243,0.0000,0.0000,0.0
21243,0.0000,0.0000,0.0
21243,0.0000,0.0000,0.0
21243,0.0000,0.0000,0.0
21243,0.0000,0.0000,0.0
21243,0.0000,0.0000,0.0
21243,0.0000,0.0000,0.0
21243,0.0000,0.0000,0.0
21243,0.0000,0.0000,0.0
21243,0.0000,0.0000,0.0
21243,0.0000,0.0000,0.0
21243,0.0000,0.0000,0.0
21243,0.0000,0.0000,0.0
21243,0.0000,0.0000,0.0
21243,0.0000,0.0000,0.0
21243,0.0000,0.0000,0.0
21243,0.0000,0.0000,0.0
21243,0.0000,0.0000,0.0
21243,0.0000,0.0000,0.0
21243,0.0000,0.0000,0.0
21243,0.0000,0.0000,0.0
21243,0.0000,0.0000,0.0
21243,0.0000,0.0000,0.0
21243,0.0000,0.0000,0.0
21243,0.0000,0.0000,0.0
21243,0.0000,0.0000,0.0
21243,0.0000,0.0000,0.0
21243,0.0000,0.0000,0.0
21243,0.0000,0.0000,0.0
21243,0.0000,0.0000,0.0
21243,0.0000,0.0000,0.0
21243,0.0000,0.0000,0.0
21243,0.0000,0.0000,0.0
21243,0.0000,0.0000,0.0
21243,0.0000,0.0000,0.0
21243,0.0000,0.0000,0.0
21243,0.0000,0.0000,0.0
21243,0.0000,0.0000,0.0
21243,0.0000,0.0000,0.0
21243,0.0000,0.0000,0.0
21243,0.0000,0.0000,0.0
21243,0.0000,0.0000,0.0
21243,0.0000,0.0000,0.0
21243,0.0000,0.0000,0.0
21243,0.0000,0.0000,0.0
21243,0.0000,0.0000,0.0
21243,0.0000,0.0000,0.0
21243,0.0000,0.0000,0.0
21243,0.0000,0.0000,0.0
21243,0.0000,0.0000,0.0
21243,0.0000,0.0000,0.0
21243,0.0000,0.0000,0.0
21243,0.0000,0.0000,0.0
21243,0.0000,0.0000,0.0
21243,0.0000,0.0000,0.0
21243,0.0000,0.0000,0.0
21243,0.0000,0.0000,0.0
21243,0.0000,0.0000,0.0
21243,0.0000,0.0000,0.0
21243,0.0000,0.0000,0.0
21243,0.0000,0.0000,0.0
21243,0.0000,0.0000,0.0
21243,0.0000,0.0000,0.0
21243,0.0000,0.0000,0.0
21243,0.0000,0.0000,0.0
21243,0.0000,0.0000,0.0
21243,0.0000,0.0000,0.0
21243,0.0000,0.0000,0.0
21243,0.0000,0.0000,0.0
21243,0.0000,0.0000,0.0
21243,0.0000,0.0000,0.0
21243,0.0000,0.0000,0.0
21243,0.0000,0.0000,0.0
21243,0.0000,0.0000,0.0
21243,0.0000,0.0000,0.0
21243,0.0000,0.0000,0.0
21243,0.0000,0.0000,0.0
21243,0.0000,0.0000,0.0
21243,0.0000,0.0000,0.0
21243,0.0000,0.0000,0.0
21243,0.0000,0.0000,0.0
21243,0.0000,0.0000,0.0
21243,0.0000,0.0000,0.0
21243,0.0000,0.0000,0.0
21243,0.0000,0.0000,0.0
21243,0.0000,0.0000,0.0
21243,0.0000,0.0000,0.0
21243,0.0000,0.0000,0.0
21243,0.0000,0.0000,0.0
21243,0.0000,0.0000,0.0
21243,0.0000,0.0000,0.0
21243,0.0000,0.0000,0.0
21243,0.0000,0.0000,0.0
21243,0.0000,0.0000,0.0
21243,0.0000,0.0000,0.0
21243,0.0000,0.0000,0.0
21243,0.0000,0.0000,0.0
21243,0.0000,0.0000,0.0
21243,0.0000,0.0000,0.0
21243,0.0000,0.0000,0.0
21243,0.0000,0.0000,0.0
21243,0.0000,0.0000,0.0
21243,0.0000,0.0000,0.0
21243,0.0000,0.0000,0.0
21243,0.0000,0.0000,0.0
21243,0.0000,0.0000,0.0
21243,0.0000,0.0000,0.0
21243,0.0000,0.0000,0.0
21243,0.0000,0.0000,0.0
21243,0.0000,0.0000,0.0
21243,0.0000,0.0000,0.0
21243,0.0000,0.0000,0.0
21243,0.0000,0.0000,0.0
21243,0.0000,0.0000,0.0
21243,0.0000,0.0000,0.0
21243,0.0000,0.0000,0.0
21243,0.0000,0.0000,0.0
21243,0.0000,0.0000,0.0
21243,0.0000,0.0000,0.0
21243,0.0000,0.0000,0.0
21243,0.0000,0.0000,0.0
21243,0.0000,0.0000,0.0
21243,0.0000,0.0000,0.0
21243,0.0000,0.0000,0.0
21243,0.0000,0.0000,0.0
21243,0.0000,0.0000,0.0
21243,0.0000,0.0000,0.0
21243,0.0000,0.0000,0.0
21243,0.0000,0.0000,0.0
21243,0.0000,0.0000,0.0
21243,0.0000,0.0000,0.0
21243,0.0000,0.0000,0.0
21243,0.0000,0.0000,0.0
21243,0.0000,0.0000,0.0
21243,0.0000,0.0000,0.0
21243,0.0000,0.0000,0.0
21243,0.0000,0.0000,0.0
21243,0.0000,0.0000,0.0
21243,0.0000,0.0000,0.0
21243,0.0000,0.0000,0.0
21243,0.0000,0.0000,0.0
21243,0.0000,0.0000,0.0
21243,0.0000,0.0000,0.0
21243,0.0000,0.0000,0.0
21243,0.0000,0.0000,0.0
21243,0.0000,0.0000,0.0
21243,0.0000,0.0000,0.0
21243,0.0000,0.0000,0.0
21243,0.0000,0.0000,0.0
21243,0.0000,0.0000,0.0
21243,0.0000,0.0000,0.0
21243,0.0000,0.0000,0.0
21243,0.0000,0.0000,0.0
21243,0.0000,0.0000,0.0
21243,0.0000,0.0000,0.0
21243,0.0000,0.0000,0.0
21243,0.0000,0.0000,0.0
21243,0.0000,0.0000,0.0
21243,0.0000,0.0000,0.0
21243,0.0000,0.0000,0.0
21243,0.0000,0.0000,0.0
21243,0.0000,0.0000,0.0
21243,0.0000,0.0000,0.0
21243,0.0000,0.0000,0.0
21243,0.0000,0.0000,0.0
21243,0.0000,0.0000,0.0
21243,0.0000,0.0000,0.0
21243,0.0000,0.0000,0.0
21243,0.0000,0.0000,0.0
21243,0.0000,0.0000,0.0
21243,0.0000,0.0000,0.0
21243,0.0000,0.0000,0.0
21243,0.0000,0.0000,0.0
21243,0.0000,0.0000,0.0
21243,0.0000,0.0000,0.0
21243,0.0000,0.0000,0.0
21243,0.0000,0.0000,0.0
21243,0.0000,0.0000,0.0
21243,0.0000,0.0000,0.0
21243,0.0000,0.0000,0.0
21243,0.0000,0.0000,0.0
21243,0.0000,0.0000,0.0
21243,0.0000,0.0000,0.0
21243,0.0000,0.0000,0.0
21243,0.0000,0.0000,0.0
21243,0.0000,0.0000,0.0
21243,0.0000,0.0000,0.0
21243,0.0000,0.0000,0.0
21243,0.0000,0.0000,0.0
21243,0.0000,0.0000,0.0
21243,0.0000,0.0000,0.0
21243,0.0000,0.0000,0.0
21243,0.0000,0.0000,0.0
21243,0.0000,0.0000,0.0
21243,0.0000,0.0000,0.0
21243,0.0000,0.0000,0.0
21243,0.0000,0.0000,0.0
21243,0.0000,0.0000,0.0
21243,0.0000,0.0000,0.0
21243,0.0000,0.0000,0.0
21243,0.0000,0.0000,0.0
21243,0.0000,0.0000,0.0
21243,0.0000,0.0000,0.0
21243,0.0000,0.0000,0.0
21243,0.0000,0.0000,0.0
21243,0.0000,0.0000,0.0
21243,0.0000,0.0000,0.0
21243,0.0000,0.0000,0.0
21243,0.0000,0.0000,0.0
21243,0.0000,0.0000,0.0
21243,0.0000,0.0000,0.0
21243,0.0000,0.0000,0.0
21243,0.0000,0.0000,0.0
21243,0.0000,0.0000,0.0
21243,0.0000,0.0000,0.0
22244,0.0000,0.0000,0.0
23245,0.0000,0.0000,0.0
24246,0.0000,0.0000,0.0
25247,0.0000,0.0000,0.0
26248,0.0000,0.0000,0.0
27249,0.0000,0.0000,0.0
28250,0.0000,0.0000,0.0
29251,0.0000,0.0000,0.0
30252,0.0000,0.0000,0.0
31253,0.0000,0.0000,0.0
32254,0.0000,0.0000,0.0
33255,0.0000,0.0000,0.0
34256,0.0000,0.0000,0.0
35257,0.0000,0.0000,0.0
36258,0.0000,0.0000,0.0
37259,0.0000,0.0000,0.0
38260,0.0000,0.0000,0.0
39261,0.0000,0.0000,0.0
40262,0.0000,0.0000,0.0
41263,0.0000,0.0000,0.0
42264,0.0000,0.0000,0.0
43265,0.0000,0.0000,0.0
44266,0.0000,0.0000,0.0
45267,0.0000,0.0000,0.0
46268,0.0000,0.0000,0.0
47269,0.0000,0.0000,0.0
48270,0.0000,0.0000,0.0
49271,0.0000,0.0000,0.0
50272,0.0000,0.0000,0.0
51273,0.0000,0.0000,0.0
52274,0.0000,0.0000,0.0
53275,0.0000,0.0000,0.0
54276,0.0000,0.0000,0.0
55277,0.0000,0.0000,0.0
56278,0.0000,0.0000,0.0
57279,0.0000,0.0000,0.0
58280,0.0000,0.0000,0.0
59281,0.0000,0.0000,0.0
60282,0.0000,0.0000,0.0
61283,0.0000,0.0000,0.0
62284,0.0000,0.0000,0.0
63285,0.0000,0.0000,0.0
64286,0.0000,0.0000,0.0
65287,0.0000,0.0000,0.0
66288,0.0000,0.0000,0.0
67289,0.0000,0.0000,0.0
68290,0.0000,0.0000,0.0
69291,0.0000,0.0000,0.0
70292,0.0000,0.0000,0.0
71293,0.0000,0.0000,0.0
72294,0.0000,0.0000,0.0
73295,0.0000,0.0000,0.0
74296,0.0000,0.0000,0.0
75297,0.0000,0.0000,0.0
76298,0.0000,0.0000,0.0
77299,0.0000,0.0000,0.0
78300,0.0000,0.0000,0.0
79301,0.0000,0.0000,0.0
80302,0.0000,0.0000,0.0
81303,0.0000,0.0000,0.0
82304,0.0000,0.0000,0.0
83305,0.0000,0.0000,0.0
84306,0.0000,0.0000,0.0
85307,0.0000,0.0000,0.0
86308,0.0000,0.0000,0.0
87309,0.0000,0.0000,0.0
88310,0.0000,0.0000,0.0
89311,0.0000,0.0000,0.0
90312,0.0000,0.0000,0.0
91313,0.0000,0.0000,0.0
92314,0.0000,0.0000,0.0
93315,0.0000,0.0000,0.0
94316,0.0000,0.0000,0.0
95317,0.0000,0.0000,0.0
96318,0.0000,0.0000,0.0
97319,0.0000,0.0000,0.0
98320,0.0000,0.0000,0.0
99321,0.0000,0.0000,0.0
100322,0.0000,0.0000,0.0
101323,0.0000,0.0000,0.0
102324,0.0000,0.0000,0.0
103325,0.0000,0.0000,0.0
104326,0.0000,0.0000,0.0
105327,0.0000,0.0000,0.0
106328,0.0000,0.0000,0.0
107329,0.0000,0.0000,0.0
108330,0.0000,0.0000,0.0
109331,0.0000,0.0000,0.0
110332,0.0000,0.0000,0.0
111333,0.0000,0.0000,0.0
112334,0.0000,0.0000,0.0
113335,0.0000,0.0000,0.0
114336,0.0000,0.0000,0.0
115337,0.0000,0.0000,0.0
116338,0.0000,0.0000,0.0
117339,0.0000,0.0000,0.0
118340,0.0000,0.0000,0.0
119341,0.0000,0.0000,0.0
120342,0.0000,0.0000,0.0
121343,0.0000,0.0000,0.0
122344,0.0000,0.0000,0.0
123345,0.0000,0.0000,0.0
124346,0.0000,0.0000,0.0
125347,0.0000,0.0000,0.0
126348,0.0000,0.0000,0.0
127349,0.0000,0.0000,0.0
128350,0.0000,0.0000,0.0
129351,0.0000,0.0000,0.0
130352,0.0000,0.0000,0.0
131353,0.0000,0.0000,0.0
132354,0.0000,0.0000,0.0
133355,0.0000,0.0000,0.0
134356,0.0000,0.0000,0.0
135357,0.0000,0.0000,0.0
136358,0.0000,0.0000,0.0
137359,0.0000,0.0000,0.0
138360,0.0000,0.0000,0.0
139361,0.0000,0.0000,0.0
140362,0.0000,0.0000,0.0
141363,0.0000,0.0000,0.0
142364,0.0000,0.0000,0.0
143365,0.0000,0.0000,0.0
144366,0.0000,0.0000,0.0
145367,0.0000,0.0000,0.0
146368,0.0000,0.0000,0.0
147369,0.0000,0.0000,0.0
148370,0.0000,0.0000,0.0
149371,0.0000,0.0000,0.0
150372,0.0000,0.0000,0.0
151373,0.0000,0.0000,0.0
152374,0.0000,0.0000,0.0
153375,0.0000,0.0000,0.0
154376,0.0000,0.0000,0.0
155377,0.0000,0.0000,0.0
156378,0.0000,0.0000,0.0
157379,0.0000,0.0000,0.0
158380,0.0000,0.0000,0.0
159381,0.0000,0.0000,0.0
160382,0.0000,0.0000,0.0
161383,0.0000,0.0000,0.0
162384,0.0000,0.0000,0.0
163385,0.0000,0.0000,0.0
164386,0.0000,0.0000,0.0
165387,0.0000,0.0000,0.0
166388,0.0000,0.0000,0.0
167389,0.0000,0.0000,0.0
168390,0.0000,0.0000,0.0
169391,0.0000,0.0000,0.0
170392,0.0000,0.0000,0.0
171393,0.0000,0.0000,0.0
172394,0.0000,0.0000,0.0
173395,0.0000,0.0000,0.0
174396,0.0000,0.0000,0.0
175397,0.0000,0.0000,0.0
176398,0.0000,0.0000,0.0
177399,0.0000,0.0000,0.0
178400,0.0000,0.0000,0.0
179401,0.0000,0.0000,0.0
180402,0.0000,0.0000,0.0
181403,0.0000,0.0000,0.0
182404,0.0000,0.0000,0.0
183405,0.0000,0.0000,0.0
184406,0.0000,0.0000,0.0
185407,0.0000,0.0000,0.0
186408,0.0000,0.0000,0.0
187409,0.0000,0.0000,0.0
188410,0.0000,0.0000,0.0
189411,0.0000,0.0000,0.0
190412,0.0000,0.0000,0.0
191413,0.0000,0.0000,0.0
192414,0.0000,0.0000,0.0
193415,0.0000,0.0000,0.0
194416,0.0000,0.0000,0.0
195417,0.0000,0.0000,0.0
196418,0.0000,0.0000,0.0
197419,0.0000,0.0000,0.0
198420,0.0000,0.0000,0.0
199421,0.0000,0.0000,0.0
200422,0.0000,0.0000,0.0
201423,0.0000,0.0000,0.0
202424,0.0000,0.0000,0.0
203425,0.0000,0.0000,0.0
204426,0.0000,0.0000,0.0
205427,0.0000,0.0000,0.0
206428,0.0000,0.0000,0.0
207429,0.0000,0.0000,0.0
208430,0.0000,0.0000,0.0
209431,0.0000,0.0000,0.0
210432,0.0000,0.0000,0.0
211433,0.0000,0.0000,0.0
212434,0.0000,0.0000,0.0
213435,0.0000,0.0000,0.0
214436,0.0000,0.0000,0.0
215437,0.0000,0.0000,0.0
216438,0.0000,0.0000,0.0
217439,0.0000,0.0000,0.0
218440,0.0000,0.0000,0.0
219441,0.0000,0.0000,0.0
220442,0.0000,0.0000,0.0
221443,0.0000,0.0000,0.0
222444,0.0000,0.0000,0.0
223445,0.0000,0.0000,0.0
224446,0.0000,0.0000,0.0
225447,0.0000,0.0000,0.0
226448,0.0000,0.0000,0.0
227449,0.0000,0.0000,0.0
228450,0.0000,0.0000,0.0
229451,0.0000,0.0000,0.0
230452,0.0000,0.0000,0.0
231453,0.0000,0.0000,0.0
232454,0.0000,0.0000,0.0
233455,0.0000,0.0000,0.0
234456,0.0000,0.0000,0.0
235457,0.0000,0.0000,0.0
236458,0.0000,0.0000,0.0
237459,0.0000,0.0000,0.0
238460,0.0000,0.0000,0.0
239461,0.0000,0.0000,0.0
240462,0.0000,0.0000,0.0
241463,0.0000,0.0000,0.0
242464,0.0000,0.0000,0.0
243465,0.0000,0.0000,0.0
244466,0.0000,0.0000,0.0
245467,0.0000,0.0000,0.0
246468,0.0000,0.0000,0.0
247469,0.0000,0.0000,0.0
248470,0.0000,0.0000,0.0
249471,0.0000,0.0000,0.0
250472,0.0000,0.0000,0.0
251473,0.0000,0.0000,0.0
252474,0.0000,0.0000,0.0
253475,0.0000,0.0000,0.0
254476,0.0000,0.0000,0.0
255477,0.0000,0.0000,0.0
256478,0.0000,0.0000,0.0
257479,0.0000,0.0000,0.0
258480,0.0000,0.0000,0.0
259481,0.0000,0.0000,0.0
260482,0.0000,0.0000,0.0
261483,0.0000,0.0000,0.0
262484,0.0000,0.0000,0.0
263485,0.0000,0.0000,0.0
264486,0.0000,0.0000,0.0
265487,0.0000,0.0000,0.0
266488,0.0000,0.0000,0.0
267489,0.0000,0.0000,0.0
268490,0.0000,0.0000,0.0
269491,0.0000,0.0000,0.0
270492,0.0000,0.0000,0.0
271493,0.0000,0.0000,0.0
272494,0.0000,0.0000,0.0
273495,0.0000,0.0000,0.0
274496,0.0000,0.0000,0.0
275497,0.0000,0.0000,0.0
276498,0.0000,0.0000,0.0
277499,0.0000,0.0000,0.0
278500,0.0000,0.0000,0.0
279501,0.0000,0.0000,0.0
280502,0.0000,0.0000,0.0
281503,0.0000,0.0000,0.0
282504,0.0000,0.0000,0.0
283505,0.0000,0.0000,0.0
284506,0.0000,0.0000,0.0
285507,0.0000,0.0000,0.0
286508,0.0000,0.0000,0.0
287509,0.0000,0.0000,0.0
288510,0.0000,0.0000,0.0
289511,0.0000,0.0000,0.0
290512,0.0685,0.0685,28.8
291513,0.1845,0.1845,75.2
292514,0.0000,0.0000,0.0
293515,0.0000,0.0000,0.0
294516,0.0000,0.0000,0.0
295517,0.0830,0.0830,34.7
296518,0.1700,0.1700,69.5
297519,0.0000,0.0000,0.0
298520,0.0000,0.0000,0.0
299521,0.0000,0.0000,0.0
300522,0.0169,0.0169,7.2
301523,0.0081,0.0081,3.4
302524,0.0000,0.0000,0.0
303525,0.0000,0.0000,0.0
304526,0.0000,0.0000,0.0
305527,0.0000,0.0000,0.0
306528,0.0000,0.0000,0.0
307529,0.0000,0.0000,0.0
308530,0.0000,0.0000,0.0
309531,0.0000,0.0000,0.0
310532,0.0137,0.0137,5.8
311533,0.0814,0.0814,34.1
312534,0.0000,0.0000,0.0
313535,0.0000,0.0000,0.0
314536,0.0000,0.0000,0.0
315537,0.0000,0.0000,0.0
316538,0.0000,0.0000,0.0
317539,0.0000,0.0000,0.0
318540,0.0000,0.0000,0.0
319541,0.0000,0.0000,0.0
320542,0.0000,0.0000,0.0
321543,0.0000,0.0000,0.0
322544,0.0000,0.0000,0.0
323545,0.0000,0.0000,0.0
324546,0.0000,0.0000,0.0
325547,0.0000,0.0000,0.0
326548,0.0000,0.0000,0.0
327549,0.0000,0.0000,0.0
328550,0.0000,0.0000,0.0
329551,0.0000,0.0000,0.0
330552,0.0000,0.0000,0.0
331553,0.0000,0.0000,0.0
332554,0.0000,0.0000,0.0
333555,0.0000,0.0000,0.0
334556,0.0000,0.0000,0.0
335557,0.0000,0.0000,0.0
336558,0.0000,0.0000,0.0
337559,0.0000,0.0000,0.0
338560,0.0000,0.0000,0.0
339561,0.0000,0.0000,0.0
340562,0.0000,0.0000,0.0
341563,0.0000,0.0000,0.0
342564,0.0000,0.0000,0.0
343565,0.0000,0.0000,0.0
344566,0.0000,0.0000,0.0
345567,0.0000,0.0000,0.0
346568,0.0000,0.0000,0.0
347569,0.0000,0.0000,0.0
348570,0.0000,0.0000,0.0
349571,0.0000,0.0000,0.0
350572,0.0000,0.0000,0.0
351573,0.0000,0.0000,0.0
352574,0.0000,0.0000,0.0
353575,0.0000,0.0000,0.0
354576,0.0000,0.0000,0.0
355577,0.0000,0.0000,0.0
356578,0.0000,0.0000,0.0
357579,0.0000,0.0000,0.0
358580,0.0000,0.0000,0.0
359581,0.0000,0.0000,0.0
360582,0.0000,0.0000,0.0
361583,0.0000,0.0000,0.0
362584,0.0000,0.0000,0.0
363585,0.0000,0.0000,0.0
364586,0.0000,0.0000,0.0
365587,0.0000,0.0000,0.0
366588,0.0000,0.0000,0.0
367589,0.0000,0.0000,0.0
368590,0.0000,0.0000,0.0
369591,0.0000,0.0000,0.0
370592,0.0000,0.0000,0.0
371593,0.0000,0.0000,0.0
372594,0.0000,0.0000,0.0
373595,0.0000,0.0000,0.0
374596,0.0000,0.0000,0.0
375597,0.0000,0.0000,0.0
376598,0.0000,0.0000,0.0
377599,0.0000,0.0000,0.0
378600,0.0000,0.0000,0.0
379601,0.0000,0.0000,0.0
380602,0.0000,0.0000,0.0
381603,0.0000,0.0000,0.0
382604,0.0000,0.0000,0.0
383605,0.0000,0.0000,0.0
384606,0.0000,0.0000,0.0
385607,0.0000,0.0000,0.0
386608,0.0000,0.0000,0.0
387609,0.0000,0.0000,0.0
388610,0.0000,0.0000,0.0
389611,0.0000,0.0000,0.0
390612,0.0000,0.0000,0.0
391613,0.0000,0.0000,0.0
392614,0.0000,0.0000,0.0
393615,0.0000,0.0000,0.0
394616,0.0000,0.0000,0.0
395617,0.0000,0.0000,0.0
396618,0.0000,0.0000,0.0
397619,0.0000,0.0000,0.0
398620,0.0000,0.0000,0.0
399621,0.0000,0.0000,0.0
400622,0.0000,0.0000,0.0
401623,0.0000,0.0000,0.0
402624,0.0000,0.0000,0.0
403625,0.0000,0.0000,0.0
404626,0.0000,0.0000,0.0
405627,0.0000,0.0000,0.0
406628,0.0000,0.0000,0.0
407629,0.0000,0.0000,0.0
408630,0.0000,0.0000,0.0
409631,0.0000,0.0000,0.0
410632,0.0000,0.0000,0.0
411633,0.0000,0.0000,0.0
412634,0.0000,0.0000,0.0
413635,0.0000,0.0000,0.0
414636,0.0000,0.0000,0.0
415637,0.0000,0.0000,0.0
416638,0.0000,0.0000,0.0
417639,0.0000,0.0000,0.0
418640,0.0000,0.0000,0.0
419641,0.0000,0.0000,0.0
420642,0.0395,0.0395,16.7
421643,0.0314,0.0314,13.3
422644,0.0000,0.0000,0.0
423645,0.0000,0.0000,0.0
424646,0.0000,0.0000,0.0
425647,0.0451,0.0451,19.1
426648,0.0000,0.0000,0.0
427649,0.0000,0.0000,0.0
428650,0.0000,0.0000,0.0
429651,0.0000,0.0000,0.0
430652,0.0000,0.0000,0.0
431653,0.0000,0.0000,0.0
432654,0.0000,0.0000,0.0
433655,0.0000,0.0000,0.0
434656,0.0000,0.0000,0.0
435657,0.0000,0.0000,0.0
436658,0.0000,0.0000,0.0
437659,0.0000,0.0000,0.0
438660,0.0000,0.0000,0.0
439661,0.0000,0.0000,0.0
440662,0.0000,0.0000,0.0
441663,0.0000,0.0000,0.0
442664,0.0000,0.0000,0.0
443665,0.0000,0.0000,0.0
444666,0.0000,0.0000,0.0
445667,0.0000,0.0000,0.0
446668,0.0000,0.0000,0.0
447669,0.0000,0.0000,0.0
448670,0.0000,0.0000,0.0
449671,0.0000,0.0000,0.0
450672,0.0000,0.0000,0.0
451673,0.0000,0.0000,0.0
452674,0.0000,0.0000,0.0
453675,0.0000,0.0000,0.0
454676,0.0000,0.0000,0.0
455677,0.0000,0.0000,0.0
456678,0.0000,0.0000,0.0
457679,0.0000,0.0000,0.0
458680,0.0000,0.0000,0.0
459681,0.0000,0.0000,0.0
460682,0.0000,0.0000,0.0
461683,0.0000,0.0000,0.0
462684,0.0000,0.0000,0.0
463685,0.0000,0.0000,0.0
464686,0.0000,0.0000,0.0
465687,0.0000,0.0000,0.0
466688,0.0000,0.0000,0.0
467689,0.0000,0.0000,0.0
468690,0.0000,0.0000,0.0
469691,0.0000,0.0000,0.0
470692,0.0000,0.0000,0.0
471693,0.0000,0.0000,0.0
472694,0.0000,0.0000,0.0
473695,0.0000,0.0000,0.0
474696,0.0000,0.0000,0.0
475697,0.0000,0.0000,0.0
476698,0.0000,0.0000,0.0
477699,0.0000,0.0000,0.0
478700,0.0000,0.0000,0.0
479701,0.0000,0.0000,0.0
480702,0.0000,0.0000,0.0
481703,0.0000,0.0000,0.0
482704,0.0000,0.0000,0.0
483705,0.0000,0.0000,0.0
484706,0.0000,0.0000,0.0
485707,0.0000,0.0000,0.0
486708,0.0000,0.0000,0.0
487709,0.0000,0.0000,0.0
488710,0.0000,0.0000,0.0
489711,0.0000,0.0000,0.0
490712,0.0000,0.0000,0.0
491713,0.0000,0.0000,0.0
492714,0.0000,0.0000,0.0
493715,0.0000,0.0000,0.0
494716,0.0000,0.0000,0.0
495717,0.0000,0.0000,0.0
496718,0.0000,0.0000,0.0
497719,0.0000,0.0000,0.0
498720,0.0000,0.0000,0.0
499721,0.0000,0.0000,0.0
500722,0.0000,0.0000,0.0
501723,0.0000,0.0000,0.0
502724,0.0000,0.0000,0.0
503725,0.0000,0.0000,0.0
504726,0.0000,0.0000,0.0
505727,0.0000,0.0000,0.0
506728,0.0000,0.0000,0.0
507729,0.0000,0.0000,0.0
508730,0.0000,0.0000,0.0
509731,0.0000,0.0000,0.0
510732,0.0000,0.0000,0.0
511733,0.0000,0.0000,0.0
512734,0.0000,0.0000,0.0
513735,0.0000,0.0000,0.0
514736,0.0000,0.0000,0.0
515737,0.0000,0.0000,0.0
516738,0.0000,0.0000,0.0
517739,0.0000,0.0000,0.0
518740,0.0000,0.0000,0.0
519741,0.0000,0.0000,0.0
520742,0.0000,0.0000,0.0
521743,0.0000,0.0000,0.0
522744,0.0000,0.0000,0.0
523745,0.3836,0.3836,149.4
524746,0.3860,0.3860,150.3
525747,0.0282,0.0282,12.0
526748,0.0000,0.0000,0.0
527749,0.0008,0.0008,0.3
528750,0.0330,0.0330,14.0
529751,0.3989,0.3989,154.9
530752,0.2579,0.2579,103.2
531753,0.2708,0.2708,108.0
532754,0.4021,0.4021,156.0
533755,0.3989,0.3989,154.9
534756,0.3997,0.3997,155.2
535757,0.4013,0.4013,155.8
536758,0.3997,0.3997,155.2
537759,0.3981,0.3981,154.6
538760,0.4005,0.4005,155.5
539761,0.4005,0.4005,155.5
540762,0.3997,0.3997,155.2
541763,0.3997,0.3997,155.2
542764,0.4005,0.4005,155.5
543765,0.3989,0.3989,154.9
544766,0.3997,0.3997,155.2
545767,0.4013,0.4013,155.8
546768,0.4005,0.4005,155.5
547769,0.3997,0.3997,155.2
548770,0.3997,0.3997,155.2
549771,0.4021,0.4021,156.0
550772,0.3997,0.3997,155.2
551773,0.3997,0.3997,155.2
552774,0.3973,0.3973,154.3
553775,0.3981,0.3981,154.6
554776,0.4005,0.4005,155.5
555777,0.3997,0.3997,155.2
556778,0.3997,0.3997,155.2
557779,0.3997,0.3997,155.2
558780,0.4013,0.4013,155.8
559781,0.4013,0.4013,155.8
560782,0.3997,0.3997,155.2
561783,0.4005,0.4005,155.5
562784,0.4005,0.4005,155.5
563785,0.4005,0.4005,155.5
564786,0.3973,0.3973,154.3
565787,0.4029,0.4029,156.3
566788,0.4005,0.4005,155.5
567789,0.3997,0.3997,155.2
568790,0.4005,0.4005,155.5
569791,0.4005,0.4005,155.5
570792,0.3989,0.3989,154.9
571793,0.3981,0.3981,154.6
572794,0.0000,0.0000,0.0
573795,0.0000,0.0000,0.0
574796,0.0000,0.0000,0.0
575797,0.0000,0.0000,0.0
576798,0.0000,0.0000,0.0
577799,0.0000,0.0000,0.0
578800,0.0000,0.0000,0.0
579801,0.0000,0.0000,0.0
580802,0.0000,0.0000,0.0
581803,0.0000,0.0000,0.0
582804,0.0000,0.0000,0.0
583805,0.0000,0.0000,0.0
584806,0.0000,0.0000,0.0
585807,0.0000,0.0000,0.0
586808,0.0000,0.0000,0.0
587809,0.0000,0.0000,0.0
588810,0.0000,0.0000,0.0
589811,0.0000,0.0000,0.0
590812,0.0000,0.0000,0.0
591813,0.0000,0.0000,0.0
592814,0.0000,0.0000,0.0
593815,0.0000,0.0000,0.0
594816,0.0000,0.0000,0.0
595817,0.0000,0.0000,0.0
596818,0.0000,0.0000,0.0
597819,0.0000,0.0000,0.0
598820,0.0000,0.0000,0.0
599821,0.0000,0.0000,0.0
600822,0.0000,0.0000,0.0
601823,0.0000,0.0000,0.0
602824,0.2337,0.2337,94.1
603825,0.2458,0.2458,98.6
604826,0.2450,0.2450,98.3
605827,0.2442,0.2442,98.0
606828,0.2450,0.2450,98.3
607829,0.2450,0.2450,98.3
608830,0.2482,0.2482,99.5
609831,0.2450,0.2450,98.3
610832,0.2450,0.2450,98.3
611833,0.2450,0.2450,98.3
612834,0.2450,0.2450,98.3
613835,0.2450,0.2450,98.3
614836,0.2450,0.2450,98.3
615837,0.2498,0.2498,100.2
616838,0.2458,0.2458,98.6
617839,0.2450,0.2450,98.3
618840,0.2450,0.2450,98.3
619841,0.2466,0.2466,98.9
620842,0.2450,0.2450,98.3
621843,0.2466,0.2466,98.9
622844,0.2466,0.2466,98.9
623845,0.2466,0.2466,98.9
624846,0.2450,0.2450,98.3
625847,0.2466,0.2466,98.9
626848,0.2450,0.2450,98.3
627849,0.2450,0.2450,98.3
628850,0.2450,0.2450,98.3
629851,0.2434,0.2434,97.7
630852,0.2474,0.2474,99.2
631853,0.2450,0.2450,98.3
632854,0.2458,0.2458,98.6
633855,0.2450,0.2450,98.3
634856,0.2466,0.2466,98.9
635857,0.2458,0.2458,98.6
636858,0.2482,0.2482,99.5
637859,0.2450,0.2450,98.3
638860,0.2450,0.2450,98.3
639861,0.2450,0.2450,98.3
640862,0.2450,0.2450,98.3
641863,0.2377,0.2377,95.6
642864,0.0234,0.0234,9.9
643865,0.0258,0.0258,11.0
644866,0.0282,0.0282,12.0
645867,0.0234,0.0234,9.9
646868,0.0000,0.0000,0.0
647869,0.0000,0.0000,0.0
648870,0.0000,0.0000,0.0
649871,0.0000,0.0000,0.0
650872,0.0000,0.0000,0.0
651873,0.0000,0.0000,0.0
652874,0.0000,0.0000,0.0
653875,0.0000,0.0000,0.0
654876,0.0000,0.0000,0.0
655877,0.0000,0.0000,0.0
656878,0.0000,0.0000,0.0
657879,0.0000,0.0000,0.0
658880,0.0000,0.0000,0.0
659881,0.0000,0.0000,0.0
660882,0.0000,0.0000,0.0
661883,0.0000,0.0000,0.0
662884,0.0000,0.0000,0.0
663885,0.0000,0.0000,0.0
664886,0.0000,0.0000,0.0
665887,0.0000,0.0000,0.0
666888,0.0000,0.0000,0.0
667889,0.0000,0.0000,0.0
668890,0.0000,0.0000,0.0
669891,0.0000,0.0000,0.0
670892,0.0000,0.0000,0.0
671893,0.0000,0.0000,0.0
672894,0.1749,0.1749,71.4
673895,0.1741,0.1741,71.1
674896,0.1757,0.1757,71.7
675897,0.1733,0.1733,70.8
676898,0.1749,0.1749,71.4
677899,0.1765,0.1765,72.0
678900,0.1765,0.1765,72.0
679901,0.1708,0.1708,69.8
680902,0.1765,0.1765,72.0
681903,0.1765,0.1765,72.0
682904,0.1781,0.1781,72.7
683905,0.1749,0.1749,71.4
684906,0.1749,0.1749,71.4
685907,0.1708,0.1708,69.8
686908,0.1757,0.1757,71.7
687909,0.1781,0.1781,72.7
688910,0.1757,0.1757,71.7
689911,0.1749,0.1749,71.4
690912,0.1749,0.1749,71.4
691913,0.1733,0.1733,70.8
692914,0.1789,0.1789,73.0
693915,0.1765,0.1765,72.0
694916,0.1725,0.1725,70.5
695917,0.1765,0.1765,72.0
696918,0.1765,0.1765,72.0
697919,0.1725,0.1725,70.5
698920,0.1749,0.1749,71.4
699921,0.1749,0.1749,71.4
700922,0.1741,0.1741,71.1
701923,0.1765,0.1765,72.0
702924,0.1781,0.1781,72.7
703925,0.1765,0.1765,72.0
704926,0.1741,0.1741,71.1
705927,0.1692,0.1692,69.2
706928,0.1781,0.1781,72.7
707929,0.1797,0.1797,73.3
708930,0.1773,0.1773,72.4
709931,0.1789,0.1789,73.0
710932,0.0000,0.0000,0.0
711933,0.0000,0.0000,0.0
712934,0.0000,0.0000,0.0
713935,0.0000,0.0000,0.0
714936,0.0000,0.0000,0.0
715937,0.0000,0.0000,0.0
716938,0.0000,0.0000,0.0
717939,0.0000,0.0000,0.0
718940,0.0000,0.0000,0.0
719941,0.0000,0.0000,0.0
720942,0.0000,0.0000,0.0
721943,0.0000,0.0000,0.0
722944,0.0000,0.0000,0.0
723945,0.0000,0.0000,0.0
724946,0.0000,0.0000,0.0
725947,0.0000,0.0000,0.0
726948,0.0000,0.0000,0.0
727949,0.0000,0.0000,0.0
728950,0.0000,0.0000,0.0
729951,0.0000,0.0000,0.0
730952,0.0000,0.0000,0.0
731953,0.0000,0.0000,0.0
732954,0.0000,0.0000,0.0
733955,0.0000,0.0000,0.0
734956,0.0000,0.0000,0.0
735957,0.1185,0.1185,49.1
736958,0.1241,0.1241,51.4
737959,0.1209,0.1209,50.1
738960,0.1241,0.1241,51.4
739961,0.1209,0.1209,50.1
740962,0.1233,0.1233,51.0
741963,0.1201,0.1201,49.7
742964,0.1209,0.1209,50.1
743965,0.1209,0.1209,50.1
744966,0.1209,0.1209,50.1
745967,0.1249,0.1249,51.7
746968,0.1257,0.1257,52.0
747969,0.1225,0.1225,50.7
748970,0.1217,0.1217,50.4
749971,0.1225,0.1225,50.7
750972,0.1209,0.1209,50.1
751973,0.1217,0.1217,50.4
752974,0.1201,0.1201,49.7
753975,0.1209,0.1209,50.1
754976,0.1209,0.1209,50.1
755977,0.1225,0.1225,50.7
756978,0.1241,0.1241,51.4
757979,0.1249,0.1249,51.7
758980,0.1217,0.1217,50.4
759981,0.1209,0.1209,50.1
760982,0.1233,0.1233,51.0
761983,0.1209,0.1209,50.1
762984,0.1233,0.1233,51.0
763985,0.1201,0.1201,49.7
764986,0.1185,0.1185,49.1
765987,0.1201,0.1201,49.7
766988,0.1217,0.1217,50.4
767989,0.1209,0.1209,50.1
768990,0.1209,0.1209,50.1
769991,0.1241,0.1241,51.4
770992,0.1249,0.1249,51.7
771993,0.1233,0.1233,51.0
772994,0.1241,0.1241,51.4
773995,0.1209,0.1209,50.1
774996,0.1209,0.1209,50.1
775997,0.1233,0.1233,51.0
776998,0.1233,0.1233,51.0
777999,0.1257,0.1257,52.0
779000,0.1265,0.1265,52.3
780001,0.1193,0.1193,49.4
781002,0.1249,0.1249,51.7
782003,0.1257,0.1257,52.0
783004,0.1193,0.1193,49.4
784005,0.1225,0.1225,50.7
785006,0.1241,0.1241,51.4
786007,0.1225,0.1225,50.7
787008,0.1193,0.1193,49.4
788009,0.1241,0.1241,51.4
789010,0.1185,0.1185,49.1
790011,0.1201,0.1201,49.7
791012,0.1249,0.1249,51.7
792013,0.1241,0.1241,51.4
793014,0.1185,0.1185,49.1
794015,0.1217,0.1217,50.4
795016,0.1217,0.1217,50.4
796017,0.1217,0.1217,50.4
797018,0.1249,0.1249,51.7
798019,0.1217,0.1217,50.4
799020,0.1185,0.1185,49.1
800021,0.1209,0.1209,50.1
801022,0.1249,0.1249,51.7
802023,0.1249,0.1249,51.7
803024,0.1233,0.1233,51.0
804025,0.1225,0.1225,50.7
805026,0.1241,0.1241,51.4
806027,0.1209,0.1209,50.1
807028,0.1209,0.1209,50.1
808029,0.1225,0.1225,50.7
809030,0.1185,0.1185,49.1
810031,0.0000,0.0000,0.0
811032,0.0000,0.0000,0.0
812033,0.0000,0.0000,0.0
813034,0.0000,0.0000,0.0
814035,0.0000,0.0000,0.0
815036,0.0000,0.0000,0.0
816037,0.0000,0.0000,0.0
817038,0.0000,0.0000,0.0
818039,0.0000,0.0000,0.0
819040,0.0000,0.0000,0.0
820041,0.0000,0.0000,0.0
821042,0.0000,0.0000,0.0
822043,0.0000,0.0000,0.0
823044,0.0000,0.0000,0.0
824045,0.0000,0.0000,0.0
825046,0.0000,0.0000,0.0
826047,0.0000,0.0000,0.0
827048,0.0000,0.0000,0.0
828049,0.0000,0.0000,0.0
829050,0.0000,0.0000,0.0
830051,0.0000,0.0000,0.0
831052,0.0000,0.0000,0.0
832053,0.0000,0.0000,0.0
833054,0.0000,0.0000,0.0
834055,0.0000,0.0000,0.0
835056,0.0000,0.0000,0.0
836057,0.0000,0.0000,0.0
837058,0.0000,0.0000,0.0
838059,0.0000,0.0000,0.0
839060,0.0000,0.0000,0.0
840061,0.0000,0.0000,0.0
841062,0.0000,0.0000,0.0
842063,0.0878,0.0878,36.7
843064,0.0878,0.0878,36.7
844065,0.0870,0.0870,36.4
845066,0.0870,0.0870,36.4
846067,0.0846,0.0846,35.4
847068,0.0895,0.0895,37.4
848069,0.0895,0.0895,37.4
849070,0.0862,0.0862,36.1
850071,0.0870,0.0870,36.4
851072,0.0903,0.0903,37.7
852073,0.0886,0.0886,37.0
853074,0.0838,0.0838,35.1
854075,0.0886,0.0886,37.0
855076,0.0886,0.0886,37.0
856077,0.0886,0.0886,37.0
857078,0.0895,0.0895,37.4
858079,0.0870,0.0870,36.4
859080,0.0903,0.0903,37.7
860081,0.0903,0.0903,37.7
861082,0.0895,0.0895,37.4
862083,0.0911,0.0911,38.0
863084,0.0886,0.0886,37.0
864085,0.0903,0.0903,37.7
865086,0.0886,0.0886,37.0
866087,0.0911,0.0911,38.0
867088,0.0870,0.0870,36.4
868089,0.0878,0.0878,36.7
869090,0.0886,0.0886,37.0
870091,0.0903,0.0903,37.7
871092,0.0895,0.0895,37.4
872093,0.0870,0.0870,36.4
873094,0.0903,0.0903,37.7
874095,0.0903,0.0903,37.7
875096,0.0903,0.0903,37.7
876097,0.0903,0.0903,37.7
877098,0.0886,0.0886,37.0
878099,0.0903,0.0903,37.7
879100,0.0886,0.0886,37.0
880101,0.0886,0.0886,37.0
881102,0.0895,0.0895,37.4
882103,0.0919,0.0919,38.4
883104,0.0903,0.0903,37.7
884105,0.0878,0.0878,36.7
885106,0.0870,0.0870,36.4
886107,0.0903,0.0903,37.7
887108,0.0886,0.0886,37.0
888109,0.0886,0.0886,37.0
889110,0.0846,0.0846,35.4
890111,0.0862,0.0862,36.1
891112,0.0854,0.0854,35.7
892113,0.0878,0.0878,36.7
893114,0.0903,0.0903,37.7
894115,0.0895,0.0895,37.4
895116,0.0886,0.0886,37.0
896117,0.0903,0.0903,37.7
897118,0.0886,0.0886,37.0
898119,0.0878,0.0878,36.7
899120,0.0895,0.0895,37.4
900121,0.0895,0.0895,37.4
901122,0.0846,0.0846,35.4
902123,0.0000,0.0000,0.0
903124,0.0000,0.0000,0.0
904125,0.0000,0.0000,0.0
905126,0.0000,0.0000,0.0
906127,0.0000,0.0000,0.0
907128,0.0000,0.0000,0.0
908129,0.0000,0.0000,0.0
909130,0.0000,0.0000,0.0
910131,0.0000,0.0000,0.0
911132,0.0000,0.0000,0.0
912133,0.0000,0.0000,0.0
913134,0.0000,0.0000,0.0
914135,0.0000,0.0000,0.0
915136,0.0000,0.0000,0.0
916137,0.0000,0.0000,0.0
917138,0.0000,0.0000,0.0
918139,0.0000,0.0000,0.0
919140,0.0000,0.0000,0.0
920141,0.0000,0.0000,0.0
921142,0.0000,0.0000,0.0
922143,0.0000,0.0000,0.0
923144,0.0000,0.0000,0.0
924145,0.0000,0.0000,0.0
925146,0.0000,0.0000,0.0
926147,0.0000,0.0000,0.0
927148,0.0000,0.0000,0.0
928149,0.0000,0.0000,0.0
929150,0.0000,0.0000,0.0
930151,0.0000,0.0000,0.0
931152,0.0000,0.0000,0.0
932153,0.0000,0.0000,0.0
933154,0.0000,0.0000,0.0
934155,0.0000,0.0000,0.0
935156,0.0000,0.0000,0.0
936157,0.0000,0.0000,0.0
937158,0.0000,0.0000,0.0
938159,0.0000,0.0000,0.0
939160,0.0000,0.0000,0.0
940161,0.0645,0.0645,27.1
941162,0.0637,0.0637,26.8
942163,0.0645,0.0645,27.1
943164,0.0637,0.0637,26.8
944165,0.0637,0.0637,26.8
945166,0.0645,0.0645,27.1
946167,0.0645,0.0645,27.1
947168,0.0621,0.0621,26.1
948169,0.0604,0.0604,25.5
949170,0.0588,0.0588,24.8
950171,0.0604,0.0604,25.5
951172,0.0645,0.0645,27.1
952173,0.0621,0.0621,26.1
953174,0.0645,0.0645,27.1
954175,0.0604,0.0604,25.5
955176,0.0588,0.0588,24.8
956177,0.0621,0.0621,26.1
957178,0.0637,0.0637,26.8
958179,0.0637,0.0637,26.8
959180,0.0588,0.0588,24.8
960181,0.0604,0.0604,25.5
961182,0.0596,0.0596,25.1
962183,0.0637,0.0637,26.8
963184,0.0612,0.0612,25.8
964185,0.0621,0.0621,26.1
965186,0.0572,0.0572,24.1
966187,0.0621,0.0621,26.1
967188,0.0621,0.0621,26.1
968189,0.0637,0.0637,26.8
969190,0.0596,0.0596,25.1
970191,0.0621,0.0621,26.1
971192,0.0612,0.0612,25.8
972193,0.0612,0.0612,25.8
973194,0.0604,0.0604,25.5
974195,0.0629,0.0629,26.5
975196,0.0604,0.0604,25.5
976197,0.0645,0.0645,27.1
977198,0.0604,0.0604,25.5
978199,0.0596,0.0596,25.1
979200,0.0604,0.0604,25.5
980201,0.0637,0.0637,26.8
981202,0.0604,0.0604,25.5
982203,0.0604,0.0604,25.5
983204,0.0645,0.0645,27.1
984205,0.0645,0.0645,27.1
985206,0.0612,0.0612,25.8
986207,0.0612,0.0612,25.8
987208,0.0637,0.0637,26.8
988209,0.0621,0.0621,26.1
989210,0.0629,0.0629,26.5
990211,0.0645,0.0645,27.1
991212,0.0524,0.0524,22.1
992213,0.0000,0.0000,0.0
993214,0.0000,0.0000,0.0
994215,0.0000,0.0000,0.0
995216,0.0000,0.0000,0.0
996217,0.0000,0.0000,0.0
997218,0.0000,0.0000,0.0
998219,0.0000,0.0000,0.0
999220,0.0000,0.0000,0.0
1000221,0.0000,0.0000,0.0
1001222,0.0000,0.0000,0.0
1002223,0.0000,0.0000,0.0
1003224,0.0000,0.0000,0.0
1004225,0.0000,0.0000,0.0
1005226,0.0000,0.0000,0.0
1006227,0.0000,0.0000,0.0
1007228,0.0000,0.0000,0.0
1008229,0.0000,0.0000,0.0
1009230,0.0000,0.0000,0.0
1010231,0.0000,0.0000,0.0
1011232,0.0000,0.0000,0.0
1012233,0.0000,0.0000,0.0
1013234,0.0000,0.0000,0.0
1014235,0.0000,0.0000,0.0
1015236,0.0000,0.0000,0.0
1016237,0.0000,0.0000,0.0
1017238,0.0000,0.0000,0.0
1018239,0.0000,0.0000,0.0
1019240,0.0000,0.0000,0.0
1020241,0.0000,0.0000,0.0
1021242,0.0000,0.0000,0.0
1022243,0.0000,0.0000,0.0
1023244,0.0000,0.0000,0.0
1024245,0.0000,0.0000,0.0
1025246,0.0000,0.0000,0.0
1026247,0.0000,0.0000,0.0
1027248,0.0000,0.0000,0.0
1028249,0.0000,0.0000,0.0
1029250,0.0000,0.0000,0.0
1030251,0.0000,0.0000,0.0
1031252,0.0000,0.0000,0.0
1032253,0.0000,0.0000,0.0
1033254,0.0000,0.0000,0.0
1034255,0.0000,0.0000,0.0
1035256,0.0000,0.0000,0.0
1036257,0.0000,0.0000,0.0
1037258,0.0000,0.0000,0.0
1038259,0.0000,0.0000,0.0
1039260,0.0000,0.0000,0.0
1040261,0.0000,0.0000,0.0
1041262,0.0000,0.0000,0.0
1042263,0.0000,0.0000,0.0
1043264,0.0000,0.0000,0.0
1044265,0.0000,0.0000,0.0
1045266,0.0000,0.0000,0.0
1046267,0.0000,0.0000,0.0
1047268,0.0000,0.0000,0.0
1048269,0.0000,0.0000,0.0
1049270,0.0000,0.0000,0.0
1050271,0.0000,0.0000,0.0
1051272,0.0000,0.0000,0.0
1052273,0.0000,0.0000,0.0
1053274,0.0000,0.0000,0.0
1054275,0.0000,0.0000,0.0
1055276,0.0000,0.0000,0.0
1056277,0.0000,0.0000,0.0
1057278,0.0000,0.0000,0.0
1058279,0.0000,0.0000,0.0
1059280,0.0000,0.0000,0.0
1060281,0.0000,0.0000,0.0
1061282,0.0000,0.0000,0.0
1062283,0.0000,0.0000,0.0
1063284,0.0000,0.0000,0.0
1064285,0.0000,0.0000,0.0
1065286,0.0000,0.0000,0.0
1066287,0.0000,0.0000,0.0
1067288,0.0000,0.0000,0.0
1068289,0.0000,0.0000,0.0
1069290,0.0000,0.0000,0.0
1070291,0.0000,0.0000,0.0
1071292,0.0000,0.0000,0.0
1072293,0.0000,0.0000,0.0
1073294,0.0000,0.0000,0.0
1074295,0.0000,0.0000,0.0
1075296,0.0000,0.0000,0.0
1076297,0.0000,0.0000,0.0
1077298,0.0000,0.0000,0.0
1078299,0.0000,0.0000,0.0
1079300,0.0000,0.0000,0.0
1080301,0.0000,0.0000,0.0
1081302,0.0000,0.0000,0.0
1082303,0.0000,0.0000,0.0
1083304,0.0000,0.0000,0.0
1084305,0.0000,0.0000,0.0
1085306,0.0000,0.0000,0.0
1086307,0.0000,0.0000,0.0
1087308,0.0000,0.0000,0.0
1088309,0.0000,0.0000,0.0
1089310,0.0000,0.0000,0.0
1090311,0.0000,0.0000,0.0
1091312,0.0000,0.0000,0.0
1092313,0.0000,0.0000,0.0
1093314,0.0000,0.0000,0.0
1094315,0.0000,0.0000,0.0
1095316,0.0000,0.0000,0.0
1096317,0.0000,0.0000,0.0
1097318,0.0000,0.0000,0.0
1098319,0.0000,0.0000,0.0
1099320,0.0000,0.0000,0.0
1100321,0.0000,0.0000,0.0
1101322,0.0000,0.0000,0.0
1102323,0.0000,0.0000,0.0
1103324,0.0000,0.0000,0.0
1104325,0.0000,0.0000,0.0
1105326,0.0000,0.0000,0.0
1106327,0.0000,0.0000,0.0
1107328,0.0000,0.0000,0.0
1108329,0.0000,0.0000,0.0
1109330,0.0000,0.0000,0.0
1110331,0.0000,0.0000,0.0
1111332,0.0000,0.0000,0.0
1112333,0.0000,0.0000,0.0
1113334,0.0000,0.0000,0.0
1114335,0.0000,0.0000,0.0
1115336,0.0000,0.0000,0.0
1116337,0.0000,0.0000,0.0
1117338,0.0000,0.0000,0.0
1118339,0.0000,0.0000,0.0
1119340,0.0000,0.0000,0.0
1120341,0.0000,0.0000,0.0
1121342,0.0000,0.0000,0.0
1122343,0.0000,0.0000,0.0
1123344,0.0000,0.0000,0.0
1124345,0.0000,0.0000,0.0
1125346,0.0000,0.0000,0.0
1126347,0.0000,0.0000,0.0
1127348,0.0000,0.0000,0.0
1128349,0.0000,0.0000,0.0
1129350,0.0000,0.0000,0.0
1130351,0.0000,0.0000,0.0
1131352,0.0000,0.0000,0.0
1132353,0.0000,0.0000,0.0
1133354,0.0000,0.0000,0.0
1134355,0.0000,0.0000,0.0
1135356,0.0000,0.0000,0.0
1136357,0.0000,0.0000,0.0
1137358,0.0000,0.0000,0.0
1138359,1.9260,1.9260,827.7
1139360,2.2306,2.2306,1060.1
1140361,2.2282,2.2282,1058.1
1141362,2.2298,2.2298,1059.4
1142363,1.8108,1.8108,752.9
1143364,1.7407,1.7407,710.4
1144365,1.6166,1.6166,640.5
1145366,0.0000,0.0000,0.0
1146367,0.0000,0.0000,0.0
1147368,0.0000,0.0000,0.0
1148369,0.0000,0.0000,0.0
1149370,0.0000,0.0000,0.0
1150371,0.0000,0.0000,0.0
1151372,0.0000,0.0000,0.0
1152373,0.0000,0.0000,0.0
1153374,0.0000,0.0000,0.0
1154375,0.0000,0.0000,0.0
1155376,0.0000,0.0000,0.0
1156377,0.0000,0.0000,0.0
1157378,0.0000,0.0000,0.0
1158379,1.9792,1.9792,864.5
1159380,1.9864,1.9864,869.7
1160381,1.9937,1.9937,874.8
1161382,2.0018,2.0018,880.6
1162383,1.9985,1.9985,878.3
1163384,1.9961,1.9961,876.6
1164385,2.0001,2.0001,879.5
1165386,2.0050,2.0050,882.9
1166387,2.0130,2.0130,888.8
1167388,2.0066,2.0066,884.1
1168389,2.0026,2.0026,881.2
1169390,0.6842,0.6842,254.8
1170391,0.0000,0.0000,0.0
1171392,0.0000,0.0000,0.0
1172393,0.0000,0.0000,0.0
1173394,0.0000,0.0000,0.0
1174395,0.0000,0.0000,0.0
1175396,0.0000,0.0000,0.0
1176397,0.0000,0.0000,0.0
1177398,0.0000,0.0000,0.0
1178399,0.0000,0.0000,0.0
1179400,0.0000,0.0000,0.0
1180401,0.0000,0.0000,0.0
1181402,0.0000,0.0000,0.0
1182403,0.0000,0.0000,0.0
1183404,0.0000,0.0000,0.0
1184405,0.0000,0.0000,0.0
1185406,0.0000,0.0000,0.0
1186407,0.0000,0.0000,0.0
1187408,0.0000,0.0000,0.0
1188409,0.0000,0.0000,0.0
1189410,0.0000,0.0000,0.0
1190411,0.0000,0.0000,0.0
1191412,0.0000,0.0000,0.0
1192413,0.0000,0.0000,0.0
1193414,0.0000,0.0000,0.0
1194415,0.0000,0.0000,0.0
1195416,0.0000,0.0000,0.0
1196417,0.0000,0.0000,0.0
1197418,0.0000,0.0000,0.0
1198419,0.0000,0.0000,0.0
1199420,0.0000,0.0000,0.0
1200421,0.0000,0.0000,0.0
1201422,0.0000,0.0000,0.0
1202423,0.0000,0.0000,0.0